timestamp,hour,day_of_week,month,consumption_kwh
2025-01-01 00:00:00,0,2,1,1.2497969217708906
2025-01-01 01:00:00,1,2,1,0.9446942795315262
2025-01-01 02:00:00,2,2,1,1.3101866758066745
2025-01-01 03:00:00,3,2,1,1.8101738368865523
2025-01-01 04:00:00,4,2,1,1.3456784783308442
2025-01-01 05:00:00,5,2,1,1.6563452172203277
2025-01-01 06:00:00,6,2,1,4.743456558549175
2025-01-01 07:00:00,7,2,1,4.806973891661164
2025-01-01 08:00:00,8,2,1,4.700438813279801
2025-01-01 09:00:00,9,2,1,5.467024017434386
2025-01-01 10:00:00,10,2,1,3.3752930946548365
2025-01-01 11:00:00,11,2,1,3.6127462042485554
2025-01-01 12:00:00,12,2,1,4.045673648060016
2025-01-01 13:00:00,13,2,1,3.234687902136881
2025-01-01 14:00:00,14,2,1,3.2589216064283892
2025-01-01 15:00:00,15,2,1,3.574123093980269
2025-01-01 16:00:00,16,2,1,3.1555277236460517
2025-01-01 17:00:00,17,2,1,6.37569893303811
2025-01-01 18:00:00,18,2,1,5.525018937445298
2025-01-01 19:00:00,19,2,1,4.9350785194658835
2025-01-01 20:00:00,20,2,1,5.69803093991484
2025-01-01 21:00:00,21,2,1,4.659689479805386
2025-01-01 22:00:00,22,2,1,4.466351110095348
2025-01-01 23:00:00,23,2,1,0.6310626198379595
2025-01-02 00:00:00,0,3,1,0.8333581707563245
2025-01-02 01:00:00,1,3,1,1.0443690358839464
2025-01-02 02:00:00,2,3,1,0.5907138295974763
2025-01-02 03:00:00,3,3,1,1.3512411016616108
2025-01-02 04:00:00,4,3,1,1.1990843522526566
2025-01-02 05:00:00,5,3,1,1.6333225000826892
2025-01-02 06:00:00,6,3,1,3.8710887874544597
2025-01-02 07:00:00,7,3,1,5.240911273803575
2025-01-02 08:00:00,8,3,1,4.8828296777586075
2025-01-02 09:00:00,9,3,1,4.82691562841764
2025-01-02 10:00:00,10,3,1,3.889678136621097
2025-01-02 11:00:00,11,3,1,3.3107006456882493
2025-01-02 12:00:00,12,3,1,4.032434177435505
2025-01-02 13:00:00,13,3,1,3.21613195044809
2025-01-02 14:00:00,14,3,1,3.41761431987423
2025-01-02 15:00:00,15,3,1,3.8777826000243074
2025-01-02 16:00:00,16,3,1,3.8560468037779856
2025-01-02 17:00:00,17,3,1,6.318547312475988
2025-01-02 18:00:00,18,3,1,5.841969254698485
2025-01-02 19:00:00,19,3,1,5.3795585217642845
2025-01-02 20:00:00,20,3,1,4.5203626361992475
2025-01-02 21:00:00,21,3,1,4.4620623166421165
2025-01-02 22:00:00,22,3,1,4.255084319836264
2025-01-02 23:00:00,23,3,1,1.6238107848109085
2025-01-03 00:00:00,0,4,1,1.188558576393782
2025-01-03 01:00:00,1,4,1,0.2947839378549064
2025-01-03 02:00:00,2,4,1,1.1807448483243155
2025-01-03 03:00:00,3,4,1,1.0469289821568153
2025-01-03 04:00:00,4,4,1,1.168571028097795
2025-01-03 05:00:00,5,4,1,1.994670515536347
2025-01-03 06:00:00,6,4,1,4.5241712413445985
2025-01-03 07:00:00,7,4,1,4.872512047646479
2025-01-03 08:00:00,8,4,1,4.552541558364726
2025-01-03 09:00:00,9,4,1,5.126315049659514
2025-01-03 10:00:00,10,4,1,3.693165544341247
2025-01-03 11:00:00,11,4,1,4.189256156525602
2025-01-03 12:00:00,12,4,1,3.7572190442954865
2025-01-03 13:00:00,13,4,1,3.925736409334473
2025-01-03 14:00:00,14,4,1,3.5063547498311913
2025-01-03 15:00:00,15,4,1,3.3205554560443895
2025-01-03 16:00:00,16,4,1,3.8856705007375005
2025-01-03 17:00:00,17,4,1,6.792496011428329
2025-01-03 18:00:00,18,4,1,5.859424519021648
2025-01-03 19:00:00,19,4,1,5.901413159156809
2025-01-03 20:00:00,20,4,1,5.256425842365272
2025-01-03 21:00:00,21,4,1,4.491952098157951
2025-01-03 22:00:00,22,4,1,4.583898070423545
2025-01-03 23:00:00,23,4,1,1.81617652090973
2025-01-04 00:00:00,0,5,1,1.836780844922417
2025-01-04 01:00:00,1,5,1,2.4258574623256024
2025-01-04 02:00:00,2,5,1,0.8032132189304997
2025-01-04 03:00:00,3,5,1,2.3297228960734313
2025-01-04 04:00:00,4,5,1,2.274158655515447
2025-01-04 05:00:00,5,5,1,2.430397059813653
2025-01-04 06:00:00,6,5,1,4.94847574296042
2025-01-04 07:00:00,7,5,1,4.504972434159643
2025-01-04 08:00:00,8,5,1,5.600359812518777
2025-01-04 09:00:00,9,5,1,6.192845028604698
2025-01-04 10:00:00,10,5,1,4.951817789676428
2025-01-04 11:00:00,11,5,1,4.391730018367199
2025-01-04 12:00:00,12,5,1,4.425491298276327
2025-01-04 13:00:00,13,5,1,4.599297182566185
2025-01-04 14:00:00,14,5,1,5.115049586514432
2025-01-04 15:00:00,15,5,1,4.730538549540531
2025-01-04 16:00:00,16,5,1,4.1487560902730065
2025-01-04 17:00:00,17,5,1,7.255306973245342
2025-01-04 18:00:00,18,5,1,6.727059587392998
2025-01-04 19:00:00,19,5,1,6.687457996213156
2025-01-04 20:00:00,20,5,1,5.630950194795277
2025-01-04 21:00:00,21,5,1,5.418935141360892
2025-01-04 22:00:00,22,5,1,5.082496566967316
2025-01-04 23:00:00,23,5,1,1.4155559150704948
2025-01-05 00:00:00,0,6,1,1.969559371392228
2025-01-05 01:00:00,1,6,1,1.9044221088719557
2025-01-05 02:00:00,2,6,1,1.853156643223382
2025-01-05 03:00:00,3,6,1,1.907127040973283
2025-01-05 04:00:00,4,6,1,1.673191531400013
2025-01-05 05:00:00,5,6,1,2.381741870893856
2025-01-05 06:00:00,6,6,1,4.77468562573551
2025-01-05 07:00:00,7,6,1,4.979089092311352
2025-01-05 08:00:00,8,6,1,5.623714282987378
2025-01-05 09:00:00,9,6,1,6.211620342725816
2025-01-05 10:00:00,10,6,1,5.115134532264034
2025-01-05 11:00:00,11,6,1,4.668869230809394
2025-01-05 12:00:00,12,6,1,4.851908895722708
2025-01-05 13:00:00,13,6,1,4.770221633693533
2025-01-05 14:00:00,14,6,1,3.9813802533139855
2025-01-05 15:00:00,15,6,1,4.588432555496971
2025-01-05 16:00:00,16,6,1,4.384752255756232
2025-01-05 17:00:00,17,6,1,8.035296844994114
2025-01-05 18:00:00,18,6,1,6.611284181741333
2025-01-05 19:00:00,19,6,1,6.420618936933445
2025-01-05 20:00:00,20,6,1,5.897886724464121
2025-01-05 21:00:00,21,6,1,5.082528784952187
2025-01-05 22:00:00,22,6,1,5.696468954026187
2025-01-05 23:00:00,23,6,1,2.301735107398052
2025-01-06 00:00:00,0,0,1,1.3675240393836163
2025-01-06 01:00:00,1,0,1,0.6362450180821044
2025-01-06 02:00:00,2,0,1,1.6122289849408373
2025-01-06 03:00:00,3,0,1,0.6402214692064296
2025-01-06 04:00:00,4,0,1,1.6740826657402867
2025-01-06 05:00:00,5,0,1,2.6261822503239913
2025-01-06 06:00:00,6,0,1,3.715556902293943
2025-01-06 07:00:00,7,0,1,4.273480908158891
2025-01-06 08:00:00,8,0,1,4.928089113688838
2025-01-06 09:00:00,9,0,1,5.0486097383535204
2025-01-06 10:00:00,10,0,1,2.9403947993533683
2025-01-06 11:00:00,11,0,1,3.8264632955990687
2025-01-06 12:00:00,12,0,1,3.5239672539431606
2025-01-06 13:00:00,13,0,1,4.1894369722540725
2025-01-06 14:00:00,14,0,1,3.581119045740081
2025-01-06 15:00:00,15,0,1,4.419011867683674
2025-01-06 16:00:00,16,0,1,3.2473588548453267
2025-01-06 17:00:00,17,0,1,6.1211753935177295
2025-01-06 18:00:00,18,0,1,6.21363545460165
2025-01-06 19:00:00,19,0,1,5.007654273426418
2025-01-06 20:00:00,20,0,1,5.20275540618787
2025-01-06 21:00:00,21,0,1,5.2728571017129715
2025-01-06 22:00:00,22,0,1,3.796346534395688
2025-01-06 23:00:00,23,0,1,1.274815437736264
2025-01-07 00:00:00,0,1,1,1.1550643782657668
2025-01-07 01:00:00,1,1,1,1.312729148710924
2025-01-07 02:00:00,2,1,1,0.5563309762151647
2025-01-07 03:00:00,3,1,1,0.6727792490896315
2025-01-07 04:00:00,4,1,1,1.6481164544669378
2025-01-07 05:00:00,5,1,1,1.8687938692932744
2025-01-07 06:00:00,6,1,1,4.211968572484569
2025-01-07 07:00:00,7,1,1,4.638579283798791
2025-01-07 08:00:00,8,1,1,4.616218679022385
2025-01-07 09:00:00,9,1,1,5.342901478864402
2025-01-07 10:00:00,10,1,1,3.677889161099294
2025-01-07 11:00:00,11,1,1,3.513297538466111
2025-01-07 12:00:00,12,1,1,4.695198543891506
2025-01-07 13:00:00,13,1,1,4.189533168364715
2025-01-07 14:00:00,14,1,1,3.472367340552543
2025-01-07 15:00:00,15,1,1,4.06165954913019
2025-01-07 16:00:00,16,1,1,3.170787503688893
2025-01-07 17:00:00,17,1,1,6.564833841496981
2025-01-07 18:00:00,18,1,1,6.351666799256743
2025-01-07 19:00:00,19,1,1,5.171727072659316
2025-01-07 20:00:00,20,1,1,5.497121884043947
2025-01-07 21:00:00,21,1,1,4.915112370774599
2025-01-07 22:00:00,22,1,1,4.768163892217975
2025-01-07 23:00:00,23,1,1,1.9596790873849212
2025-01-08 00:00:00,0,2,1,0.9529560141652493
2025-01-08 01:00:00,1,2,1,0.6985055342570041
2025-01-08 02:00:00,2,2,1,0.6953054887161881
2025-01-08 03:00:00,3,2,1,0.8746377803371667
2025-01-08 04:00:00,4,2,1,1.408499144454537
2025-01-08 05:00:00,5,2,1,1.8864607899266574
2025-01-08 06:00:00,6,2,1,4.222447752078226
2025-01-08 07:00:00,7,2,1,4.830873299614409
2025-01-08 08:00:00,8,2,1,4.893429324404944
2025-01-08 09:00:00,9,2,1,5.831413630862927
2025-01-08 10:00:00,10,2,1,3.454797438484639
2025-01-08 11:00:00,11,2,1,4.8871057723125055
2025-01-08 12:00:00,12,2,1,4.199155678539605
2025-01-08 13:00:00,13,2,1,3.657136977433487
2025-01-08 14:00:00,14,2,1,3.5205317402091576
2025-01-08 15:00:00,15,2,1,3.992027071773932
2025-01-08 16:00:00,16,2,1,3.471275057649481
2025-01-08 17:00:00,17,2,1,6.535600197636837
2025-01-08 18:00:00,18,2,1,6.0775236174832
2025-01-08 19:00:00,19,2,1,5.470868434937251
2025-01-08 20:00:00,20,2,1,4.773053945118856
2025-01-08 21:00:00,21,2,1,4.144061110125654
2025-01-08 22:00:00,22,2,1,4.260733847393371
2025-01-08 23:00:00,23,2,1,1.5435214120527312
2025-01-09 00:00:00,0,3,1,1.136748758218479
2025-01-09 01:00:00,1,3,1,0.5017044885152048
2025-01-09 02:00:00,2,3,1,1.1203836309068702
2025-01-09 03:00:00,3,3,1,1.3550888462148767
2025-01-09 04:00:00,4,3,1,1.0857968537397253
2025-01-09 05:00:00,5,3,1,1.8114900423782112
2025-01-09 06:00:00,6,3,1,4.1350549197246185
2025-01-09 07:00:00,7,3,1,4.042811880867751
2025-01-09 08:00:00,8,3,1,5.031343511793095
2025-01-09 09:00:00,9,3,1,5.474313810547294
2025-01-09 10:00:00,10,3,1,3.993880669049932
2025-01-09 11:00:00,11,3,1,4.220558926490619
2025-01-09 12:00:00,12,3,1,3.3978209922507663
2025-01-09 13:00:00,13,3,1,3.6248699840339507
2025-01-09 14:00:00,14,3,1,4.154902846317066
2025-01-09 15:00:00,15,3,1,4.004552486041542
2025-01-09 16:00:00,16,3,1,3.7666792463022407
2025-01-09 17:00:00,17,3,1,7.791092596261889
2025-01-09 18:00:00,18,3,1,6.116584771931048
2025-01-09 19:00:00,19,3,1,5.954226256072239
2025-01-09 20:00:00,20,3,1,5.493372137743499
2025-01-09 21:00:00,21,3,1,5.010556500522319
2025-01-09 22:00:00,22,3,1,4.313232130364041
2025-01-09 23:00:00,23,3,1,1.5045495825206492
2025-01-10 00:00:00,0,4,1,0.7419811747513687
2025-01-10 01:00:00,1,4,1,0.9052725573039965
2025-01-10 02:00:00,2,4,1,0.8569658414347561
2025-01-10 03:00:00,3,4,1,1.233711550077871
2025-01-10 04:00:00,4,4,1,2.365203254889582
2025-01-10 05:00:00,5,4,1,1.0030939229633007
2025-01-10 06:00:00,6,4,1,4.386275508496023
2025-01-10 07:00:00,7,4,1,3.8549136515241393
2025-01-10 08:00:00,8,4,1,4.699455821338008
2025-01-10 09:00:00,9,4,1,5.6855802387869465
2025-01-10 10:00:00,10,4,1,3.5863721794180066
2025-01-10 11:00:00,11,4,1,3.3679401945049356
2025-01-10 12:00:00,12,4,1,3.6627672557296154
2025-01-10 13:00:00,13,4,1,4.27183909957387
2025-01-10 14:00:00,14,4,1,3.656742086746748
2025-01-10 15:00:00,15,4,1,3.885621541509448
2025-01-10 16:00:00,16,4,1,3.578888907741347
2025-01-10 17:00:00,17,4,1,5.9893598609576735
2025-01-10 18:00:00,18,4,1,6.745806203383912
2025-01-10 19:00:00,19,4,1,5.753567608927204
2025-01-10 20:00:00,20,4,1,4.301714397683176
2025-01-10 21:00:00,21,4,1,4.8245817259077715
2025-01-10 22:00:00,22,4,1,4.174625242312824
2025-01-10 23:00:00,23,4,1,1.5419352282418317
2025-01-11 00:00:00,0,5,1,1.5341029651933171
2025-01-11 01:00:00,1,5,1,1.7541054234132405
2025-01-11 02:00:00,2,5,1,2.0531061721585804
2025-01-11 03:00:00,3,5,1,2.3472639719913904
2025-01-11 04:00:00,4,5,1,1.7592212653978683
2025-01-11 05:00:00,5,5,1,2.4161995056636205
2025-01-11 06:00:00,6,5,1,4.7217933078818355
2025-01-11 07:00:00,7,5,1,5.038668306970515
2025-01-11 08:00:00,8,5,1,6.39441026376622
2025-01-11 09:00:00,9,5,1,6.2119926843843825
2025-01-11 10:00:00,10,5,1,3.8563065900458033
2025-01-11 11:00:00,11,5,1,4.9661828844985685
2025-01-11 12:00:00,12,5,1,5.597751218238656
2025-01-11 13:00:00,13,5,1,5.212986104220459
2025-01-11 14:00:00,14,5,1,4.141140753051997
2025-01-11 15:00:00,15,5,1,4.405344476530157
2025-01-11 16:00:00,16,5,1,4.867424631454471
2025-01-11 17:00:00,17,5,1,6.766932213752487
2025-01-11 18:00:00,18,5,1,6.865756338912273
2025-01-11 19:00:00,19,5,1,6.609853621371735
2025-01-11 20:00:00,20,5,1,5.540999243714985
2025-01-11 21:00:00,21,5,1,5.52618985757528
2025-01-11 22:00:00,22,5,1,3.9428328921925497
2025-01-11 23:00:00,23,5,1,1.5912068377896262
2025-01-12 00:00:00,0,6,1,1.7500840000091333
2025-01-12 01:00:00,1,6,1,1.3008867272140603
2025-01-12 02:00:00,2,6,1,2.5040757821390516
2025-01-12 03:00:00,3,6,1,1.4289053431390886
2025-01-12 04:00:00,4,6,1,2.063322033541385
2025-01-12 05:00:00,5,6,1,2.6022962309144364
2025-01-12 06:00:00,6,6,1,5.488280747972665
2025-01-12 07:00:00,7,6,1,4.725655139528224
2025-01-12 08:00:00,8,6,1,6.153494068515765
2025-01-12 09:00:00,9,6,1,6.0540932244078345
2025-01-12 10:00:00,10,6,1,3.9680567113606413
2025-01-12 11:00:00,11,6,1,4.783879495381966
2025-01-12 12:00:00,12,6,1,4.82851261766299
2025-01-12 13:00:00,13,6,1,4.559913249136482
2025-01-12 14:00:00,14,6,1,4.77680957342961
2025-01-12 15:00:00,15,6,1,4.444912666931954
2025-01-12 16:00:00,16,6,1,4.406067109880321
2025-01-12 17:00:00,17,6,1,7.314852269808418
2025-01-12 18:00:00,18,6,1,7.322635294111922
2025-01-12 19:00:00,19,6,1,5.80487380046926
2025-01-12 20:00:00,20,6,1,6.764984782208725
2025-01-12 21:00:00,21,6,1,4.769164880190999
2025-01-12 22:00:00,22,6,1,5.178625790205945
2025-01-12 23:00:00,23,6,1,2.236288776917173
2025-01-13 00:00:00,0,0,1,1.1635080076604105
2025-01-13 01:00:00,1,0,1,0.7509201920717625
2025-01-13 02:00:00,2,0,1,0.9678623604234874
2025-01-13 03:00:00,3,0,1,1.003761520459809
2025-01-13 04:00:00,4,0,1,1.2035939254424939
2025-01-13 05:00:00,5,0,1,2.08984083880841
2025-01-13 06:00:00,6,0,1,4.254577626732237
2025-01-13 07:00:00,7,0,1,4.222836161895739
2025-01-13 08:00:00,8,0,1,5.248068517827082
2025-01-13 09:00:00,9,0,1,5.372919808350644
2025-01-13 10:00:00,10,0,1,3.8858050193154057
2025-01-13 11:00:00,11,0,1,4.050889642446103
2025-01-13 12:00:00,12,0,1,3.6172907350647736
2025-01-13 13:00:00,13,0,1,3.775927583921212
2025-01-13 14:00:00,14,0,1,4.247806181482908
2025-01-13 15:00:00,15,0,1,4.043186211850044
2025-01-13 16:00:00,16,0,1,3.5522995341941623
2025-01-13 17:00:00,17,0,1,6.296930953323513
2025-01-13 18:00:00,18,0,1,6.399294525969151
2025-01-13 19:00:00,19,0,1,5.263371444465668
2025-01-13 20:00:00,20,0,1,5.330610384814234
2025-01-13 21:00:00,21,0,1,4.669122939026442
2025-01-13 22:00:00,22,0,1,4.352267346929291
2025-01-13 23:00:00,23,0,1,1.6404726351182184
2025-01-14 00:00:00,0,1,1,1.3812778001616095
2025-01-14 01:00:00,1,1,1,1.3254038544002555
2025-01-14 02:00:00,2,1,1,1.573302783428129
2025-01-14 03:00:00,3,1,1,1.2093634309764456
2025-01-14 04:00:00,4,1,1,1.7121210167381642
2025-01-14 05:00:00,5,1,1,1.6258932973626177
2025-01-14 06:00:00,6,1,1,4.241437973341595
2025-01-14 07:00:00,7,1,1,4.447942778252926
2025-01-14 08:00:00,8,1,1,4.927026953650869
2025-01-14 09:00:00,9,1,1,5.488062810174766
2025-01-14 10:00:00,10,1,1,3.2333718984864324
2025-01-14 11:00:00,11,1,1,4.6359930159508425
2025-01-14 12:00:00,12,1,1,3.5464817868337217
2025-01-14 13:00:00,13,1,1,3.514324554884907
2025-01-14 14:00:00,14,1,1,4.412133088833629
2025-01-14 15:00:00,15,1,1,4.115703183261832
2025-01-14 16:00:00,16,1,1,3.8103080986006836
2025-01-14 17:00:00,17,1,1,6.501338203705712
2025-01-14 18:00:00,18,1,1,5.883329858515015
2025-01-14 19:00:00,19,1,1,5.141098251405667
2025-01-14 20:00:00,20,1,1,5.142093255623709
2025-01-14 21:00:00,21,1,1,4.479135315395156
2025-01-14 22:00:00,22,1,1,4.829387721587279
2025-01-14 23:00:00,23,1,1,1.1421389417224868
2025-01-15 00:00:00,0,2,1,0.7209123818493928
2025-01-15 01:00:00,1,2,1,0.8714456633388026
2025-01-15 02:00:00,2,2,1,1.2162838422766473
2025-01-15 03:00:00,3,2,1,0.9754720732017521
2025-01-15 04:00:00,4,2,1,1.110451669993606
2025-01-15 05:00:00,5,2,1,1.847474884596765
2025-01-15 06:00:00,6,2,1,4.209758060789707
2025-01-15 07:00:00,7,2,1,4.297222729851548
2025-01-15 08:00:00,8,2,1,4.699813245406452
2025-01-15 09:00:00,9,2,1,5.342819974943055
2025-01-15 10:00:00,10,2,1,2.9814264351808917
2025-01-15 11:00:00,11,2,1,3.236052595926036
2025-01-15 12:00:00,12,2,1,3.6615110509326283
2025-01-15 13:00:00,13,2,1,3.914621139315261
2025-01-15 14:00:00,14,2,1,4.073251765672804
2025-01-15 15:00:00,15,2,1,4.389180592456479
2025-01-15 16:00:00,16,2,1,3.903724021060629
2025-01-15 17:00:00,17,2,1,6.186024588014629
2025-01-15 18:00:00,18,2,1,5.880622084492706
2025-01-15 19:00:00,19,2,1,5.098988254144876
2025-01-15 20:00:00,20,2,1,5.104366177949262
2025-01-15 21:00:00,21,2,1,4.634536544431945
2025-01-15 22:00:00,22,2,1,4.568427252355415
2025-01-15 23:00:00,23,2,1,0.8700695169024131
2025-01-16 00:00:00,0,3,1,1.2588498662628664
2025-01-16 01:00:00,1,3,1,1.6130955652010313
2025-01-16 02:00:00,2,3,1,1.0076072011836543
2025-01-16 03:00:00,3,3,1,1.3616465831629185
2025-01-16 04:00:00,4,3,1,1.7153974249046235
2025-01-16 05:00:00,5,3,1,1.5895118112456654
2025-01-16 06:00:00,6,3,1,4.201408425070385
2025-01-16 07:00:00,7,3,1,4.505036960312718
2025-01-16 08:00:00,8,3,1,4.927299007073314
2025-01-16 09:00:00,9,3,1,4.940796086457813
2025-01-16 10:00:00,10,3,1,3.5704642414833985
2025-01-16 11:00:00,11,3,1,3.998237422174838
2025-01-16 12:00:00,12,3,1,4.5293461825516195
2025-01-16 13:00:00,13,3,1,4.383708330434083
2025-01-16 14:00:00,14,3,1,4.810161722438226
2025-01-16 15:00:00,15,3,1,3.492099080521438
2025-01-16 16:00:00,16,3,1,3.9095884264680927
2025-01-16 17:00:00,17,3,1,6.323336802295341
2025-01-16 18:00:00,18,3,1,6.764149740940851
2025-01-16 19:00:00,19,3,1,5.1766806858579395
2025-01-16 20:00:00,20,3,1,4.775882695473908
2025-01-16 21:00:00,21,3,1,4.5102429418223915
2025-01-16 22:00:00,22,3,1,3.5897815384962564
2025-01-16 23:00:00,23,3,1,0.9906598856510378
2025-01-17 00:00:00,0,4,1,0.7474581959449182
2025-01-17 01:00:00,1,4,1,1.0601575145904831
2025-01-17 02:00:00,2,4,1,1.1878136508772612
2025-01-17 03:00:00,3,4,1,1.9514302300096964
2025-01-17 04:00:00,4,4,1,1.8195093634945987
2025-01-17 05:00:00,5,4,1,1.5192385377350388
2025-01-17 06:00:00,6,4,1,3.7524055638068754
2025-01-17 07:00:00,7,4,1,4.696767668602602
2025-01-17 08:00:00,8,4,1,4.360135284845525
2025-01-17 09:00:00,9,4,1,5.982583506341742
2025-01-17 10:00:00,10,4,1,4.032436220068337
2025-01-17 11:00:00,11,4,1,3.611367844834776
2025-01-17 12:00:00,12,4,1,3.2636349277972516
2025-01-17 13:00:00,13,4,1,4.541548949666165
2025-01-17 14:00:00,14,4,1,3.9030728013325553
2025-01-17 15:00:00,15,4,1,4.294164630466042
2025-01-17 16:00:00,16,4,1,2.9228891082620745
2025-01-17 17:00:00,17,4,1,6.010249990818491
2025-01-17 18:00:00,18,4,1,5.890326047541055
2025-01-17 19:00:00,19,4,1,5.518792237505897
2025-01-17 20:00:00,20,4,1,4.931745243754521
2025-01-17 21:00:00,21,4,1,4.999139972938999
2025-01-17 22:00:00,22,4,1,4.012291656467141
2025-01-17 23:00:00,23,4,1,1.1440101003148249
2025-01-18 00:00:00,0,5,1,1.899229513251157
2025-01-18 01:00:00,1,5,1,2.0057755336234995
2025-01-18 02:00:00,2,5,1,2.1357572118019537
2025-01-18 03:00:00,3,5,1,1.5511050575881942
2025-01-18 04:00:00,4,5,1,1.62569415992593
2025-01-18 05:00:00,5,5,1,3.0610707287594034
2025-01-18 06:00:00,6,5,1,5.044697037138055
2025-01-18 07:00:00,7,5,1,5.000605385377378
2025-01-18 08:00:00,8,5,1,6.30868935786279
2025-01-18 09:00:00,9,5,1,6.096269853717144
2025-01-18 10:00:00,10,5,1,4.832379045405352
2025-01-18 11:00:00,11,5,1,4.6260454982407015
2025-01-18 12:00:00,12,5,1,5.573187909386397
2025-01-18 13:00:00,13,5,1,5.502136336977282
2025-01-18 14:00:00,14,5,1,4.649303080041973
2025-01-18 15:00:00,15,5,1,4.9876664860584
2025-01-18 16:00:00,16,5,1,4.618810551613881
2025-01-18 17:00:00,17,5,1,7.5974526230129396
2025-01-18 18:00:00,18,5,1,6.302259183421739
2025-01-18 19:00:00,19,5,1,6.574420583999376
2025-01-18 20:00:00,20,5,1,6.335141227086053
2025-01-18 21:00:00,21,5,1,4.8465042054307546
2025-01-18 22:00:00,22,5,1,4.766036423153869
2025-01-18 23:00:00,23,5,1,1.185269023219302
2025-01-19 00:00:00,0,6,1,1.7433485267885744
2025-01-19 01:00:00,1,6,1,2.087016902318385
2025-01-19 02:00:00,2,6,1,2.4520540814048086
2025-01-19 03:00:00,3,6,1,2.030599806491252
2025-01-19 04:00:00,4,6,1,2.890786046448696
2025-01-19 05:00:00,5,6,1,1.997959416714043
2025-01-19 06:00:00,6,6,1,4.2304184566041565
2025-01-19 07:00:00,7,6,1,5.277780920441352
2025-01-19 08:00:00,8,6,1,5.841854747229505
2025-01-19 09:00:00,9,6,1,6.036922100762363
2025-01-19 10:00:00,10,6,1,3.533683331763871
2025-01-19 11:00:00,11,6,1,4.563390089871542
2025-01-19 12:00:00,12,6,1,4.227100939231661
2025-01-19 13:00:00,13,6,1,5.067869019532015
2025-01-19 14:00:00,14,6,1,4.895528037872341
2025-01-19 15:00:00,15,6,1,4.223086191145716
2025-01-19 16:00:00,16,6,1,4.155113404845144
2025-01-19 17:00:00,17,6,1,6.6263145912444195
2025-01-19 18:00:00,18,6,1,6.663156928744512
2025-01-19 19:00:00,19,6,1,6.682056928200495
2025-01-19 20:00:00,20,6,1,5.5174810138120005
2025-01-19 21:00:00,21,6,1,5.7516186062071375
2025-01-19 22:00:00,22,6,1,5.027236780871203
2025-01-19 23:00:00,23,6,1,1.6838127614184046
2025-01-20 00:00:00,0,0,1,1.0082991165845743
2025-01-20 01:00:00,1,0,1,0.5859030710322504
2025-01-20 02:00:00,2,0,1,0.8296515384275247
2025-01-20 03:00:00,3,0,1,0.7218107372878027
2025-01-20 04:00:00,4,0,1,2.2252298813867344
2025-01-20 05:00:00,5,0,1,1.7641054207886915
2025-01-20 06:00:00,6,0,1,3.831881229149184
2025-01-20 07:00:00,7,0,1,4.585591964293688
2025-01-20 08:00:00,8,0,1,4.843297347777449
2025-01-20 09:00:00,9,0,1,5.161612160186711
2025-01-20 10:00:00,10,0,1,3.8063268517971913
2025-01-20 11:00:00,11,0,1,4.10204118969558
2025-01-20 12:00:00,12,0,1,3.7366882803893917
2025-01-20 13:00:00,13,0,1,3.769672703742128
2025-01-20 14:00:00,14,0,1,3.838868060572945
2025-01-20 15:00:00,15,0,1,2.878269639782424
2025-01-20 16:00:00,16,0,1,2.9545837469004006
2025-01-20 17:00:00,17,0,1,6.79674970697781
2025-01-20 18:00:00,18,0,1,6.546215653054295
2025-01-20 19:00:00,19,0,1,5.400385584177449
2025-01-20 20:00:00,20,0,1,5.342394217568525
2025-01-20 21:00:00,21,0,1,4.874500061817415
2025-01-20 22:00:00,22,0,1,5.670892151602274
2025-01-20 23:00:00,23,0,1,1.648791858897173
2025-01-21 00:00:00,0,1,1,0.9999442239740909
2025-01-21 01:00:00,1,1,1,0.6177838237598297
2025-01-21 02:00:00,2,1,1,0.4085327324633684
2025-01-21 03:00:00,3,1,1,1.2823473486702313
2025-01-21 04:00:00,4,1,1,1.1367995301064573
2025-01-21 05:00:00,5,1,1,1.1810985161609304
2025-01-21 06:00:00,6,1,1,3.8531422786492078
2025-01-21 07:00:00,7,1,1,4.067380798554242
2025-01-21 08:00:00,8,1,1,5.563085221682807
2025-01-21 09:00:00,9,1,1,5.60265590277978
2025-01-21 10:00:00,10,1,1,3.5574711152531746
2025-01-21 11:00:00,11,1,1,4.391015761232668
2025-01-21 12:00:00,12,1,1,3.97983606249265
2025-01-21 13:00:00,13,1,1,3.6554863194686944
2025-01-21 14:00:00,14,1,1,4.5581383703414655
2025-01-21 15:00:00,15,1,1,4.014602123150522
2025-01-21 16:00:00,16,1,1,3.1457617100492388
2025-01-21 17:00:00,17,1,1,6.173864528766557
2025-01-21 18:00:00,18,1,1,5.537981266299878
2025-01-21 19:00:00,19,1,1,4.946880107614265
2025-01-21 20:00:00,20,1,1,5.482242451358875
2025-01-21 21:00:00,21,1,1,5.513766656188052
2025-01-21 22:00:00,22,1,1,3.8799127986925224
2025-01-21 23:00:00,23,1,1,1.4261495889995706
2025-01-22 00:00:00,0,2,1,0.7908542329176667
2025-01-22 01:00:00,1,2,1,0.8051498464941216
2025-01-22 02:00:00,2,2,1,0.8141536908708498
2025-01-22 03:00:00,3,2,1,0.8553655864514156
2025-01-22 04:00:00,4,2,1,1.4587484793981094
2025-01-22 05:00:00,5,2,1,1.417619953435585
2025-01-22 06:00:00,6,2,1,4.219954162658154
2025-01-22 07:00:00,7,2,1,4.479904756220345
2025-01-22 08:00:00,8,2,1,4.792649348907218
2025-01-22 09:00:00,9,2,1,4.886974535183361
2025-01-22 10:00:00,10,2,1,3.329951639552488
2025-01-22 11:00:00,11,2,1,4.101194596006961
2025-01-22 12:00:00,12,2,1,4.149255614483355
2025-01-22 13:00:00,13,2,1,3.6089779020805794
2025-01-22 14:00:00,14,2,1,3.988621661605293
2025-01-22 15:00:00,15,2,1,4.099592955025374
2025-01-22 16:00:00,16,2,1,2.8928980593312725
2025-01-22 17:00:00,17,2,1,6.467344076951974
2025-01-22 18:00:00,18,2,1,5.623179064075443
2025-01-22 19:00:00,19,2,1,5.728239467437263
2025-01-22 20:00:00,20,2,1,4.8064677697292115
2025-01-22 21:00:00,21,2,1,4.028047159734192
2025-01-22 22:00:00,22,2,1,3.788322853066914
2025-01-22 23:00:00,23,2,1,1.220195872987895
2025-01-23 00:00:00,0,3,1,1.1550002612549903
2025-01-23 01:00:00,1,3,1,0.6382733499582365
2025-01-23 02:00:00,2,3,1,1.306548244077347
2025-01-23 03:00:00,3,3,1,0.536353869415758
2025-01-23 04:00:00,4,3,1,1.412907908761252
2025-01-23 05:00:00,5,3,1,1.2655935200950172
2025-01-23 06:00:00,6,3,1,3.8510369892253546
2025-01-23 07:00:00,7,3,1,4.518959468526566
2025-01-23 08:00:00,8,3,1,4.544063221540201
2025-01-23 09:00:00,9,3,1,5.09617778230807
2025-01-23 10:00:00,10,3,1,3.9631772954655977
2025-01-23 11:00:00,11,3,1,3.5682813578673986
2025-01-23 12:00:00,12,3,1,4.28316558425966
2025-01-23 13:00:00,13,3,1,3.5481172581369527
2025-01-23 14:00:00,14,3,1,4.160810410599716
2025-01-23 15:00:00,15,3,1,4.375665553939818
2025-01-23 16:00:00,16,3,1,2.572002371728906
2025-01-23 17:00:00,17,3,1,5.931241897811809
2025-01-23 18:00:00,18,3,1,6.119057418525998
2025-01-23 19:00:00,19,3,1,5.418781845582803
2025-01-23 20:00:00,20,3,1,5.260229781694742
2025-01-23 21:00:00,21,3,1,4.508405925313672
2025-01-23 22:00:00,22,3,1,4.473975743209339
2025-01-23 23:00:00,23,3,1,1.1386910001665105
2025-01-24 00:00:00,0,4,1,1.5182240852303204
2025-01-24 01:00:00,1,4,1,1.1017683373204852
2025-01-24 02:00:00,2,4,1,1.1861523253964783
2025-01-24 03:00:00,3,4,1,1.036211107874355
2025-01-24 04:00:00,4,4,1,1.244297338591181
2025-01-24 05:00:00,5,4,1,1.5769767248721516
2025-01-24 06:00:00,6,4,1,4.269552289297537
2025-01-24 07:00:00,7,4,1,4.331606207671895
2025-01-24 08:00:00,8,4,1,5.004138510412346
2025-01-24 09:00:00,9,4,1,6.080160319458176
2025-01-24 10:00:00,10,4,1,3.9091100531524985
2025-01-24 11:00:00,11,4,1,3.6686286928095218
2025-01-24 12:00:00,12,4,1,4.42937430829918
2025-01-24 13:00:00,13,4,1,3.8367698507913794
2025-01-24 14:00:00,14,4,1,3.133638925362461
2025-01-24 15:00:00,15,4,1,3.3958035813096963
2025-01-24 16:00:00,16,4,1,2.812343403369479
2025-01-24 17:00:00,17,4,1,6.109394606383477
2025-01-24 18:00:00,18,4,1,5.895595919329602
2025-01-24 19:00:00,19,4,1,6.170574924910113
2025-01-24 20:00:00,20,4,1,5.242542381851884
2025-01-24 21:00:00,21,4,1,4.662359788476454
2025-01-24 22:00:00,22,4,1,4.771102060693575
2025-01-24 23:00:00,23,4,1,0.3165077707201881
2025-01-25 00:00:00,0,5,1,1.945357083809824
2025-01-25 01:00:00,1,5,1,2.1083460775547866
2025-01-25 02:00:00,2,5,1,1.259676762254461
2025-01-25 03:00:00,3,5,1,2.4584635116061135
2025-01-25 04:00:00,4,5,1,2.3747383912179445
2025-01-25 05:00:00,5,5,1,2.3838848344396792
2025-01-25 06:00:00,6,5,1,5.164884178788732
2025-01-25 07:00:00,7,5,1,6.208277143121759
2025-01-25 08:00:00,8,5,1,5.76097506967718
2025-01-25 09:00:00,9,5,1,6.149288234520134
2025-01-25 10:00:00,10,5,1,4.176915811963724
2025-01-25 11:00:00,11,5,1,4.259100357890741
2025-01-25 12:00:00,12,5,1,5.0810230660513005
2025-01-25 13:00:00,13,5,1,4.457566469636453
2025-01-25 14:00:00,14,5,1,4.777515234321359
2025-01-25 15:00:00,15,5,1,4.407975126970611
2025-01-25 16:00:00,16,5,1,4.552252102078379
2025-01-25 17:00:00,17,5,1,7.1834648421147795
2025-01-25 18:00:00,18,5,1,7.103244545356941
2025-01-25 19:00:00,19,5,1,6.095993440458101
2025-01-25 20:00:00,20,5,1,5.80382145822887
2025-01-25 21:00:00,21,5,1,5.158494513687077
2025-01-25 22:00:00,22,5,1,5.061622524189734
2025-01-25 23:00:00,23,5,1,2.151882091541283
2025-01-26 00:00:00,0,6,1,2.153906707224538
2025-01-26 01:00:00,1,6,1,1.4311338703289498
2025-01-26 02:00:00,2,6,1,2.1989536286086615
2025-01-26 03:00:00,3,6,1,2.5432170378453223
2025-01-26 04:00:00,4,6,1,2.404713789509659
2025-01-26 05:00:00,5,6,1,3.3007183250232264
2025-01-26 06:00:00,6,6,1,4.602255752704789
2025-01-26 07:00:00,7,6,1,4.802138118675433
2025-01-26 08:00:00,8,6,1,4.9767404680920695
2025-01-26 09:00:00,9,6,1,6.648417724595673
2025-01-26 10:00:00,10,6,1,4.622406434321444
2025-01-26 11:00:00,11,6,1,4.5768042373124755
2025-01-26 12:00:00,12,6,1,4.86087618996153
2025-01-26 13:00:00,13,6,1,4.3498043810806495
2025-01-26 14:00:00,14,6,1,5.727189531280333
2025-01-26 15:00:00,15,6,1,4.650726578466749
2025-01-26 16:00:00,16,6,1,4.404418089621779
2025-01-26 17:00:00,17,6,1,7.340306649559476
2025-01-26 18:00:00,18,6,1,6.880632260348467
2025-01-26 19:00:00,19,6,1,6.389553609711652
2025-01-26 20:00:00,20,6,1,5.595581650168094
2025-01-26 21:00:00,21,6,1,5.738587342854398
2025-01-26 22:00:00,22,6,1,5.992149626810193
2025-01-26 23:00:00,23,6,1,2.5391299127853335
2025-01-27 00:00:00,0,0,1,1.6883859112221562
2025-01-27 01:00:00,1,0,1,0.795513729427526
2025-01-27 02:00:00,2,0,1,0.655269332462965
2025-01-27 03:00:00,3,0,1,1.1506471262834828
2025-01-27 04:00:00,4,0,1,1.4616297931356563
2025-01-27 05:00:00,5,0,1,2.1876766073883793
2025-01-27 06:00:00,6,0,1,3.4347855804602907
2025-01-27 07:00:00,7,0,1,5.111820127784245
2025-01-27 08:00:00,8,0,1,4.825025408222186
2025-01-27 09:00:00,9,0,1,5.079247572021032
2025-01-27 10:00:00,10,0,1,3.1558184216757543
2025-01-27 11:00:00,11,0,1,3.13709543693035
2025-01-27 12:00:00,12,0,1,4.278156973018368
2025-01-27 13:00:00,13,0,1,4.029327186875362
2025-01-27 14:00:00,14,0,1,3.432904379537181
2025-01-27 15:00:00,15,0,1,3.2810065968512117
2025-01-27 16:00:00,16,0,1,3.42634629206377
2025-01-27 17:00:00,17,0,1,6.9176086101157575
2025-01-27 18:00:00,18,0,1,5.78439202710834
2025-01-27 19:00:00,19,0,1,4.8987428187527575
2025-01-27 20:00:00,20,0,1,5.013474206711841
2025-01-27 21:00:00,21,0,1,4.640910572100932
2025-01-27 22:00:00,22,0,1,3.3605851710435504
2025-01-27 23:00:00,23,0,1,1.1792439477162173
2025-01-28 00:00:00,0,1,1,0.9587374484829263
2025-01-28 01:00:00,1,1,1,1.2784825459253675
2025-01-28 02:00:00,2,1,1,1.7906936985445356
2025-01-28 03:00:00,3,1,1,1.651587906142445
2025-01-28 04:00:00,4,1,1,1.3317843519982464
2025-01-28 05:00:00,5,1,1,1.307389636503332
2025-01-28 06:00:00,6,1,1,5.141115353646162
2025-01-28 07:00:00,7,1,1,4.523687373605795
2025-01-28 08:00:00,8,1,1,4.89380028441896
2025-01-28 09:00:00,9,1,1,5.240349965155999
2025-01-28 10:00:00,10,1,1,3.6398940760869634
2025-01-28 11:00:00,11,1,1,3.741293940907081
2025-01-28 12:00:00,12,1,1,3.719423936681508
2025-01-28 13:00:00,13,1,1,3.781256423503843
2025-01-28 14:00:00,14,1,1,3.935787431347203
2025-01-28 15:00:00,15,1,1,3.581668197223152
2025-01-28 16:00:00,16,1,1,3.275521858708956
2025-01-28 17:00:00,17,1,1,6.292572091076758
2025-01-28 18:00:00,18,1,1,5.786237680685439
2025-01-28 19:00:00,19,1,1,6.101597195433076
2025-01-28 20:00:00,20,1,1,4.051383508989014
2025-01-28 21:00:00,21,1,1,5.1866027407689845
2025-01-28 22:00:00,22,1,1,4.937773905219231
2025-01-28 23:00:00,23,1,1,0.37160580136008237
2025-01-29 00:00:00,0,2,1,0.914036222934258
2025-01-29 01:00:00,1,2,1,0.8514236536016834
2025-01-29 02:00:00,2,2,1,0.488106582679269
2025-01-29 03:00:00,3,2,1,0.8898352192869918
2025-01-29 04:00:00,4,2,1,0.9951094900338471
2025-01-29 05:00:00,5,2,1,2.450908177369449
2025-01-29 06:00:00,6,2,1,4.486042789605203
2025-01-29 07:00:00,7,2,1,5.008622037997664
2025-01-29 08:00:00,8,2,1,5.176897393271076
2025-01-29 09:00:00,9,2,1,4.7983792915131085
2025-01-29 10:00:00,10,2,1,3.350852065267912
2025-01-29 11:00:00,11,2,1,3.994787930167825
2025-01-29 12:00:00,12,2,1,3.4600376158768245
2025-01-29 13:00:00,13,2,1,4.285199372068956
2025-01-29 14:00:00,14,2,1,3.8527585801703483
2025-01-29 15:00:00,15,2,1,3.649109782656819
2025-01-29 16:00:00,16,2,1,3.845044159061218
2025-01-29 17:00:00,17,2,1,6.427705324594416
2025-01-29 18:00:00,18,2,1,5.74384210132615
2025-01-29 19:00:00,19,2,1,5.963731921345699
2025-01-29 20:00:00,20,2,1,4.679346101306259
2025-01-29 21:00:00,21,2,1,4.996374242777706
2025-01-29 22:00:00,22,2,1,4.676580331407533
2025-01-29 23:00:00,23,2,1,1.0771433185977461
2025-01-30 00:00:00,0,3,1,1.1815644694632446
2025-01-30 01:00:00,1,3,1,0.49955456944587884
2025-01-30 02:00:00,2,3,1,1.420722068249158
2025-01-30 03:00:00,3,3,1,1.1270010397461463
2025-01-30 04:00:00,4,3,1,1.2302506200125627
2025-01-30 05:00:00,5,3,1,2.169603690334756
2025-01-30 06:00:00,6,3,1,3.830033956129115
2025-01-30 07:00:00,7,3,1,3.936615481454576
2025-01-30 08:00:00,8,3,1,4.26557689824422
2025-01-30 09:00:00,9,3,1,5.492403980538256
2025-01-30 10:00:00,10,3,1,3.0484884307813083
2025-01-30 11:00:00,11,3,1,4.500955778470404
2025-01-30 12:00:00,12,3,1,3.1161169762801135
2025-01-30 13:00:00,13,3,1,4.678582547316015
2025-01-30 14:00:00,14,3,1,4.03329572631465
2025-01-30 15:00:00,15,3,1,3.760352860928501
2025-01-30 16:00:00,16,3,1,3.3426925370562417
2025-01-30 17:00:00,17,3,1,6.409654445740828
2025-01-30 18:00:00,18,3,1,5.873174686683842
2025-01-30 19:00:00,19,3,1,5.941320752806608
2025-01-30 20:00:00,20,3,1,5.157462491811034
2025-01-30 21:00:00,21,3,1,4.810120704584751
2025-01-30 22:00:00,22,3,1,4.293894943334637
2025-01-30 23:00:00,23,3,1,1.1781836448349152
2025-01-31 00:00:00,0,4,1,1.1742319681232212
2025-01-31 01:00:00,1,4,1,0.3159326429373497
2025-01-31 02:00:00,2,4,1,0.5118370917241123
2025-01-31 03:00:00,3,4,1,1.4982675319324281
2025-01-31 04:00:00,4,4,1,1.5076860034713553
2025-01-31 05:00:00,5,4,1,1.6764066654589282
2025-01-31 06:00:00,6,4,1,4.119145005572376
2025-01-31 07:00:00,7,4,1,4.639032682144668
2025-01-31 08:00:00,8,4,1,4.672324695530037
2025-01-31 09:00:00,9,4,1,4.938678109839075
2025-01-31 10:00:00,10,4,1,3.638998273818894
2025-01-31 11:00:00,11,4,1,3.4076889946306452
2025-01-31 12:00:00,12,4,1,4.112189841719391
2025-01-31 13:00:00,13,4,1,3.3189665583048638
2025-01-31 14:00:00,14,4,1,4.36055099436386
2025-01-31 15:00:00,15,4,1,3.988077098641875
2025-01-31 16:00:00,16,4,1,3.6630720655053715
2025-01-31 17:00:00,17,4,1,6.643076393578205
2025-01-31 18:00:00,18,4,1,6.554418345438812
2025-01-31 19:00:00,19,4,1,5.905748026007252
2025-01-31 20:00:00,20,4,1,4.37542173981356
2025-01-31 21:00:00,21,4,1,4.238169213305719
2025-01-31 22:00:00,22,4,1,4.189412397141908
2025-01-31 23:00:00,23,4,1,1.2113983144076756
2025-02-01 00:00:00,0,5,2,2.0581748687540466
2025-02-01 01:00:00,1,5,2,1.5097024747386139
2025-02-01 02:00:00,2,5,2,1.9258179663572288
2025-02-01 03:00:00,3,5,2,1.6988087213820129
2025-02-01 04:00:00,4,5,2,1.9947327070233996
2025-02-01 05:00:00,5,5,2,1.9873355612607109
2025-02-01 06:00:00,6,5,2,4.542478133901857
2025-02-01 07:00:00,7,5,2,4.759326157753466
2025-02-01 08:00:00,8,5,2,5.297879266462848
2025-02-01 09:00:00,9,5,2,6.471456718643136
2025-02-01 10:00:00,10,5,2,3.9809006162470446
2025-02-01 11:00:00,11,5,2,5.651990931611614
2025-02-01 12:00:00,12,5,2,4.946215899785958
2025-02-01 13:00:00,13,5,2,4.873934449477949
2025-02-01 14:00:00,14,5,2,4.405545627361117
2025-02-01 15:00:00,15,5,2,4.879162057440254
2025-02-01 16:00:00,16,5,2,4.130405041284712
2025-02-01 17:00:00,17,5,2,7.098803925858144
2025-02-01 18:00:00,18,5,2,7.712262382961299
2025-02-01 19:00:00,19,5,2,6.26157604011014
2025-02-01 20:00:00,20,5,2,6.371480762860489
2025-02-01 21:00:00,21,5,2,5.268729429949645
2025-02-01 22:00:00,22,5,2,5.225344432021394
2025-02-01 23:00:00,23,5,2,2.7092821485775462
2025-02-02 00:00:00,0,6,2,1.6003244374512906
2025-02-02 01:00:00,1,6,2,2.5249794231987717
2025-02-02 02:00:00,2,6,2,2.134212034748588
2025-02-02 03:00:00,3,6,2,1.7759751839656348
2025-02-02 04:00:00,4,6,2,2.492302923842387
2025-02-02 05:00:00,5,6,2,2.939021779850692
2025-02-02 06:00:00,6,6,2,5.160495417233097
2025-02-02 07:00:00,7,6,2,4.671910112043817
2025-02-02 08:00:00,8,6,2,5.397373697323834
2025-02-02 09:00:00,9,6,2,5.950992545779398
2025-02-02 10:00:00,10,6,2,4.330886800139803
2025-02-02 11:00:00,11,6,2,4.847306944696929
2025-02-02 12:00:00,12,6,2,4.819969139806904
2025-02-02 13:00:00,13,6,2,4.265862256515959
2025-02-02 14:00:00,14,6,2,4.900967879835988
2025-02-02 15:00:00,15,6,2,4.843272403790187
2025-02-02 16:00:00,16,6,2,4.584576350952237
2025-02-02 17:00:00,17,6,2,7.482312290221849
2025-02-02 18:00:00,18,6,2,7.021797429473343
2025-02-02 19:00:00,19,6,2,6.483672031691374
2025-02-02 20:00:00,20,6,2,5.883705147762759
2025-02-02 21:00:00,21,6,2,4.885615626593603
2025-02-02 22:00:00,22,6,2,5.411187115873213
2025-02-02 23:00:00,23,6,2,2.0840369691885865
2025-02-03 00:00:00,0,0,2,1.159742795444547
2025-02-03 01:00:00,1,0,2,0.4893005696718762
2025-02-03 02:00:00,2,0,2,0.6186886444030926
2025-02-03 03:00:00,3,0,2,1.6222230356565035
2025-02-03 04:00:00,4,0,2,1.4235177666775165
2025-02-03 05:00:00,5,0,2,2.02260027894905
2025-02-03 06:00:00,6,0,2,4.123098782798403
2025-02-03 07:00:00,7,0,2,4.511902455798298
2025-02-03 08:00:00,8,0,2,5.26354209004418
2025-02-03 09:00:00,9,0,2,5.043582108713051
2025-02-03 10:00:00,10,0,2,3.5991084825562147
2025-02-03 11:00:00,11,0,2,3.614127990194641
2025-02-03 12:00:00,12,0,2,3.775090248460676
2025-02-03 13:00:00,13,0,2,3.876331150612544
2025-02-03 14:00:00,14,0,2,4.0377422480870875
2025-02-03 15:00:00,15,0,2,3.607538657011267
2025-02-03 16:00:00,16,0,2,4.06296262200923
2025-02-03 17:00:00,17,0,2,5.892157079112199
2025-02-03 18:00:00,18,0,2,5.813479909989238
2025-02-03 19:00:00,19,0,2,5.32410757669033
2025-02-03 20:00:00,20,0,2,5.690562586087712
2025-02-03 21:00:00,21,0,2,4.82862191060463
2025-02-03 22:00:00,22,0,2,4.8520776440076325
2025-02-03 23:00:00,23,0,2,0.6067377451085534
2025-02-04 00:00:00,0,1,2,1.157931366914101
2025-02-04 01:00:00,1,1,2,1.355852318249375
2025-02-04 02:00:00,2,1,2,1.084024856276567
2025-02-04 03:00:00,3,1,2,1.6271540443494825
2025-02-04 04:00:00,4,1,2,1.2324244481800297
2025-02-04 05:00:00,5,1,2,2.313738976074232
2025-02-04 06:00:00,6,1,2,5.031330681793919
2025-02-04 07:00:00,7,1,2,4.354864575824136
2025-02-04 08:00:00,8,1,2,4.710027559093473
2025-02-04 09:00:00,9,1,2,5.83135379084708
2025-02-04 10:00:00,10,1,2,4.192489030072107
2025-02-04 11:00:00,11,1,2,3.589894094815351
2025-02-04 12:00:00,12,1,2,3.7808140125952594
2025-02-04 13:00:00,13,1,2,3.8872861564557972
2025-02-04 14:00:00,14,1,2,3.4111085350198915
2025-02-04 15:00:00,15,1,2,3.431577327082979
2025-02-04 16:00:00,16,1,2,3.1590038650789944
2025-02-04 17:00:00,17,1,2,5.942880973958348
2025-02-04 18:00:00,18,1,2,5.874354612699069
2025-02-04 19:00:00,19,1,2,5.593685893014609
2025-02-04 20:00:00,20,1,2,5.7319716294718495
2025-02-04 21:00:00,21,1,2,4.350658383704483
2025-02-04 22:00:00,22,1,2,4.833068787610813
2025-02-04 23:00:00,23,1,2,1.1153663566331387
2025-02-05 00:00:00,0,2,2,1.0313257767054242
2025-02-05 01:00:00,1,2,2,1.2699277968666416
2025-02-05 02:00:00,2,2,2,0.6020224519414781
2025-02-05 03:00:00,3,2,2,1.3539257927969621
2025-02-05 04:00:00,4,2,2,1.505920711505401
2025-02-05 05:00:00,5,2,2,1.9469805056032596
2025-02-05 06:00:00,6,2,2,4.227438889909346
2025-02-05 07:00:00,7,2,2,5.482120055964358
2025-02-05 08:00:00,8,2,2,4.633132573953255
2025-02-05 09:00:00,9,2,2,5.037601217999273
2025-02-05 10:00:00,10,2,2,3.3114039612099155
2025-02-05 11:00:00,11,2,2,3.576847258012556
2025-02-05 12:00:00,12,2,2,3.6939338885109954
2025-02-05 13:00:00,13,2,2,4.475606612443021
2025-02-05 14:00:00,14,2,2,4.517090438629545
2025-02-05 15:00:00,15,2,2,3.5707395881768673
2025-02-05 16:00:00,16,2,2,3.22771794253813
2025-02-05 17:00:00,17,2,2,6.438566222554561
2025-02-05 18:00:00,18,2,2,5.667339349941393
2025-02-05 19:00:00,19,2,2,5.753172727102204
2025-02-05 20:00:00,20,2,2,5.192940640686738
2025-02-05 21:00:00,21,2,2,4.143702354001107
2025-02-05 22:00:00,22,2,2,5.058341908752204
2025-02-05 23:00:00,23,2,2,1.919312963561551
2025-02-06 00:00:00,0,3,2,0.805995784372643
2025-02-06 01:00:00,1,3,2,0.8449193760256063
2025-02-06 02:00:00,2,3,2,1.1654574168563594
2025-02-06 03:00:00,3,3,2,1.334744610318152
2025-02-06 04:00:00,4,3,2,1.702757537289311
2025-02-06 05:00:00,5,3,2,2.5540818155065397
2025-02-06 06:00:00,6,3,2,4.040992541348599
2025-02-06 07:00:00,7,3,2,4.180681102184619
2025-02-06 08:00:00,8,3,2,4.336500876447971
2025-02-06 09:00:00,9,3,2,4.957627984023232
2025-02-06 10:00:00,10,3,2,3.5474093826303026
2025-02-06 11:00:00,11,3,2,4.516861251083773
2025-02-06 12:00:00,12,3,2,3.741844219819134
2025-02-06 13:00:00,13,3,2,4.089515180655559
2025-02-06 14:00:00,14,3,2,3.9423195810045017
2025-02-06 15:00:00,15,3,2,4.274395415055892
2025-02-06 16:00:00,16,3,2,4.57143314212927
2025-02-06 17:00:00,17,3,2,6.037652490831872
2025-02-06 18:00:00,18,3,2,5.692452790646493
2025-02-06 19:00:00,19,3,2,5.9176643508276285
2025-02-06 20:00:00,20,3,2,5.384528028196743
2025-02-06 21:00:00,21,3,2,5.488682930294414
2025-02-06 22:00:00,22,3,2,4.6729111023505645
2025-02-06 23:00:00,23,3,2,1.0572450580085184
2025-02-07 00:00:00,0,4,2,1.2873731928433212
2025-02-07 01:00:00,1,4,2,1.443481432233163
2025-02-07 02:00:00,2,4,2,1.379304133045343
2025-02-07 03:00:00,3,4,2,1.403871506766261
2025-02-07 04:00:00,4,4,2,1.86600970405584
2025-02-07 05:00:00,5,4,2,2.217718236178269
2025-02-07 06:00:00,6,4,2,4.6646350287612295
2025-02-07 07:00:00,7,4,2,4.759483955035857
2025-02-07 08:00:00,8,4,2,4.82138133552704
2025-02-07 09:00:00,9,4,2,5.308685474573329
2025-02-07 10:00:00,10,4,2,4.043263758383164
2025-02-07 11:00:00,11,4,2,3.472263837281764
2025-02-07 12:00:00,12,4,2,4.096358062982763
2025-02-07 13:00:00,13,4,2,3.8426644750690557
2025-02-07 14:00:00,14,4,2,3.9603866686075295
2025-02-07 15:00:00,15,4,2,4.310418850719578
2025-02-07 16:00:00,16,4,2,3.6370997989877827
2025-02-07 17:00:00,17,4,2,6.268574619262459
2025-02-07 18:00:00,18,4,2,5.344286111261814
2025-02-07 19:00:00,19,4,2,5.798501426410889
2025-02-07 20:00:00,20,4,2,5.369965104802649
2025-02-07 21:00:00,21,4,2,5.615301889322184
2025-02-07 22:00:00,22,4,2,4.316228534238979
2025-02-07 23:00:00,23,4,2,1.2886220253889178
2025-02-08 00:00:00,0,5,2,1.9508647340506997
2025-02-08 01:00:00,1,5,2,2.4309813119053896
2025-02-08 02:00:00,2,5,2,1.8129930476116167
2025-02-08 03:00:00,3,5,2,2.1125705046314773
2025-02-08 04:00:00,4,5,2,2.4824984321067944
2025-02-08 05:00:00,5,5,2,2.624643649262543
2025-02-08 06:00:00,6,5,2,4.733197986526007
2025-02-08 07:00:00,7,5,2,5.377635997159323
2025-02-08 08:00:00,8,5,2,6.11768126759769
2025-02-08 09:00:00,9,5,2,5.639393880235576
2025-02-08 10:00:00,10,5,2,4.413848041438572
2025-02-08 11:00:00,11,5,2,4.318989779700988
2025-02-08 12:00:00,12,5,2,5.2269073910035395
2025-02-08 13:00:00,13,5,2,4.19072523808649
2025-02-08 14:00:00,14,5,2,4.525320000524967
2025-02-08 15:00:00,15,5,2,4.749922855702466
2025-02-08 16:00:00,16,5,2,4.986869783473558
2025-02-08 17:00:00,17,5,2,7.023699895570805
2025-02-08 18:00:00,18,5,2,6.466148756976502
2025-02-08 19:00:00,19,5,2,7.052462827776236
2025-02-08 20:00:00,20,5,2,5.332565872179721
2025-02-08 21:00:00,21,5,2,4.670477617351967
2025-02-08 22:00:00,22,5,2,5.415345608241512
2025-02-08 23:00:00,23,5,2,1.8001402045822978
2025-02-09 00:00:00,0,6,2,1.4426181337141122
2025-02-09 01:00:00,1,6,2,2.0833425789197415
2025-02-09 02:00:00,2,6,2,1.948631546074877
2025-02-09 03:00:00,3,6,2,1.7753304420286504
2025-02-09 04:00:00,4,6,2,1.727218068751821
2025-02-09 05:00:00,5,6,2,2.898982931312058
2025-02-09 06:00:00,6,6,2,5.171851903529682
2025-02-09 07:00:00,7,6,2,5.260329654488246
2025-02-09 08:00:00,8,6,2,6.426883366072848
2025-02-09 09:00:00,9,6,2,5.621966093469538
2025-02-09 10:00:00,10,6,2,3.7504501034099262
2025-02-09 11:00:00,11,6,2,4.32227487772416
2025-02-09 12:00:00,12,6,2,4.730654332891403
2025-02-09 13:00:00,13,6,2,4.897335779729077
2025-02-09 14:00:00,14,6,2,4.652394316291071
2025-02-09 15:00:00,15,6,2,4.739860264282377
2025-02-09 16:00:00,16,6,2,3.860044402103644
2025-02-09 17:00:00,17,6,2,7.627505841629303
2025-02-09 18:00:00,18,6,2,6.655368096296754
2025-02-09 19:00:00,19,6,2,6.746918332635251
2025-02-09 20:00:00,20,6,2,6.0488615708973
2025-02-09 21:00:00,21,6,2,5.732701287661514
2025-02-09 22:00:00,22,6,2,5.46724674031306
2025-02-09 23:00:00,23,6,2,2.180045318330268
2025-02-10 00:00:00,0,0,2,1.308200364513415
2025-02-10 01:00:00,1,0,2,1.5316610120529726
2025-02-10 02:00:00,2,0,2,1.1297197284469855
2025-02-10 03:00:00,3,0,2,1.4845633973587469
2025-02-10 04:00:00,4,0,2,1.4034455505052879
2025-02-10 05:00:00,5,0,2,2.326046886179789
2025-02-10 06:00:00,6,0,2,3.8412145115225105
2025-02-10 07:00:00,7,0,2,5.220376173164326
2025-02-10 08:00:00,8,0,2,4.872165387396044
2025-02-10 09:00:00,9,0,2,4.677689959152781
2025-02-10 10:00:00,10,0,2,3.611901937744137
2025-02-10 11:00:00,11,0,2,3.526617442686706
2025-02-10 12:00:00,12,0,2,4.285146159029092
2025-02-10 13:00:00,13,0,2,3.7389504082790435
2025-02-10 14:00:00,14,0,2,3.7704153661476907
2025-02-10 15:00:00,15,0,2,3.0432218132984454
2025-02-10 16:00:00,16,0,2,3.3797376440801905
2025-02-10 17:00:00,17,0,2,5.280448269348417
2025-02-10 18:00:00,18,0,2,5.254667438259492
2025-02-10 19:00:00,19,0,2,5.804165862457719
2025-02-10 20:00:00,20,0,2,5.426091495806551
2025-02-10 21:00:00,21,0,2,4.920183024713986
2025-02-10 22:00:00,22,0,2,4.052549370968494
2025-02-10 23:00:00,23,0,2,1.1818773518665502
2025-02-11 00:00:00,0,1,2,1.04967024493017
2025-02-11 01:00:00,1,1,2,0.5366541243229829
2025-02-11 02:00:00,2,1,2,1.6524705812732576
2025-02-11 03:00:00,3,1,2,1.5519068105536107
2025-02-11 04:00:00,4,1,2,1.350954158688313
2025-02-11 05:00:00,5,1,2,1.7607543355978124
2025-02-11 06:00:00,6,1,2,4.19512455552524
2025-02-11 07:00:00,7,1,2,3.6833060526302837
2025-02-11 08:00:00,8,1,2,4.789357614645542
2025-02-11 09:00:00,9,1,2,4.977206300800881
2025-02-11 10:00:00,10,1,2,3.160012167821855
2025-02-11 11:00:00,11,1,2,3.686597988522276
2025-02-11 12:00:00,12,1,2,4.6679633501734115
2025-02-11 13:00:00,13,1,2,4.256337144506804
2025-02-11 14:00:00,14,1,2,3.720417143520484
2025-02-11 15:00:00,15,1,2,4.028071218219122
2025-02-11 16:00:00,16,1,2,4.120402346414222
2025-02-11 17:00:00,17,1,2,6.619853473165108
2025-02-11 18:00:00,18,1,2,5.912080715621851
2025-02-11 19:00:00,19,1,2,5.241225288917771
2025-02-11 20:00:00,20,1,2,5.391060757791655
2025-02-11 21:00:00,21,1,2,4.9073941541687
2025-02-11 22:00:00,22,1,2,4.797417116231272
2025-02-11 23:00:00,23,1,2,1.45503061499613
2025-02-12 00:00:00,0,2,2,1.4709323466941315
2025-02-12 01:00:00,1,2,2,0.7859059153757728
2025-02-12 02:00:00,2,2,2,1.5780688868201278
2025-02-12 03:00:00,3,2,2,1.2800017362003018
2025-02-12 04:00:00,4,2,2,2.2694441772702847
2025-02-12 05:00:00,5,2,2,1.474324872764173
2025-02-12 06:00:00,6,2,2,4.8061569536123185
2025-02-12 07:00:00,7,2,2,4.579164313385059
2025-02-12 08:00:00,8,2,2,4.627661366208002
2025-02-12 09:00:00,9,2,2,5.056445666378272
2025-02-12 10:00:00,10,2,2,3.4325212485020935
2025-02-12 11:00:00,11,2,2,3.9687044842374246
2025-02-12 12:00:00,12,2,2,4.158022934647803
2025-02-12 13:00:00,13,2,2,3.7705199984245685
2025-02-12 14:00:00,14,2,2,3.939146902529209
2025-02-12 15:00:00,15,2,2,4.655946249121404
2025-02-12 16:00:00,16,2,2,4.2516774398201065
2025-02-12 17:00:00,17,2,2,6.424529467869613
2025-02-12 18:00:00,18,2,2,5.903429958921062
2025-02-12 19:00:00,19,2,2,5.548012530687305
2025-02-12 20:00:00,20,2,2,5.357178621438385
2025-02-12 21:00:00,21,2,2,4.340882973920638
2025-02-12 22:00:00,22,2,2,4.336389213250841
2025-02-12 23:00:00,23,2,2,0.5335282647723064
2025-02-13 00:00:00,0,3,2,1.2108005096085093
2025-02-13 01:00:00,1,3,2,1.2588783758810964
2025-02-13 02:00:00,2,3,2,0.8578366756466479
2025-02-13 03:00:00,3,3,2,1.8305565996393551
2025-02-13 04:00:00,4,3,2,0.9490335630192421
2025-02-13 05:00:00,5,3,2,1.164250047916072
2025-02-13 06:00:00,6,3,2,4.201552159770207
2025-02-13 07:00:00,7,3,2,4.918839321044862
2025-02-13 08:00:00,8,3,2,5.561799644236929
2025-02-13 09:00:00,9,3,2,5.066446294852424
2025-02-13 10:00:00,10,3,2,3.9921325051523397
2025-02-13 11:00:00,11,3,2,3.783634717876375
2025-02-13 12:00:00,12,3,2,3.8798378194572747
2025-02-13 13:00:00,13,3,2,4.353463974994669
2025-02-13 14:00:00,14,3,2,4.209817890798971
2025-02-13 15:00:00,15,3,2,3.168481242882958
2025-02-13 16:00:00,16,3,2,4.15127631167018
2025-02-13 17:00:00,17,3,2,6.802036541658981
2025-02-13 18:00:00,18,3,2,5.63800348704997
2025-02-13 19:00:00,19,3,2,5.6583214133749635
2025-02-13 20:00:00,20,3,2,5.309383506859314
2025-02-13 21:00:00,21,3,2,4.854269506329563
2025-02-13 22:00:00,22,3,2,4.219217766682011
2025-02-13 23:00:00,23,3,2,0.9323125471481215
2025-02-14 00:00:00,0,4,2,1.0408896321698193
2025-02-14 01:00:00,1,4,2,1.469091607703746
2025-02-14 02:00:00,2,4,2,1.2685513224041705
2025-02-14 03:00:00,3,4,2,1.0527161614888996
2025-02-14 04:00:00,4,4,2,1.7480193124795165
2025-02-14 05:00:00,5,4,2,0.6105829517479697
2025-02-14 06:00:00,6,4,2,4.57127771249506
2025-02-14 07:00:00,7,4,2,3.80411448848876
2025-02-14 08:00:00,8,4,2,4.7432521910925285
2025-02-14 09:00:00,9,4,2,4.802132042149543
2025-02-14 10:00:00,10,4,2,3.042787581491459
2025-02-14 11:00:00,11,4,2,4.263368820628066
2025-02-14 12:00:00,12,4,2,3.7618082589088457
2025-02-14 13:00:00,13,4,2,4.138601552692286
2025-02-14 14:00:00,14,4,2,3.930120507881929
2025-02-14 15:00:00,15,4,2,3.9898544365659068
2025-02-14 16:00:00,16,4,2,3.5913889282039237
2025-02-14 17:00:00,17,4,2,5.736803110324572
2025-02-14 18:00:00,18,4,2,6.286735295432638
2025-02-14 19:00:00,19,4,2,5.302497366735475
2025-02-14 20:00:00,20,4,2,4.4891386728823175
2025-02-14 21:00:00,21,4,2,4.578753935613635
2025-02-14 22:00:00,22,4,2,5.039643744473904
2025-02-14 23:00:00,23,4,2,1.5410505911687393
2025-02-15 00:00:00,0,5,2,1.7116504068032539
2025-02-15 01:00:00,1,5,2,1.6602969182726286
2025-02-15 02:00:00,2,5,2,1.7224572400794445
2025-02-15 03:00:00,3,5,2,2.831661087747678
2025-02-15 04:00:00,4,5,2,2.3921140091128
2025-02-15 05:00:00,5,5,2,2.7220166588764276
2025-02-15 06:00:00,6,5,2,5.323884813958955
2025-02-15 07:00:00,7,5,2,5.395515663610605
2025-02-15 08:00:00,8,5,2,5.5846117093255
2025-02-15 09:00:00,9,5,2,5.971460060366009
2025-02-15 10:00:00,10,5,2,4.332019668014196
2025-02-15 11:00:00,11,5,2,4.584149211072721
2025-02-15 12:00:00,12,5,2,5.039940556888395
2025-02-15 13:00:00,13,5,2,4.820778354322919
2025-02-15 14:00:00,14,5,2,5.041944770319834
2025-02-15 15:00:00,15,5,2,4.566751473633225
2025-02-15 16:00:00,16,5,2,4.392114247906258
2025-02-15 17:00:00,17,5,2,6.250719726187157
2025-02-15 18:00:00,18,5,2,7.054759637534774
2025-02-15 19:00:00,19,5,2,6.438595390359197
2025-02-15 20:00:00,20,5,2,6.310975476290079
2025-02-15 21:00:00,21,5,2,4.3914978487225245
2025-02-15 22:00:00,22,5,2,6.0746897101324695
2025-02-15 23:00:00,23,5,2,1.9451260430612727
2025-02-16 00:00:00,0,6,2,2.2943843872614043
2025-02-16 01:00:00,1,6,2,1.3840376291497876
2025-02-16 02:00:00,2,6,2,2.0962208225914254
2025-02-16 03:00:00,3,6,2,1.5795956690538793
2025-02-16 04:00:00,4,6,2,1.9898322439418568
2025-02-16 05:00:00,5,6,2,3.3156125415467144
2025-02-16 06:00:00,6,6,2,4.83549847204088
2025-02-16 07:00:00,7,6,2,5.386973149271889
2025-02-16 08:00:00,8,6,2,6.036255659929283
2025-02-16 09:00:00,9,6,2,6.248272755189042
2025-02-16 10:00:00,10,6,2,4.420827733837252
2025-02-16 11:00:00,11,6,2,4.745022506663148
2025-02-16 12:00:00,12,6,2,5.7102549735289125
2025-02-16 13:00:00,13,6,2,4.776952481186566
2025-02-16 14:00:00,14,6,2,4.829328358119589
2025-02-16 15:00:00,15,6,2,5.019299864079702
2025-02-16 16:00:00,16,6,2,4.802870544963016
2025-02-16 17:00:00,17,6,2,7.5248121222241515
2025-02-16 18:00:00,18,6,2,6.943720656465455
2025-02-16 19:00:00,19,6,2,5.842798034907807
2025-02-16 20:00:00,20,6,2,6.565144045266656
2025-02-16 21:00:00,21,6,2,5.0914618427925245
2025-02-16 22:00:00,22,6,2,5.360394014315792
2025-02-16 23:00:00,23,6,2,1.699251554315599
2025-02-17 00:00:00,0,0,2,1.0254559219292005
2025-02-17 01:00:00,1,0,2,1.1315049641213921
2025-02-17 02:00:00,2,0,2,1.1796541467465067
2025-02-17 03:00:00,3,0,2,1.369730196017456
2025-02-17 04:00:00,4,0,2,2.0848243358436376
2025-02-17 05:00:00,5,0,2,1.931413720605592
2025-02-17 06:00:00,6,0,2,4.014108778229959
2025-02-17 07:00:00,7,0,2,4.885634867315343
2025-02-17 08:00:00,8,0,2,5.3640167632236375
2025-02-17 09:00:00,9,0,2,4.758956873945203
2025-02-17 10:00:00,10,0,2,3.7996201997197647
2025-02-17 11:00:00,11,0,2,4.079507202601017
2025-02-17 12:00:00,12,0,2,3.8298633380896057
2025-02-17 13:00:00,13,0,2,4.550282725324648
2025-02-17 14:00:00,14,0,2,3.8888665046205917
2025-02-17 15:00:00,15,0,2,3.849268687065275
2025-02-17 16:00:00,16,0,2,3.4914314420662738
2025-02-17 17:00:00,17,0,2,6.256231619032587
2025-02-17 18:00:00,18,0,2,5.449718532895701
2025-02-17 19:00:00,19,0,2,4.923979646962282
2025-02-17 20:00:00,20,0,2,5.749573457636208
2025-02-17 21:00:00,21,0,2,4.411215460672669
2025-02-17 22:00:00,22,0,2,4.042782888437656
2025-02-17 23:00:00,23,0,2,0.3396058488818563
2025-02-18 00:00:00,0,1,2,0.7955265614905966
2025-02-18 01:00:00,1,1,2,0.47076408263700065
2025-02-18 02:00:00,2,1,2,1.7079173246209451
2025-02-18 03:00:00,3,1,2,1.6048887300603956
2025-02-18 04:00:00,4,1,2,1.164079690149089
2025-02-18 05:00:00,5,1,2,2.6509743221377233
2025-02-18 06:00:00,6,1,2,4.504477627142856
2025-02-18 07:00:00,7,1,2,4.370067446596551
2025-02-18 08:00:00,8,1,2,3.8884662817043525
2025-02-18 09:00:00,9,1,2,6.166377029036297
2025-02-18 10:00:00,10,1,2,3.0048311850743827
2025-02-18 11:00:00,11,1,2,3.140878606893901
2025-02-18 12:00:00,12,1,2,4.357916912237458
2025-02-18 13:00:00,13,1,2,4.975900962535709
2025-02-18 14:00:00,14,1,2,4.50259786683781
2025-02-18 15:00:00,15,1,2,4.024601753697602
2025-02-18 16:00:00,16,1,2,3.7985619084459357
2025-02-18 17:00:00,17,1,2,6.591366223512123
2025-02-18 18:00:00,18,1,2,6.1918000035684875
2025-02-18 19:00:00,19,1,2,5.61247656958775
2025-02-18 20:00:00,20,1,2,5.153451873926969
2025-02-18 21:00:00,21,1,2,4.724962748840191
2025-02-18 22:00:00,22,1,2,4.137753992673509
2025-02-18 23:00:00,23,1,2,1.0886918635766325
2025-02-19 00:00:00,0,2,2,0.3739285348882433
2025-02-19 01:00:00,1,2,2,0.9606641492821001
2025-02-19 02:00:00,2,2,2,0.6556748177060305
2025-02-19 03:00:00,3,2,2,0.7595261674370336
2025-02-19 04:00:00,4,2,2,1.51129748868157
2025-02-19 05:00:00,5,2,2,2.3068009145378396
2025-02-19 06:00:00,6,2,2,4.479098074747144
2025-02-19 07:00:00,7,2,2,3.871799758550729
2025-02-19 08:00:00,8,2,2,4.492377313025647
2025-02-19 09:00:00,9,2,2,5.6263084751952865
2025-02-19 10:00:00,10,2,2,3.1676652143644977
2025-02-19 11:00:00,11,2,2,3.7091848456778482
2025-02-19 12:00:00,12,2,2,4.168909579043423
2025-02-19 13:00:00,13,2,2,3.612662218054546
2025-02-19 14:00:00,14,2,2,3.9910389418919863
2025-02-19 15:00:00,15,2,2,3.265427907709376
2025-02-19 16:00:00,16,2,2,3.320113114199336
2025-02-19 17:00:00,17,2,2,6.377912773657015
2025-02-19 18:00:00,18,2,2,5.251031074241114
2025-02-19 19:00:00,19,2,2,5.67618989518416
2025-02-19 20:00:00,20,2,2,5.103916312775546
2025-02-19 21:00:00,21,2,2,4.970995981766859
2025-02-19 22:00:00,22,2,2,4.528905481846044
2025-02-19 23:00:00,23,2,2,1.7466180663128799
2025-02-20 00:00:00,0,3,2,1.1012010616255603
2025-02-20 01:00:00,1,3,2,0.8282377835498989
2025-02-20 02:00:00,2,3,2,1.100030261779311
2025-02-20 03:00:00,3,3,2,1.4182811059378972
2025-02-20 04:00:00,4,3,2,1.4588838563504603
2025-02-20 05:00:00,5,3,2,1.766236676481553
2025-02-20 06:00:00,6,3,2,3.830974757223516
2025-02-20 07:00:00,7,3,2,4.234839632979621
2025-02-20 08:00:00,8,3,2,4.327186458933904
2025-02-20 09:00:00,9,3,2,5.949830697274776
2025-02-20 10:00:00,10,3,2,3.0631148776233075
2025-02-20 11:00:00,11,3,2,3.521876026558295
2025-02-20 12:00:00,12,3,2,3.6615258332059235
2025-02-20 13:00:00,13,3,2,4.357969750777777
2025-02-20 14:00:00,14,3,2,3.8309088681167913
2025-02-20 15:00:00,15,3,2,4.298134934746152
2025-02-20 16:00:00,16,3,2,3.291263922082274
2025-02-20 17:00:00,17,3,2,6.361597664889521
2025-02-20 18:00:00,18,3,2,5.554089746349879
2025-02-20 19:00:00,19,3,2,6.358059651109356
2025-02-20 20:00:00,20,3,2,4.636732064734414
2025-02-20 21:00:00,21,3,2,4.873928284090811
2025-02-20 22:00:00,22,3,2,4.692850580593018
2025-02-20 23:00:00,23,3,2,1.3664815333039415
2025-02-21 00:00:00,0,4,2,0.9769961970153141
2025-02-21 01:00:00,1,4,2,0.9480717201066295
2025-02-21 02:00:00,2,4,2,1.0686358493580412
2025-02-21 03:00:00,3,4,2,1.1421610936719466
2025-02-21 04:00:00,4,4,2,1.8248914749381424
2025-02-21 05:00:00,5,4,2,2.6342092006365405
2025-02-21 06:00:00,6,4,2,3.888774718343085
2025-02-21 07:00:00,7,4,2,3.952078808168369
2025-02-21 08:00:00,8,4,2,4.852915748313279
2025-02-21 09:00:00,9,4,2,6.281883735061728
2025-02-21 10:00:00,10,4,2,3.239190344591929
2025-02-21 11:00:00,11,4,2,4.454684827854285
2025-02-21 12:00:00,12,4,2,4.619969065064179
2025-02-21 13:00:00,13,4,2,3.7785647033168024
2025-02-21 14:00:00,14,4,2,4.176481971107712
2025-02-21 15:00:00,15,4,2,4.450396754928073
2025-02-21 16:00:00,16,4,2,3.4090090753848266
2025-02-21 17:00:00,17,4,2,6.168567855959055
2025-02-21 18:00:00,18,4,2,5.655556202074324
2025-02-21 19:00:00,19,4,2,5.094097307722853
2025-02-21 20:00:00,20,4,2,4.852060414319816
2025-02-21 21:00:00,21,4,2,4.260423893295098
2025-02-21 22:00:00,22,4,2,4.452973215523869
2025-02-21 23:00:00,23,4,2,0.8929726018998855
2025-02-22 00:00:00,0,5,2,1.9446256252826966
2025-02-22 01:00:00,1,5,2,1.1776417415185492
2025-02-22 02:00:00,2,5,2,1.9834633534521804
2025-02-22 03:00:00,3,5,2,2.3343734789669117
2025-02-22 04:00:00,4,5,2,1.4418455711915965
2025-02-22 05:00:00,5,5,2,2.6996226279390285
2025-02-22 06:00:00,6,5,2,5.402839029335535
2025-02-22 07:00:00,7,5,2,4.816143592523518
2025-02-22 08:00:00,8,5,2,6.3572575223888625
2025-02-22 09:00:00,9,5,2,6.217607603746418
2025-02-22 10:00:00,10,5,2,4.078655429476458
2025-02-22 11:00:00,11,5,2,4.5767304746135755
2025-02-22 12:00:00,12,5,2,4.972219504442291
2025-02-22 13:00:00,13,5,2,4.830402156564965
2025-02-22 14:00:00,14,5,2,4.96439113641215
2025-02-22 15:00:00,15,5,2,4.230768668444911
2025-02-22 16:00:00,16,5,2,4.428404501394253
2025-02-22 17:00:00,17,5,2,6.4845142012380075
2025-02-22 18:00:00,18,5,2,6.643738143114302
2025-02-22 19:00:00,19,5,2,5.938436943414084
2025-02-22 20:00:00,20,5,2,5.617559455310312
2025-02-22 21:00:00,21,5,2,6.044437270084175
2025-02-22 22:00:00,22,5,2,5.675863876457886
2025-02-22 23:00:00,23,5,2,2.244617142686213
2025-02-23 00:00:00,0,6,2,1.414186154697366
2025-02-23 01:00:00,1,6,2,1.6734366201220792
2025-02-23 02:00:00,2,6,2,2.336350340558071
2025-02-23 03:00:00,3,6,2,2.0576486597793036
2025-02-23 04:00:00,4,6,2,3.1670716442128564
2025-02-23 05:00:00,5,6,2,2.7073271357577484
2025-02-23 06:00:00,6,6,2,4.988591078942231
2025-02-23 07:00:00,7,6,2,5.176353414318999
2025-02-23 08:00:00,8,6,2,5.741644929566695
2025-02-23 09:00:00,9,6,2,5.989012065447782
2025-02-23 10:00:00,10,6,2,4.643903642455258
2025-02-23 11:00:00,11,6,2,4.9817190323944915
2025-02-23 12:00:00,12,6,2,4.434492955230422
2025-02-23 13:00:00,13,6,2,4.267506818576889
2025-02-23 14:00:00,14,6,2,4.014406590192284
2025-02-23 15:00:00,15,6,2,4.802234636441676
2025-02-23 16:00:00,16,6,2,3.9193135293102723
2025-02-23 17:00:00,17,6,2,6.1888437628190065
2025-02-23 18:00:00,18,6,2,6.843660009466167
2025-02-23 19:00:00,19,6,2,7.297199806973116
2025-02-23 20:00:00,20,6,2,5.909343067730261
2025-02-23 21:00:00,21,6,2,5.885396309780656
2025-02-23 22:00:00,22,6,2,5.272071571639205
2025-02-23 23:00:00,23,6,2,1.9614060330468852
2025-02-24 00:00:00,0,0,2,1.4187418537615049
2025-02-24 01:00:00,1,0,2,0.8838901823245394
2025-02-24 02:00:00,2,0,2,1.1580681861951587
2025-02-24 03:00:00,3,0,2,1.3296410168017474
2025-02-24 04:00:00,4,0,2,1.172103646762959
2025-02-24 05:00:00,5,0,2,2.146816939814609
2025-02-24 06:00:00,6,0,2,4.0417875296680545
2025-02-24 07:00:00,7,0,2,4.197701936202862
2025-02-24 08:00:00,8,0,2,5.102832505081943
2025-02-24 09:00:00,9,0,2,4.890612807283585
2025-02-24 10:00:00,10,0,2,3.5719326347274727
2025-02-24 11:00:00,11,0,2,3.7953905070189764
2025-02-24 12:00:00,12,0,2,4.383246965766234
2025-02-24 13:00:00,13,0,2,4.189879293151981
2025-02-24 14:00:00,14,0,2,3.938877955935545
2025-02-24 15:00:00,15,0,2,4.126144625356773
2025-02-24 16:00:00,16,0,2,4.116743191386747
2025-02-24 17:00:00,17,0,2,6.473124122540745
2025-02-24 18:00:00,18,0,2,5.892369615591134
2025-02-24 19:00:00,19,0,2,4.9752655070599365
2025-02-24 20:00:00,20,0,2,4.68572596711607
2025-02-24 21:00:00,21,0,2,4.627910118258133
2025-02-24 22:00:00,22,0,2,4.195534947356466
2025-02-24 23:00:00,23,0,2,1.1261733731291639
2025-02-25 00:00:00,0,1,2,1.0737712305252403
2025-02-25 01:00:00,1,1,2,1.2118771017426924
2025-02-25 02:00:00,2,1,2,1.022911749342761
2025-02-25 03:00:00,3,1,2,1.3955625518538228
2025-02-25 04:00:00,4,1,2,1.4651295941442266
2025-02-25 05:00:00,5,1,2,0.9598133734584514
2025-02-25 06:00:00,6,1,2,3.7360372748187167
2025-02-25 07:00:00,7,1,2,4.442364977711354
2025-02-25 08:00:00,8,1,2,4.4043506705173385
2025-02-25 09:00:00,9,1,2,5.489971491998482
2025-02-25 10:00:00,10,1,2,4.172960504717301
2025-02-25 11:00:00,11,1,2,4.286542846355585
2025-02-25 12:00:00,12,1,2,3.863511591061519
2025-02-25 13:00:00,13,1,2,4.5962904547399805
2025-02-25 14:00:00,14,1,2,4.008355722314447
2025-02-25 15:00:00,15,1,2,3.664203717229442
2025-02-25 16:00:00,16,1,2,3.3152991063634456
2025-02-25 17:00:00,17,1,2,6.129012125404748
2025-02-25 18:00:00,18,1,2,5.73295784023729
2025-02-25 19:00:00,19,1,2,5.568166488950195
2025-02-25 20:00:00,20,1,2,5.1760010247661645
2025-02-25 21:00:00,21,1,2,4.751218408061366
2025-02-25 22:00:00,22,1,2,4.614115096118719
2025-02-25 23:00:00,23,1,2,1.6772204042378789
2025-02-26 00:00:00,0,2,2,1.430932914742927
2025-02-26 01:00:00,1,2,2,0.40604081262003855
2025-02-26 02:00:00,2,2,2,0.1
2025-02-26 03:00:00,3,2,2,1.5746898588190514
2025-02-26 04:00:00,4,2,2,0.8925883488540102
2025-02-26 05:00:00,5,2,2,1.6600938392429265
2025-02-26 06:00:00,6,2,2,3.6437262219224746
2025-02-26 07:00:00,7,2,2,3.779207824967992
2025-02-26 08:00:00,8,2,2,5.104813658935697
2025-02-26 09:00:00,9,2,2,5.553662064121059
2025-02-26 10:00:00,10,2,2,3.3300560114891335
2025-02-26 11:00:00,11,2,2,2.7626211888186942
2025-02-26 12:00:00,12,2,2,3.7303909601326093
2025-02-26 13:00:00,13,2,2,4.156721602161019
2025-02-26 14:00:00,14,2,2,3.357324111923951
2025-02-26 15:00:00,15,2,2,3.8723820735883203
2025-02-26 16:00:00,16,2,2,3.5545362321106233
2025-02-26 17:00:00,17,2,2,6.481716599840436
2025-02-26 18:00:00,18,2,2,5.936060715019443
2025-02-26 19:00:00,19,2,2,5.1107724236473775
2025-02-26 20:00:00,20,2,2,5.590400033012015
2025-02-26 21:00:00,21,2,2,4.686588170789212
2025-02-26 22:00:00,22,2,2,4.4284180124162065
2025-02-26 23:00:00,23,2,2,0.8276547106940637
2025-02-27 00:00:00,0,3,2,0.8737983600897934
2025-02-27 01:00:00,1,3,2,0.6460789143892396
2025-02-27 02:00:00,2,3,2,0.9819328365970282
2025-02-27 03:00:00,3,3,2,1.8856452863802793
2025-02-27 04:00:00,4,3,2,0.8905793710476361
2025-02-27 05:00:00,5,3,2,1.1045754408493034
2025-02-27 06:00:00,6,3,2,4.700239563343662
2025-02-27 07:00:00,7,3,2,4.416270529139253
2025-02-27 08:00:00,8,3,2,4.620599472189815
2025-02-27 09:00:00,9,3,2,5.66596187495843
2025-02-27 10:00:00,10,3,2,3.3184139558850756
2025-02-27 11:00:00,11,3,2,4.529441991095433
2025-02-27 12:00:00,12,3,2,4.22005908796931
2025-02-27 13:00:00,13,3,2,3.804835436741719
2025-02-27 14:00:00,14,3,2,4.811812024739804
2025-02-27 15:00:00,15,3,2,3.5567521364753225
2025-02-27 16:00:00,16,3,2,3.8574983205835442
2025-02-27 17:00:00,17,3,2,6.369717032162597
2025-02-27 18:00:00,18,3,2,6.408925083413301
2025-02-27 19:00:00,19,3,2,6.124604478690741
2025-02-27 20:00:00,20,3,2,5.124573091972525
2025-02-27 21:00:00,21,3,2,4.448632851861527
2025-02-27 22:00:00,22,3,2,4.623328685395825
2025-02-27 23:00:00,23,3,2,0.9298757464224998
2025-02-28 00:00:00,0,4,2,1.8564661595770469
2025-02-28 01:00:00,1,4,2,1.0546141324330949
2025-02-28 02:00:00,2,4,2,0.9049826400415539
2025-02-28 03:00:00,3,4,2,1.2748340166693053
2025-02-28 04:00:00,4,4,2,0.9004893124083
2025-02-28 05:00:00,5,4,2,1.3613543845957394
2025-02-28 06:00:00,6,4,2,4.591936995523989
2025-02-28 07:00:00,7,4,2,4.237242288411442
2025-02-28 08:00:00,8,4,2,4.469464174581006
2025-02-28 09:00:00,9,4,2,5.464661101010915
2025-02-28 10:00:00,10,4,2,4.0349418336450205
2025-02-28 11:00:00,11,4,2,4.086619429942685
2025-02-28 12:00:00,12,4,2,4.347307813755929
2025-02-28 13:00:00,13,4,2,3.6972819645722157
2025-02-28 14:00:00,14,4,2,3.380164472736865
2025-02-28 15:00:00,15,4,2,4.399571566458853
2025-02-28 16:00:00,16,4,2,3.431588236242967
2025-02-28 17:00:00,17,4,2,6.149666793417981
2025-02-28 18:00:00,18,4,2,6.4195062243934045
2025-02-28 19:00:00,19,4,2,5.722492003760264
2025-02-28 20:00:00,20,4,2,5.294126541178861
2025-02-28 21:00:00,21,4,2,5.616000937960433
2025-02-28 22:00:00,22,4,2,4.181932536068122
2025-02-28 23:00:00,23,4,2,1.572097945555837
2025-03-01 00:00:00,0,5,3,1.8739165105252313
2025-03-01 01:00:00,1,5,3,1.907436911545303
2025-03-01 02:00:00,2,5,3,2.4624986311314103
2025-03-01 03:00:00,3,5,3,2.2040961968391914
2025-03-01 04:00:00,4,5,3,2.454658259840032
2025-03-01 05:00:00,5,5,3,2.979002934923921
2025-03-01 06:00:00,6,5,3,4.7657903405290645
2025-03-01 07:00:00,7,5,3,4.964316133064397
2025-03-01 08:00:00,8,5,3,5.270304890045368
2025-03-01 09:00:00,9,5,3,5.263457364249599
2025-03-01 10:00:00,10,5,3,5.18314302375595
2025-03-01 11:00:00,11,5,3,4.157754759387984
2025-03-01 12:00:00,12,5,3,4.660387289999294
2025-03-01 13:00:00,13,5,3,4.689274680044432
2025-03-01 14:00:00,14,5,3,4.871851418557243
2025-03-01 15:00:00,15,5,3,4.925332990692376
2025-03-01 16:00:00,16,5,3,4.70484956712372
2025-03-01 17:00:00,17,5,3,6.816769024572425
2025-03-01 18:00:00,18,5,3,6.621379882139217
2025-03-01 19:00:00,19,5,3,6.41303198019532
2025-03-01 20:00:00,20,5,3,5.8122949818728
2025-03-01 21:00:00,21,5,3,6.1929382304079965
2025-03-01 22:00:00,22,5,3,5.43572980887548
2025-03-01 23:00:00,23,5,3,2.2949130087432694
2025-03-02 00:00:00,0,6,3,2.1162637680333627
2025-03-02 01:00:00,1,6,3,2.26938954299413
2025-03-02 02:00:00,2,6,3,1.9235198840478802
2025-03-02 03:00:00,3,6,3,1.4822291151410032
2025-03-02 04:00:00,4,6,3,2.3992150089212356
2025-03-02 05:00:00,5,6,3,2.289457242483268
2025-03-02 06:00:00,6,6,3,4.700324759646316
2025-03-02 07:00:00,7,6,3,5.534545607502037
2025-03-02 08:00:00,8,6,3,6.183541796227235
2025-03-02 09:00:00,9,6,3,6.0585086306944245
2025-03-02 10:00:00,10,6,3,4.484193376819407
2025-03-02 11:00:00,11,6,3,5.279924083530753
2025-03-02 12:00:00,12,6,3,4.84519001122903
2025-03-02 13:00:00,13,6,3,5.840673245672158
2025-03-02 14:00:00,14,6,3,4.97509259768622
2025-03-02 15:00:00,15,6,3,3.8947330020143305
2025-03-02 16:00:00,16,6,3,4.661996820221635
2025-03-02 17:00:00,17,6,3,7.202463353953111
2025-03-02 18:00:00,18,6,3,7.204129669286879
2025-03-02 19:00:00,19,6,3,6.569272540507983
2025-03-02 20:00:00,20,6,3,5.856389038752709
2025-03-02 21:00:00,21,6,3,5.060280705484254
2025-03-02 22:00:00,22,6,3,5.155730525305769
2025-03-02 23:00:00,23,6,3,1.6607537126396221
2025-03-03 00:00:00,0,0,3,0.8189018806445084
2025-03-03 01:00:00,1,0,3,1.235431361768244
2025-03-03 02:00:00,2,0,3,1.7190730623069599
2025-03-03 03:00:00,3,0,3,1.3588305062525343
2025-03-03 04:00:00,4,0,3,0.9609866034061048
2025-03-03 05:00:00,5,0,3,1.9278410672880564
2025-03-03 06:00:00,6,0,3,4.590424027004479
2025-03-03 07:00:00,7,0,3,4.256086838272247
2025-03-03 08:00:00,8,0,3,4.834621700984615
2025-03-03 09:00:00,9,0,3,5.255875277891679
2025-03-03 10:00:00,10,0,3,3.2467008465469256
2025-03-03 11:00:00,11,0,3,4.058350279214202
2025-03-03 12:00:00,12,0,3,3.90050947999049
2025-03-03 13:00:00,13,0,3,4.167812977562811
2025-03-03 14:00:00,14,0,3,3.5938918683127623
2025-03-03 15:00:00,15,0,3,3.624054785547294
2025-03-03 16:00:00,16,0,3,3.84961271491093
2025-03-03 17:00:00,17,0,3,6.100866739163293
2025-03-03 18:00:00,18,0,3,6.579014108147144
2025-03-03 19:00:00,19,0,3,5.340145525754159
2025-03-03 20:00:00,20,0,3,5.201645322646973
2025-03-03 21:00:00,21,0,3,5.123036332749236
2025-03-03 22:00:00,22,0,3,3.8719935350469665
2025-03-03 23:00:00,23,0,3,0.4966383695310318
2025-03-04 00:00:00,0,1,3,0.4408487347383595
2025-03-04 01:00:00,1,1,3,1.505033641370873
2025-03-04 02:00:00,2,1,3,0.8303680022094188
2025-03-04 03:00:00,3,1,3,2.224241608590643
2025-03-04 04:00:00,4,1,3,1.2136407887572231
2025-03-04 05:00:00,5,1,3,1.8238205212788148
2025-03-04 06:00:00,6,1,3,4.728615413373369
2025-03-04 07:00:00,7,1,3,5.302437155263649
2025-03-04 08:00:00,8,1,3,5.712829998308341
2025-03-04 09:00:00,9,1,3,5.733346492237257
2025-03-04 10:00:00,10,1,3,3.9702851821044063
2025-03-04 11:00:00,11,1,3,4.036048885357131
2025-03-04 12:00:00,12,1,3,4.260233169900258
2025-03-04 13:00:00,13,1,3,3.7795257134685865
2025-03-04 14:00:00,14,1,3,3.6216091860646795
2025-03-04 15:00:00,15,1,3,3.7976883227122773
2025-03-04 16:00:00,16,1,3,3.49258632276985
2025-03-04 17:00:00,17,1,3,6.06870878026909
2025-03-04 18:00:00,18,1,3,6.166783546636467
2025-03-04 19:00:00,19,1,3,5.882122083428205
2025-03-04 20:00:00,20,1,3,5.147134186862957
2025-03-04 21:00:00,21,1,3,5.341012032422105
2025-03-04 22:00:00,22,1,3,3.982664182566777
2025-03-04 23:00:00,23,1,3,1.123498110611455
2025-03-05 00:00:00,0,2,3,0.7643823323252754
2025-03-05 01:00:00,1,2,3,0.25338535317077593
2025-03-05 02:00:00,2,2,3,1.0180389862293178
2025-03-05 03:00:00,3,2,3,1.1522628909700285
2025-03-05 04:00:00,4,2,3,2.044719725517031
2025-03-05 05:00:00,5,2,3,2.002324673821911
2025-03-05 06:00:00,6,2,3,3.7020967026145364
2025-03-05 07:00:00,7,2,3,5.241637026533676
2025-03-05 08:00:00,8,2,3,5.376642045863923
2025-03-05 09:00:00,9,2,3,5.482839081387446
2025-03-05 10:00:00,10,2,3,3.4700665322398887
2025-03-05 11:00:00,11,2,3,3.4152624109872662
2025-03-05 12:00:00,12,2,3,3.800006029005181
2025-03-05 13:00:00,13,2,3,4.435499447881674
2025-03-05 14:00:00,14,2,3,4.702723261807446
2025-03-05 15:00:00,15,2,3,4.416335516985534
2025-03-05 16:00:00,16,2,3,3.365120403065312
2025-03-05 17:00:00,17,2,3,5.802153026684396
2025-03-05 18:00:00,18,2,3,5.9445830664182635
2025-03-05 19:00:00,19,2,3,4.792624253774859
2025-03-05 20:00:00,20,2,3,5.241038518020131
2025-03-05 21:00:00,21,2,3,4.690958965480532
2025-03-05 22:00:00,22,2,3,4.252925227472882
2025-03-05 23:00:00,23,2,3,0.563080667416624
2025-03-06 00:00:00,0,3,3,1.256551303194284
2025-03-06 01:00:00,1,3,3,0.7869196641352354
2025-03-06 02:00:00,2,3,3,0.5831445262822823
2025-03-06 03:00:00,3,3,3,0.1
2025-03-06 04:00:00,4,3,3,1.428333866199924
2025-03-06 05:00:00,5,3,3,2.4589006386678975
2025-03-06 06:00:00,6,3,3,4.776275118165366
2025-03-06 07:00:00,7,3,3,4.3171614973654915
2025-03-06 08:00:00,8,3,3,4.64734374350907
2025-03-06 09:00:00,9,3,3,5.43750970243001
2025-03-06 10:00:00,10,3,3,3.1613059961045047
2025-03-06 11:00:00,11,3,3,3.9197548656044443
2025-03-06 12:00:00,12,3,3,4.255320850787479
2025-03-06 13:00:00,13,3,3,4.490773289553723
2025-03-06 14:00:00,14,3,3,3.9088271088416215
2025-03-06 15:00:00,15,3,3,3.7175686056058717
2025-03-06 16:00:00,16,3,3,3.2094671370771968
2025-03-06 17:00:00,17,3,3,5.919247858384056
2025-03-06 18:00:00,18,3,3,5.797637010893171
2025-03-06 19:00:00,19,3,3,5.646946202726471
2025-03-06 20:00:00,20,3,3,5.477205282839519
2025-03-06 21:00:00,21,3,3,4.428728419727862
2025-03-06 22:00:00,22,3,3,5.036415255803988
2025-03-06 23:00:00,23,3,3,1.0925124539063147
2025-03-07 00:00:00,0,4,3,1.042564342827023
2025-03-07 01:00:00,1,4,3,0.7011153283408706
2025-03-07 02:00:00,2,4,3,0.1
2025-03-07 03:00:00,3,4,3,1.5545800528677618
2025-03-07 04:00:00,4,4,3,1.734077387057152
2025-03-07 05:00:00,5,4,3,1.6374689771527147
2025-03-07 06:00:00,6,4,3,4.138567719236168
2025-03-07 07:00:00,7,4,3,4.70637568708164
2025-03-07 08:00:00,8,4,3,4.263210224899164
2025-03-07 09:00:00,9,4,3,5.038378929061482
2025-03-07 10:00:00,10,4,3,3.878366043628552
2025-03-07 11:00:00,11,4,3,3.2973223364089583
2025-03-07 12:00:00,12,4,3,4.066311912300254
2025-03-07 13:00:00,13,4,3,3.457367278150638
2025-03-07 14:00:00,14,4,3,4.135460732407013
2025-03-07 15:00:00,15,4,3,3.7847815127576645
2025-03-07 16:00:00,16,4,3,2.9146074454176176
2025-03-07 17:00:00,17,4,3,6.715895741782869
2025-03-07 18:00:00,18,4,3,5.594391936934562
2025-03-07 19:00:00,19,4,3,5.175899025194248
2025-03-07 20:00:00,20,4,3,5.191999111238595
2025-03-07 21:00:00,21,4,3,5.209454939771486
2025-03-07 22:00:00,22,4,3,4.03301110062882
2025-03-07 23:00:00,23,4,3,1.2256338342625308
2025-03-08 00:00:00,0,5,3,2.0226378606986266
2025-03-08 01:00:00,1,5,3,2.0772422429052577
2025-03-08 02:00:00,2,5,3,1.9216878826772876
2025-03-08 03:00:00,3,5,3,1.8541507586900128
2025-03-08 04:00:00,4,5,3,1.908303739960691
2025-03-08 05:00:00,5,5,3,2.5844575532185496
2025-03-08 06:00:00,6,5,3,4.482915827551976
2025-03-08 07:00:00,7,5,3,4.131459806602157
2025-03-08 08:00:00,8,5,3,5.8628524893168485
2025-03-08 09:00:00,9,5,3,6.411573936434478
2025-03-08 10:00:00,10,5,3,3.4154871975630865
2025-03-08 11:00:00,11,5,3,4.195145823792683
2025-03-08 12:00:00,12,5,3,4.996550443835681
2025-03-08 13:00:00,13,5,3,5.622998187884679
2025-03-08 14:00:00,14,5,3,4.757206222503766
2025-03-08 15:00:00,15,5,3,4.3078369291850045
2025-03-08 16:00:00,16,5,3,4.287501595337885
2025-03-08 17:00:00,17,5,3,7.599950567659274
2025-03-08 18:00:00,18,5,3,6.429842896003967
2025-03-08 19:00:00,19,5,3,5.9803231973398985
2025-03-08 20:00:00,20,5,3,5.7186740234734055
2025-03-08 21:00:00,21,5,3,5.168668556696515
2025-03-08 22:00:00,22,5,3,5.288407954618097
2025-03-08 23:00:00,23,5,3,2.6508332777111665
2025-03-09 00:00:00,0,6,3,1.9803429698128092
2025-03-09 01:00:00,1,6,3,1.699058599149485
2025-03-09 02:00:00,2,6,3,1.73438675300018
2025-03-09 03:00:00,3,6,3,1.375685570844679
2025-03-09 04:00:00,4,6,3,2.5925837390790427
2025-03-09 05:00:00,5,6,3,2.518865121194879
2025-03-09 06:00:00,6,6,3,4.839579466909968
2025-03-09 07:00:00,7,6,3,6.5772430271379445
2025-03-09 08:00:00,8,6,3,5.807729731000056
2025-03-09 09:00:00,9,6,3,5.749283579961926
2025-03-09 10:00:00,10,6,3,4.190117133297604
2025-03-09 11:00:00,11,6,3,5.05841638935536
2025-03-09 12:00:00,12,6,3,4.794196903648708
2025-03-09 13:00:00,13,6,3,4.224688808673053
2025-03-09 14:00:00,14,6,3,5.116580313263684
2025-03-09 15:00:00,15,6,3,4.331780471461061
2025-03-09 16:00:00,16,6,3,5.10997928226684
2025-03-09 17:00:00,17,6,3,7.48201922628586
2025-03-09 18:00:00,18,6,3,6.5092998093902805
2025-03-09 19:00:00,19,6,3,6.812406544694045
2025-03-09 20:00:00,20,6,3,5.93891363655718
2025-03-09 21:00:00,21,6,3,5.891109470048888
2025-03-09 22:00:00,22,6,3,5.433232955137969
2025-03-09 23:00:00,23,6,3,1.6624192323269928
2025-03-10 00:00:00,0,0,3,0.7936913276394126
2025-03-10 01:00:00,1,0,3,1.4119843270324646
2025-03-10 02:00:00,2,0,3,0.9172011277237812
2025-03-10 03:00:00,3,0,3,1.0395025090265433
2025-03-10 04:00:00,4,0,3,1.0572907964804374
2025-03-10 05:00:00,5,0,3,1.9194396262373845
2025-03-10 06:00:00,6,0,3,4.936781400043476
2025-03-10 07:00:00,7,0,3,4.072986834298291
2025-03-10 08:00:00,8,0,3,4.897916350322885
2025-03-10 09:00:00,9,0,3,5.8148882221661715
2025-03-10 10:00:00,10,0,3,3.5288036152815354
2025-03-10 11:00:00,11,0,3,3.9799868241765517
2025-03-10 12:00:00,12,0,3,3.5239313281748506
2025-03-10 13:00:00,13,0,3,4.171322838883059
2025-03-10 14:00:00,14,0,3,3.874031033431783
2025-03-10 15:00:00,15,0,3,4.193330103948603
2025-03-10 16:00:00,16,0,3,4.035614592405722
2025-03-10 17:00:00,17,0,3,7.285825456807446
2025-03-10 18:00:00,18,0,3,6.120081836939212
2025-03-10 19:00:00,19,0,3,5.630318526632866
2025-03-10 20:00:00,20,0,3,5.1895251529771524
2025-03-10 21:00:00,21,0,3,4.608733482875724
2025-03-10 22:00:00,22,0,3,4.574733365604856
2025-03-10 23:00:00,23,0,3,1.0828013302677304
2025-03-11 00:00:00,0,1,3,1.1184956510742432
2025-03-11 01:00:00,1,1,3,1.5270390142431838
2025-03-11 02:00:00,2,1,3,0.648494234454541
2025-03-11 03:00:00,3,1,3,1.65691331877496
2025-03-11 04:00:00,4,1,3,1.9661858551561249
2025-03-11 05:00:00,5,1,3,1.7027725892035686
2025-03-11 06:00:00,6,1,3,3.2630294727427804
2025-03-11 07:00:00,7,1,3,4.256871205162227
2025-03-11 08:00:00,8,1,3,5.4070263862782255
2025-03-11 09:00:00,9,1,3,5.240852775080447
2025-03-11 10:00:00,10,1,3,3.160939278861857
2025-03-11 11:00:00,11,1,3,3.597128137185371
2025-03-11 12:00:00,12,1,3,4.285136750035424
2025-03-11 13:00:00,13,1,3,4.218693427280551
2025-03-11 14:00:00,14,1,3,3.853315899765725
2025-03-11 15:00:00,15,1,3,3.652308340950783
2025-03-11 16:00:00,16,1,3,3.403956912162293
2025-03-11 17:00:00,17,1,3,5.881035926200599
2025-03-11 18:00:00,18,1,3,6.534378843441559
2025-03-11 19:00:00,19,1,3,5.371071812315464
2025-03-11 20:00:00,20,1,3,5.598634840676417
2025-03-11 21:00:00,21,1,3,5.358526420768981
2025-03-11 22:00:00,22,1,3,4.838664187479363
2025-03-11 23:00:00,23,1,3,1.0283137692361228
2025-03-12 00:00:00,0,2,3,1.2126032967010412
2025-03-12 01:00:00,1,2,3,0.9903217574436335
2025-03-12 02:00:00,2,2,3,0.6896305162743461
2025-03-12 03:00:00,3,2,3,1.3307056070119831
2025-03-12 04:00:00,4,2,3,0.9677239117562575
2025-03-12 05:00:00,5,2,3,2.2250717553846258
2025-03-12 06:00:00,6,2,3,3.925924513426861
2025-03-12 07:00:00,7,2,3,4.580463862349136
2025-03-12 08:00:00,8,2,3,5.001543716272239
2025-03-12 09:00:00,9,2,3,5.146438010518369
2025-03-12 10:00:00,10,2,3,3.795337692369931
2025-03-12 11:00:00,11,2,3,3.6090766430276484
2025-03-12 12:00:00,12,2,3,4.2974076584165
2025-03-12 13:00:00,13,2,3,3.4616081279013007
2025-03-12 14:00:00,14,2,3,3.9994405712521672
2025-03-12 15:00:00,15,2,3,4.574609705299972
2025-03-12 16:00:00,16,2,3,3.1605276419375916
2025-03-12 17:00:00,17,2,3,5.978902011790059
2025-03-12 18:00:00,18,2,3,6.093791707517347
2025-03-12 19:00:00,19,2,3,5.571832712775839
2025-03-12 20:00:00,20,2,3,5.252023472055642
2025-03-12 21:00:00,21,2,3,4.945674852059065
2025-03-12 22:00:00,22,2,3,4.693228415644887
2025-03-12 23:00:00,23,2,3,1.6448418311058315
2025-03-13 00:00:00,0,3,3,1.2150387233378024
2025-03-13 01:00:00,1,3,3,0.903496938152583
2025-03-13 02:00:00,2,3,3,1.32014074104749
2025-03-13 03:00:00,3,3,3,1.9609146682814282
2025-03-13 04:00:00,4,3,3,1.3862863296671493
2025-03-13 05:00:00,5,3,3,1.3601882781317434
2025-03-13 06:00:00,6,3,3,4.554603700061008
2025-03-13 07:00:00,7,3,3,4.451847534418561
2025-03-13 08:00:00,8,3,3,4.019160749248167
2025-03-13 09:00:00,9,3,3,5.588968670860169
2025-03-13 10:00:00,10,3,3,3.3465288973982523
2025-03-13 11:00:00,11,3,3,3.762824792754994
2025-03-13 12:00:00,12,3,3,4.0816808716612085
2025-03-13 13:00:00,13,3,3,4.076199871911626
2025-03-13 14:00:00,14,3,3,4.232669466289218
2025-03-13 15:00:00,15,3,3,3.6248435574487208
2025-03-13 16:00:00,16,3,3,3.7659024910502543
2025-03-13 17:00:00,17,3,3,6.146181328966433
2025-03-13 18:00:00,18,3,3,6.183752760008783
2025-03-13 19:00:00,19,3,3,5.746146993605222
2025-03-13 20:00:00,20,3,3,4.73759595152838
2025-03-13 21:00:00,21,3,3,5.184392846470013
2025-03-13 22:00:00,22,3,3,4.22495445017456
2025-03-13 23:00:00,23,3,3,1.5241850136358002
2025-03-14 00:00:00,0,4,3,1.1980261859269337
2025-03-14 01:00:00,1,4,3,1.735273470718049
2025-03-14 02:00:00,2,4,3,0.9617248676176566
2025-03-14 03:00:00,3,4,3,1.061235175876063
2025-03-14 04:00:00,4,4,3,1.4315719858650855
2025-03-14 05:00:00,5,4,3,1.62872808686629
2025-03-14 06:00:00,6,4,3,4.431748193123038
2025-03-14 07:00:00,7,4,3,3.8534757566253646
2025-03-14 08:00:00,8,4,3,4.46675559999524
2025-03-14 09:00:00,9,4,3,4.822878831368323
2025-03-14 10:00:00,10,4,3,3.940783208569252
2025-03-14 11:00:00,11,4,3,4.4832834547094285
2025-03-14 12:00:00,12,4,3,3.907109052018614
2025-03-14 13:00:00,13,4,3,3.932471310723996
2025-03-14 14:00:00,14,4,3,3.976909604678875
2025-03-14 15:00:00,15,4,3,4.263789426719934
2025-03-14 16:00:00,16,4,3,3.189718918103592
2025-03-14 17:00:00,17,4,3,6.345347593093914
2025-03-14 18:00:00,18,4,3,6.278307619566753
2025-03-14 19:00:00,19,4,3,5.7004376679759385
2025-03-14 20:00:00,20,4,3,5.187604078985716
2025-03-14 21:00:00,21,4,3,5.150418437026857
2025-03-14 22:00:00,22,4,3,3.358046911020484
2025-03-14 23:00:00,23,4,3,1.4721120221357054
2025-03-15 00:00:00,0,5,3,1.589480987315428
2025-03-15 01:00:00,1,5,3,1.0677468412574171
2025-03-15 02:00:00,2,5,3,2.05559230037639
2025-03-15 03:00:00,3,5,3,2.550425312388525
2025-03-15 04:00:00,4,5,3,2.184360422369102
2025-03-15 05:00:00,5,5,3,2.9311498188811753
2025-03-15 06:00:00,6,5,3,5.556682735541677
2025-03-15 07:00:00,7,5,3,5.825965781433618
2025-03-15 08:00:00,8,5,3,6.344214379402339
2025-03-15 09:00:00,9,5,3,6.346850996428756
2025-03-15 10:00:00,10,5,3,4.3908336273404585
2025-03-15 11:00:00,11,5,3,3.9582517809177906
2025-03-15 12:00:00,12,5,3,4.650463744181623
2025-03-15 13:00:00,13,5,3,4.462701361873523
2025-03-15 14:00:00,14,5,3,5.617265826432728
2025-03-15 15:00:00,15,5,3,4.528683780703723
2025-03-15 16:00:00,16,5,3,4.409942094493616
2025-03-15 17:00:00,17,5,3,7.270594150416187
2025-03-15 18:00:00,18,5,3,6.7056695462027625
2025-03-15 19:00:00,19,5,3,6.978020416172301
2025-03-15 20:00:00,20,5,3,5.662711687652438
2025-03-15 21:00:00,21,5,3,5.627842982094897
2025-03-15 22:00:00,22,5,3,4.94235159394096
2025-03-15 23:00:00,23,5,3,1.47295288983506
2025-03-16 00:00:00,0,6,3,1.6064036242042834
2025-03-16 01:00:00,1,6,3,1.7851852811806352
2025-03-16 02:00:00,2,6,3,1.6793903707594935
2025-03-16 03:00:00,3,6,3,1.7239935023737993
2025-03-16 04:00:00,4,6,3,1.6768128427514453
2025-03-16 05:00:00,5,6,3,2.516757770948522
2025-03-16 06:00:00,6,6,3,4.309883282733818
2025-03-16 07:00:00,7,6,3,5.604022385475841
2025-03-16 08:00:00,8,6,3,5.721204468827582
2025-03-16 09:00:00,9,6,3,5.4669794002140275
2025-03-16 10:00:00,10,6,3,4.236976540959876
2025-03-16 11:00:00,11,6,3,4.298175543440425
2025-03-16 12:00:00,12,6,3,4.876558543601274
2025-03-16 13:00:00,13,6,3,5.336180178409258
2025-03-16 14:00:00,14,6,3,3.9988197515753043
2025-03-16 15:00:00,15,6,3,4.645048537335625
2025-03-16 16:00:00,16,6,3,4.296607053553165
2025-03-16 17:00:00,17,6,3,7.318536030580186
2025-03-16 18:00:00,18,6,3,6.773507218948857
2025-03-16 19:00:00,19,6,3,5.999212267304472
2025-03-16 20:00:00,20,6,3,5.784149858079571
2025-03-16 21:00:00,21,6,3,5.2315896572786045
2025-03-16 22:00:00,22,6,3,5.669742683659618
2025-03-16 23:00:00,23,6,3,2.009486553792119
2025-03-17 00:00:00,0,0,3,1.8115875348676005
2025-03-17 01:00:00,1,0,3,0.9757356744741517
2025-03-17 02:00:00,2,0,3,0.7677485538022124
2025-03-17 03:00:00,3,0,3,0.5954761372782111
2025-03-17 04:00:00,4,0,3,0.7180839577178005
2025-03-17 05:00:00,5,0,3,1.116345622797804
2025-03-17 06:00:00,6,0,3,4.218622092750812
2025-03-17 07:00:00,7,0,3,4.703490009291974
2025-03-17 08:00:00,8,0,3,4.255752286840928
2025-03-17 09:00:00,9,0,3,5.608015325630446
2025-03-17 10:00:00,10,0,3,3.3674357511064454
2025-03-17 11:00:00,11,0,3,3.857755310470878
2025-03-17 12:00:00,12,0,3,4.593776990735773
2025-03-17 13:00:00,13,0,3,4.358735726346213
2025-03-17 14:00:00,14,0,3,3.8414764802712695
2025-03-17 15:00:00,15,0,3,3.442561215510543
2025-03-17 16:00:00,16,0,3,2.699934011248099
2025-03-17 17:00:00,17,0,3,5.962338672303032
2025-03-17 18:00:00,18,0,3,5.803776472122704
2025-03-17 19:00:00,19,0,3,5.105128189139526
2025-03-17 20:00:00,20,0,3,5.059268645509297
2025-03-17 21:00:00,21,0,3,4.780740753183507
2025-03-17 22:00:00,22,0,3,4.349397435496948
2025-03-17 23:00:00,23,0,3,0.9409608619939582
2025-03-18 00:00:00,0,1,3,1.1185731293530885
2025-03-18 01:00:00,1,1,3,1.1767762598277636
2025-03-18 02:00:00,2,1,3,0.614951629589259
2025-03-18 03:00:00,3,1,3,1.76533484622185
2025-03-18 04:00:00,4,1,3,1.3999045753064738
2025-03-18 05:00:00,5,1,3,1.757539849177939
2025-03-18 06:00:00,6,1,3,4.395057201648841
2025-03-18 07:00:00,7,1,3,4.5932864525054
2025-03-18 08:00:00,8,1,3,5.26948322121908
2025-03-18 09:00:00,9,1,3,5.36484966608073
2025-03-18 10:00:00,10,1,3,3.3156852219236463
2025-03-18 11:00:00,11,1,3,3.9436395157590987
2025-03-18 12:00:00,12,1,3,3.4913982565053376
2025-03-18 13:00:00,13,1,3,4.043423882310609
2025-03-18 14:00:00,14,1,3,3.935596743175818
2025-03-18 15:00:00,15,1,3,3.715791362767642
2025-03-18 16:00:00,16,1,3,3.509245167204249
2025-03-18 17:00:00,17,1,3,5.4972603818009445
2025-03-18 18:00:00,18,1,3,5.668738604557397
2025-03-18 19:00:00,19,1,3,5.5371379604564455
2025-03-18 20:00:00,20,1,3,5.175713989145178
2025-03-18 21:00:00,21,1,3,4.3389299436296165
2025-03-18 22:00:00,22,1,3,4.945622964566059
2025-03-18 23:00:00,23,1,3,0.8544919550375418
2025-03-19 00:00:00,0,2,3,1.438894140777092
2025-03-19 01:00:00,1,2,3,1.170877744748674
2025-03-19 02:00:00,2,2,3,0.7926203366288762
2025-03-19 03:00:00,3,2,3,1.9110862513671467
2025-03-19 04:00:00,4,2,3,0.9618850955175866
2025-03-19 05:00:00,5,2,3,2.1176616694440007
2025-03-19 06:00:00,6,2,3,4.512004359563409
2025-03-19 07:00:00,7,2,3,4.231751916369342
2025-03-19 08:00:00,8,2,3,5.445214687679513
2025-03-19 09:00:00,9,2,3,5.1499813941604184
2025-03-19 10:00:00,10,2,3,3.676137623491764
2025-03-19 11:00:00,11,2,3,3.903166841185146
2025-03-19 12:00:00,12,2,3,3.8951652428453833
2025-03-19 13:00:00,13,2,3,4.324323309263913
2025-03-19 14:00:00,14,2,3,4.266284227654488
2025-03-19 15:00:00,15,2,3,3.0996253163813856
2025-03-19 16:00:00,16,2,3,4.082396268931083
2025-03-19 17:00:00,17,2,3,5.58500320478573
2025-03-19 18:00:00,18,2,3,6.301247049390445
2025-03-19 19:00:00,19,2,3,5.9506820547310335
2025-03-19 20:00:00,20,2,3,4.675384860260139
2025-03-19 21:00:00,21,2,3,4.585674284818166
2025-03-19 22:00:00,22,2,3,3.9970579608258046
2025-03-19 23:00:00,23,2,3,1.114993482207848
2025-03-20 00:00:00,0,3,3,0.9278975468921009
2025-03-20 01:00:00,1,3,3,1.311864212907736
2025-03-20 02:00:00,2,3,3,1.5752347590142408
2025-03-20 03:00:00,3,3,3,1.7592354186393244
2025-03-20 04:00:00,4,3,3,1.2144726175888576
2025-03-20 05:00:00,5,3,3,1.6663112505021889
2025-03-20 06:00:00,6,3,3,3.438396155457838
2025-03-20 07:00:00,7,3,3,4.177651973401525
2025-03-20 08:00:00,8,3,3,5.274169220892764
2025-03-20 09:00:00,9,3,3,5.896233129419293
2025-03-20 10:00:00,10,3,3,3.0669206230278525
2025-03-20 11:00:00,11,3,3,3.5620524020155004
2025-03-20 12:00:00,12,3,3,3.9383264366500317
2025-03-20 13:00:00,13,3,3,4.112064463527843
2025-03-20 14:00:00,14,3,3,3.625047331464944
2025-03-20 15:00:00,15,3,3,3.968662523462294
2025-03-20 16:00:00,16,3,3,3.371124432951455
2025-03-20 17:00:00,17,3,3,6.244219091648688
2025-03-20 18:00:00,18,3,3,6.106742266855261
2025-03-20 19:00:00,19,3,3,5.502568907924375
2025-03-20 20:00:00,20,3,3,4.937217076135591
2025-03-20 21:00:00,21,3,3,4.706156078429668
2025-03-20 22:00:00,22,3,3,4.403994644538045
2025-03-20 23:00:00,23,3,3,1.0529574823704912
2025-03-21 00:00:00,0,4,3,0.9475928354995565
2025-03-21 01:00:00,1,4,3,1.6394588682018867
2025-03-21 02:00:00,2,4,3,1.275479039742893
2025-03-21 03:00:00,3,4,3,1.0827697671116778
2025-03-21 04:00:00,4,4,3,1.7181215900244728
2025-03-21 05:00:00,5,4,3,1.616472204097596
2025-03-21 06:00:00,6,4,3,4.581021287380875
2025-03-21 07:00:00,7,4,3,4.647856876879238
2025-03-21 08:00:00,8,4,3,4.84530771005209
2025-03-21 09:00:00,9,4,3,5.429086770324111
2025-03-21 10:00:00,10,4,3,2.9323097109524214
2025-03-21 11:00:00,11,4,3,3.348331118112736
2025-03-21 12:00:00,12,4,3,3.47131873687398
2025-03-21 13:00:00,13,4,3,4.057177237905483
2025-03-21 14:00:00,14,4,3,4.64189473922764
2025-03-21 15:00:00,15,4,3,4.691558164153711
2025-03-21 16:00:00,16,4,3,3.8158806123561244
2025-03-21 17:00:00,17,4,3,6.450337789977783
2025-03-21 18:00:00,18,4,3,5.167805473992686
2025-03-21 19:00:00,19,4,3,5.282930480106391
2025-03-21 20:00:00,20,4,3,4.7966579315829225
2025-03-21 21:00:00,21,4,3,4.501660960699554
2025-03-21 22:00:00,22,4,3,4.372082300786263
2025-03-21 23:00:00,23,4,3,1.0121256632444913
2025-03-22 00:00:00,0,5,3,1.0593913364160823
2025-03-22 01:00:00,1,5,3,2.0991641024470136
2025-03-22 02:00:00,2,5,3,1.4220140502704748
2025-03-22 03:00:00,3,5,3,2.096660639967802
2025-03-22 04:00:00,4,5,3,3.0689728961201683
2025-03-22 05:00:00,5,5,3,2.1822461633654306
2025-03-22 06:00:00,6,5,3,3.899656423247686
2025-03-22 07:00:00,7,5,3,5.185598311247955
2025-03-22 08:00:00,8,5,3,6.12861242165321
2025-03-22 09:00:00,9,5,3,6.833338981688238
2025-03-22 10:00:00,10,5,3,3.868840333998855
2025-03-22 11:00:00,11,5,3,4.797717794971266
2025-03-22 12:00:00,12,5,3,4.562764556721581
2025-03-22 13:00:00,13,5,3,4.757620658278346
2025-03-22 14:00:00,14,5,3,5.806626078240416
2025-03-22 15:00:00,15,5,3,3.9978499743185965
2025-03-22 16:00:00,16,5,3,4.462156036377651
2025-03-22 17:00:00,17,5,3,7.237077268706173
2025-03-22 18:00:00,18,5,3,7.12254309762952
2025-03-22 19:00:00,19,5,3,6.339193261388358
2025-03-22 20:00:00,20,5,3,6.03499164814786
2025-03-22 21:00:00,21,5,3,5.393340573031283
2025-03-22 22:00:00,22,5,3,5.346990604718222
2025-03-22 23:00:00,23,5,3,1.863684984124378
2025-03-23 00:00:00,0,6,3,2.099740016508818
2025-03-23 01:00:00,1,6,3,1.6521558655825466
2025-03-23 02:00:00,2,6,3,2.001951418127272
2025-03-23 03:00:00,3,6,3,1.9892567688493505
2025-03-23 04:00:00,4,6,3,2.689759928529046
2025-03-23 05:00:00,5,6,3,2.5294425105646052
2025-03-23 06:00:00,6,6,3,4.202558445063466
2025-03-23 07:00:00,7,6,3,5.8047686002855965
2025-03-23 08:00:00,8,6,3,5.325935647308734
2025-03-23 09:00:00,9,6,3,5.788493464540472
2025-03-23 10:00:00,10,6,3,4.122395654162425
2025-03-23 11:00:00,11,6,3,5.148813342944985
2025-03-23 12:00:00,12,6,3,3.894619053842124
2025-03-23 13:00:00,13,6,3,6.0550994134639975
2025-03-23 14:00:00,14,6,3,5.171311463060023
2025-03-23 15:00:00,15,6,3,4.688333671328322
2025-03-23 16:00:00,16,6,3,4.338702571533307
2025-03-23 17:00:00,17,6,3,7.1642216299430626
2025-03-23 18:00:00,18,6,3,6.896677539005517
2025-03-23 19:00:00,19,6,3,6.558086234380022
2025-03-23 20:00:00,20,6,3,6.134013218747597
2025-03-23 21:00:00,21,6,3,5.585832272502099
2025-03-23 22:00:00,22,6,3,5.160404460097248
2025-03-23 23:00:00,23,6,3,1.9404525808619375
2025-03-24 00:00:00,0,0,3,0.973147948425325
2025-03-24 01:00:00,1,0,3,1.4535080387468258
2025-03-24 02:00:00,2,0,3,1.2885339494787422
2025-03-24 03:00:00,3,0,3,0.1
2025-03-24 04:00:00,4,0,3,1.701700138832083
2025-03-24 05:00:00,5,0,3,1.82789447788751
2025-03-24 06:00:00,6,0,3,4.104287929767859
2025-03-24 07:00:00,7,0,3,4.3445926187644455
2025-03-24 08:00:00,8,0,3,5.3378736556481865
2025-03-24 09:00:00,9,0,3,5.629010584849143
2025-03-24 10:00:00,10,0,3,3.2515091046503777
2025-03-24 11:00:00,11,0,3,3.961859020526472
2025-03-24 12:00:00,12,0,3,3.560226045617088
2025-03-24 13:00:00,13,0,3,3.448152734084428
2025-03-24 14:00:00,14,0,3,3.6982018495976163
2025-03-24 15:00:00,15,0,3,4.1439954946297615
2025-03-24 16:00:00,16,0,3,3.941910189930256
2025-03-24 17:00:00,17,0,3,6.455234168038917
2025-03-24 18:00:00,18,0,3,6.178266882392981
2025-03-24 19:00:00,19,0,3,5.706471314845984
2025-03-24 20:00:00,20,0,3,4.8551787942570375
2025-03-24 21:00:00,21,0,3,4.922769017869577
2025-03-24 22:00:00,22,0,3,4.759503638311252
2025-03-24 23:00:00,23,0,3,1.502678426248772
2025-03-25 00:00:00,0,1,3,1.5266766091562547
2025-03-25 01:00:00,1,1,3,1.2833215388804255
2025-03-25 02:00:00,2,1,3,1.1916905435830307
2025-03-25 03:00:00,3,1,3,1.629021989649913
2025-03-25 04:00:00,4,1,3,1.4287313245205546
2025-03-25 05:00:00,5,1,3,1.397250139508913
2025-03-25 06:00:00,6,1,3,4.046544646768713
2025-03-25 07:00:00,7,1,3,4.2020389420774205
2025-03-25 08:00:00,8,1,3,4.618157257664029
2025-03-25 09:00:00,9,1,3,5.1921925317137925
2025-03-25 10:00:00,10,1,3,3.2436922033798368
2025-03-25 11:00:00,11,1,3,3.675853493821042
2025-03-25 12:00:00,12,1,3,3.1914428726520883
2025-03-25 13:00:00,13,1,3,4.085317482949176
2025-03-25 14:00:00,14,1,3,3.949370929578492
2025-03-25 15:00:00,15,1,3,3.472202653249382
2025-03-25 16:00:00,16,1,3,3.8243584391527836
2025-03-25 17:00:00,17,1,3,6.625028055050623
2025-03-25 18:00:00,18,1,3,5.245204621906192
2025-03-25 19:00:00,19,1,3,5.194910088573514
2025-03-25 20:00:00,20,1,3,4.8041144924312995
2025-03-25 21:00:00,21,1,3,4.374038759556454
2025-03-25 22:00:00,22,1,3,4.771129764992878
2025-03-25 23:00:00,23,1,3,1.1234314388142208
2025-03-26 00:00:00,0,2,3,0.9453053240421532
2025-03-26 01:00:00,1,2,3,0.1984550542372986
2025-03-26 02:00:00,2,2,3,1.3052784726500881
2025-03-26 03:00:00,3,2,3,0.705258536381953
2025-03-26 04:00:00,4,2,3,1.46331288032671
2025-03-26 05:00:00,5,2,3,1.8609507751832766
2025-03-26 06:00:00,6,2,3,4.656034870681679
2025-03-26 07:00:00,7,2,3,3.976471840352355
2025-03-26 08:00:00,8,2,3,3.6804237053254516
2025-03-26 09:00:00,9,2,3,5.323539817901478
2025-03-26 10:00:00,10,2,3,4.280864644384163
2025-03-26 11:00:00,11,2,3,4.2946166468524325
2025-03-26 12:00:00,12,2,3,4.032752505543453
2025-03-26 13:00:00,13,2,3,3.803345525747181
2025-03-26 14:00:00,14,2,3,4.271737778088527
2025-03-26 15:00:00,15,2,3,3.4096196257948703
2025-03-26 16:00:00,16,2,3,3.751203279522309
2025-03-26 17:00:00,17,2,3,6.452188063666651
2025-03-26 18:00:00,18,2,3,6.312312530653333
2025-03-26 19:00:00,19,2,3,6.603864015564431
2025-03-26 20:00:00,20,2,3,5.268737819217725
2025-03-26 21:00:00,21,2,3,4.546414549717
2025-03-26 22:00:00,22,2,3,4.4291101033433815
2025-03-26 23:00:00,23,2,3,0.4933315323676949
2025-03-27 00:00:00,0,3,3,0.7732260081307742
2025-03-27 01:00:00,1,3,3,0.8362870247547584
2025-03-27 02:00:00,2,3,3,0.8414759013925605
2025-03-27 03:00:00,3,3,3,1.2619038431368308
2025-03-27 04:00:00,4,3,3,1.1103718552672983
2025-03-27 05:00:00,5,3,3,2.1984122669297887
2025-03-27 06:00:00,6,3,3,4.111854258313497
2025-03-27 07:00:00,7,3,3,4.496279871544554
2025-03-27 08:00:00,8,3,3,4.7570706810486145
2025-03-27 09:00:00,9,3,3,5.312076273543592
2025-03-27 10:00:00,10,3,3,3.8906994776468755
2025-03-27 11:00:00,11,3,3,3.4521860193922977
2025-03-27 12:00:00,12,3,3,3.6856421438035
2025-03-27 13:00:00,13,3,3,3.878509588489334
2025-03-27 14:00:00,14,3,3,3.4105403700443166
2025-03-27 15:00:00,15,3,3,3.4713349617880587
2025-03-27 16:00:00,16,3,3,3.3701718223619577
2025-03-27 17:00:00,17,3,3,6.599755672285091
2025-03-27 18:00:00,18,3,3,5.993253099254551
2025-03-27 19:00:00,19,3,3,5.577435964547018
2025-03-27 20:00:00,20,3,3,5.452130617213407
2025-03-27 21:00:00,21,3,3,4.6950512846402415
2025-03-27 22:00:00,22,3,3,4.5955257681917345
2025-03-27 23:00:00,23,3,3,1.1596731931503437
2025-03-28 00:00:00,0,4,3,1.1572562003262488
2025-03-28 01:00:00,1,4,3,0.7668965369553672
2025-03-28 02:00:00,2,4,3,0.1
2025-03-28 03:00:00,3,4,3,1.1472502294488203
2025-03-28 04:00:00,4,4,3,2.008439082660155
2025-03-28 05:00:00,5,4,3,2.120486160896637
2025-03-28 06:00:00,6,4,3,4.497930426182687
2025-03-28 07:00:00,7,4,3,4.994452288722487
2025-03-28 08:00:00,8,4,3,4.923691604038357
2025-03-28 09:00:00,9,4,3,5.328926282962239
2025-03-28 10:00:00,10,4,3,3.3135994136060813
2025-03-28 11:00:00,11,4,3,3.672608963265838
2025-03-28 12:00:00,12,4,3,4.19519719934206
2025-03-28 13:00:00,13,4,3,4.4815537748675265
2025-03-28 14:00:00,14,4,3,3.8931102291612025
2025-03-28 15:00:00,15,4,3,3.6189623997360933
2025-03-28 16:00:00,16,4,3,3.5608713553224605
2025-03-28 17:00:00,17,4,3,6.490482699571646
2025-03-28 18:00:00,18,4,3,5.310686641200364
2025-03-28 19:00:00,19,4,3,4.581527618745104
2025-03-28 20:00:00,20,4,3,4.891556692549585
2025-03-28 21:00:00,21,4,3,4.2617150296343365
2025-03-28 22:00:00,22,4,3,4.236083749161255
2025-03-28 23:00:00,23,4,3,1.1418497667963536
2025-03-29 00:00:00,0,5,3,1.6698118969571922
2025-03-29 01:00:00,1,5,3,2.3809870137882982
2025-03-29 02:00:00,2,5,3,1.9818091664073256
2025-03-29 03:00:00,3,5,3,2.121151638167673
2025-03-29 04:00:00,4,5,3,2.4882226858375396
2025-03-29 05:00:00,5,5,3,2.0944667528876924
2025-03-29 06:00:00,6,5,3,5.327416147314326
2025-03-29 07:00:00,7,5,3,5.269694285385816
2025-03-29 08:00:00,8,5,3,5.956420814550267
2025-03-29 09:00:00,9,5,3,5.621257106783938
2025-03-29 10:00:00,10,5,3,3.739156665373396
2025-03-29 11:00:00,11,5,3,4.926193968886669
2025-03-29 12:00:00,12,5,3,4.899452549872609
2025-03-29 13:00:00,13,5,3,4.439179378256996
2025-03-29 14:00:00,14,5,3,4.401023506923725
2025-03-29 15:00:00,15,5,3,5.049212019442566
2025-03-29 16:00:00,16,5,3,3.8848954146328905
2025-03-29 17:00:00,17,5,3,7.707069181302385
2025-03-29 18:00:00,18,5,3,6.327980273794634
2025-03-29 19:00:00,19,5,3,6.555356770243353
2025-03-29 20:00:00,20,5,3,5.780324042046624
2025-03-29 21:00:00,21,5,3,5.791274972432937
2025-03-29 22:00:00,22,5,3,5.0216942273745016
2025-03-29 23:00:00,23,5,3,1.9358447318944245
2025-03-30 00:00:00,0,6,3,1.867478930724686
2025-03-30 01:00:00,1,6,3,1.3991250176874108
2025-03-30 02:00:00,2,6,3,2.147440998734448
2025-03-30 03:00:00,3,6,3,1.7956764677347077
2025-03-30 04:00:00,4,6,3,2.1478998620841714
2025-03-30 05:00:00,5,6,3,2.152260250156595
2025-03-30 06:00:00,6,6,3,3.886837968828094
2025-03-30 07:00:00,7,6,3,5.223588894959932
2025-03-30 08:00:00,8,6,3,6.653274736298948
2025-03-30 09:00:00,9,6,3,6.363841715159209
2025-03-30 10:00:00,10,6,3,4.352956019886064
2025-03-30 11:00:00,11,6,3,4.493881773993351
2025-03-30 12:00:00,12,6,3,4.757875096558421
2025-03-30 13:00:00,13,6,3,5.018847646070084
2025-03-30 14:00:00,14,6,3,4.276563613310064
2025-03-30 15:00:00,15,6,3,5.0447667835442065
2025-03-30 16:00:00,16,6,3,4.646812697956319
2025-03-30 17:00:00,17,6,3,7.337274290283173
2025-03-30 18:00:00,18,6,3,6.863618863177672
2025-03-30 19:00:00,19,6,3,6.307846663077596
2025-03-30 20:00:00,20,6,3,6.180915926732946
2025-03-30 21:00:00,21,6,3,5.786725653496551
2025-03-30 22:00:00,22,6,3,5.097723543843769
2025-03-30 23:00:00,23,6,3,1.7715211851645818
2025-03-31 00:00:00,0,0,3,1.0918537786711922
2025-03-31 01:00:00,1,0,3,1.619608060598075
2025-03-31 02:00:00,2,0,3,0.5554684303048372
2025-03-31 03:00:00,3,0,3,0.6139517880223659
2025-03-31 04:00:00,4,0,3,1.5052441647147852
2025-03-31 05:00:00,5,0,3,1.7703550807424073
2025-03-31 06:00:00,6,0,3,4.1811080980943816
2025-03-31 07:00:00,7,0,3,4.5975812791634
2025-03-31 08:00:00,8,0,3,4.79894766579986
2025-03-31 09:00:00,9,0,3,5.845945375440833
2025-03-31 10:00:00,10,0,3,2.920298580389215
2025-03-31 11:00:00,11,0,3,3.4676392957645596
2025-03-31 12:00:00,12,0,3,3.9075868353739835
2025-03-31 13:00:00,13,0,3,3.342724475538333
2025-03-31 14:00:00,14,0,3,3.878546977660774
2025-03-31 15:00:00,15,0,3,4.463626171967865
2025-03-31 16:00:00,16,0,3,3.569014767098206
2025-03-31 17:00:00,17,0,3,6.3422803622874735
2025-03-31 18:00:00,18,0,3,5.3841626615847495
2025-03-31 19:00:00,19,0,3,5.2534554367842095
2025-03-31 20:00:00,20,0,3,4.961692880216644
2025-03-31 21:00:00,21,0,3,4.622913961297506
2025-03-31 22:00:00,22,0,3,4.951997346221686
2025-03-31 23:00:00,23,0,3,1.424038318613392
2025-04-01 00:00:00,0,1,4,0.6065280777915847
2025-04-01 01:00:00,1,1,4,1.098601911372802
2025-04-01 02:00:00,2,1,4,1.2503999599651117
2025-04-01 03:00:00,3,1,4,1.6570215097318486
2025-04-01 04:00:00,4,1,4,2.071556102847528
2025-04-01 05:00:00,5,1,4,1.3439623232688525
2025-04-01 06:00:00,6,1,4,3.787428427862083
2025-04-01 07:00:00,7,1,4,3.9969688564341537
2025-04-01 08:00:00,8,1,4,4.794620624010989
2025-04-01 09:00:00,9,1,4,5.436543349778534
2025-04-01 10:00:00,10,1,4,3.9555939784154623
2025-04-01 11:00:00,11,1,4,3.7686576962196487
2025-04-01 12:00:00,12,1,4,3.820949730131665
2025-04-01 13:00:00,13,1,4,4.060703196899496
2025-04-01 14:00:00,14,1,4,3.6148315787815934
2025-04-01 15:00:00,15,1,4,4.634853594354567
2025-04-01 16:00:00,16,1,4,2.9175957609325978
2025-04-01 17:00:00,17,1,4,6.323896231558289
2025-04-01 18:00:00,18,1,4,6.697671055345637
2025-04-01 19:00:00,19,1,4,5.502719937823999
2025-04-01 20:00:00,20,1,4,5.035755818345621
2025-04-01 21:00:00,21,1,4,4.607021830875829
2025-04-01 22:00:00,22,1,4,4.367183155515216
2025-04-01 23:00:00,23,1,4,1.7501012841939543
2025-04-02 00:00:00,0,2,4,0.16636649603459475
2025-04-02 01:00:00,1,2,4,1.6133734805185302
2025-04-02 02:00:00,2,2,4,0.4815283995863394
2025-04-02 03:00:00,3,2,4,1.094300962629576
2025-04-02 04:00:00,4,2,4,1.267642060100714
2025-04-02 05:00:00,5,2,4,1.9854213079082879
2025-04-02 06:00:00,6,2,4,3.4725216915927195
2025-04-02 07:00:00,7,2,4,4.6848690664327775
2025-04-02 08:00:00,8,2,4,5.697952416968523
2025-04-02 09:00:00,9,2,4,4.704730398162876
2025-04-02 10:00:00,10,2,4,3.63654263882398
2025-04-02 11:00:00,11,2,4,3.534245234558014
2025-04-02 12:00:00,12,2,4,4.119243621910817
2025-04-02 13:00:00,13,2,4,4.0076591109663005
2025-04-02 14:00:00,14,2,4,3.6922939758158786
2025-04-02 15:00:00,15,2,4,3.9941870196250875
2025-04-02 16:00:00,16,2,4,4.282399415694519
2025-04-02 17:00:00,17,2,4,6.17363848330908
2025-04-02 18:00:00,18,2,4,6.176131744513055
2025-04-02 19:00:00,19,2,4,4.982690816851535
2025-04-02 20:00:00,20,2,4,4.729196881619015
2025-04-02 21:00:00,21,2,4,4.938962511152151
2025-04-02 22:00:00,22,2,4,5.032986239634565
2025-04-02 23:00:00,23,2,4,1.3432072338376062
2025-04-03 00:00:00,0,3,4,0.9258880483571357
2025-04-03 01:00:00,1,3,4,0.9997165621693417
2025-04-03 02:00:00,2,3,4,0.5509481669785105
2025-04-03 03:00:00,3,3,4,1.4427680248654888
2025-04-03 04:00:00,4,3,4,1.7922730531495423
2025-04-03 05:00:00,5,3,4,1.5691638668667678
2025-04-03 06:00:00,6,3,4,3.9237545732424177
2025-04-03 07:00:00,7,3,4,4.606351291860819
2025-04-03 08:00:00,8,3,4,4.713540673237543
2025-04-03 09:00:00,9,3,4,5.223546954149671
2025-04-03 10:00:00,10,3,4,4.400548887446428
2025-04-03 11:00:00,11,3,4,3.7002278253782594
2025-04-03 12:00:00,12,3,4,3.8055526786251135
2025-04-03 13:00:00,13,3,4,3.7409832777459364
2025-04-03 14:00:00,14,3,4,4.246565528033577
2025-04-03 15:00:00,15,3,4,3.726548436389417
2025-04-03 16:00:00,16,3,4,3.300910956451251
2025-04-03 17:00:00,17,3,4,6.778521612909205
2025-04-03 18:00:00,18,3,4,6.456069769459236
2025-04-03 19:00:00,19,3,4,5.259830573704518
2025-04-03 20:00:00,20,3,4,4.3651554518019715
2025-04-03 21:00:00,21,3,4,5.153005475934769
2025-04-03 22:00:00,22,3,4,4.165487897916178
2025-04-03 23:00:00,23,3,4,1.5172121339884497
2025-04-04 00:00:00,0,4,4,0.2630697334816632
2025-04-04 01:00:00,1,4,4,1.3570389353197236
2025-04-04 02:00:00,2,4,4,0.566642488854085
2025-04-04 03:00:00,3,4,4,1.493267541949952
2025-04-04 04:00:00,4,4,4,1.4450490553547521
2025-04-04 05:00:00,5,4,4,1.368424232241342
2025-04-04 06:00:00,6,4,4,3.948956907175506
2025-04-04 07:00:00,7,4,4,4.77452738278268
2025-04-04 08:00:00,8,4,4,4.930586348899875
2025-04-04 09:00:00,9,4,4,5.483765192188994
2025-04-04 10:00:00,10,4,4,4.3512364055860155
2025-04-04 11:00:00,11,4,4,3.1733414609922375
2025-04-04 12:00:00,12,4,4,4.5957737694210525
2025-04-04 13:00:00,13,4,4,4.041742375009285
2025-04-04 14:00:00,14,4,4,3.5893751201043513
2025-04-04 15:00:00,15,4,4,3.266912655381062
2025-04-04 16:00:00,16,4,4,3.485012015469008
2025-04-04 17:00:00,17,4,4,6.618660044769784
2025-04-04 18:00:00,18,4,4,5.837208919502768
2025-04-04 19:00:00,19,4,4,6.104461972098939
2025-04-04 20:00:00,20,4,4,4.531301156325595
2025-04-04 21:00:00,21,4,4,4.745164420861578
2025-04-04 22:00:00,22,4,4,3.9383824504549314
2025-04-04 23:00:00,23,4,4,1.3464146473733294
2025-04-05 00:00:00,0,5,4,2.2058662166053176
2025-04-05 01:00:00,1,5,4,1.6316952825275788
2025-04-05 02:00:00,2,5,4,0.8094257179155437
2025-04-05 03:00:00,3,5,4,2.0805411530419398
2025-04-05 04:00:00,4,5,4,2.414035248913583
2025-04-05 05:00:00,5,5,4,2.711717901984679
2025-04-05 06:00:00,6,5,4,5.40608430907508
2025-04-05 07:00:00,7,5,4,4.871578528140381
2025-04-05 08:00:00,8,5,4,5.960315009833961
2025-04-05 09:00:00,9,5,4,6.52700300499119
2025-04-05 10:00:00,10,5,4,3.649225138177215
2025-04-05 11:00:00,11,5,4,4.726898836044248
2025-04-05 12:00:00,12,5,4,4.547216807030534
2025-04-05 13:00:00,13,5,4,4.767390930759341
2025-04-05 14:00:00,14,5,4,4.887959332848937
2025-04-05 15:00:00,15,5,4,4.4041466800312365
2025-04-05 16:00:00,16,5,4,4.090376940115177
2025-04-05 17:00:00,17,5,4,7.06366096699521
2025-04-05 18:00:00,18,5,4,6.253330192108661
2025-04-05 19:00:00,19,5,4,5.865669948445926
2025-04-05 20:00:00,20,5,4,6.18352074552882
2025-04-05 21:00:00,21,5,4,5.090482385936538
2025-04-05 22:00:00,22,5,4,5.505864828583864
2025-04-05 23:00:00,23,5,4,2.1859984114649227
2025-04-06 00:00:00,0,6,4,1.1607885690501587
2025-04-06 01:00:00,1,6,4,1.5289741390657379
2025-04-06 02:00:00,2,6,4,2.3287550217853465
2025-04-06 03:00:00,3,6,4,1.6084956818674692
2025-04-06 04:00:00,4,6,4,2.0535781232964236
2025-04-06 05:00:00,5,6,4,2.7348243573007585
2025-04-06 06:00:00,6,6,4,5.2251276360592565
2025-04-06 07:00:00,7,6,4,5.199384445582202
2025-04-06 08:00:00,8,6,4,5.449224489777125
2025-04-06 09:00:00,9,6,4,6.618947944679403
2025-04-06 10:00:00,10,6,4,5.0562200372988535
2025-04-06 11:00:00,11,6,4,4.990581325989376
2025-04-06 12:00:00,12,6,4,4.783015996459612
2025-04-06 13:00:00,13,6,4,4.476693711343629
2025-04-06 14:00:00,14,6,4,4.416710976810976
2025-04-06 15:00:00,15,6,4,4.8080437477829605
2025-04-06 16:00:00,16,6,4,4.528019460135295
2025-04-06 17:00:00,17,6,4,7.6106394371785715
2025-04-06 18:00:00,18,6,4,6.948408604668237
2025-04-06 19:00:00,19,6,4,5.6987678792960725
2025-04-06 20:00:00,20,6,4,6.332550479435386
2025-04-06 21:00:00,21,6,4,5.150775749074235
2025-04-06 22:00:00,22,6,4,5.085751319439238
2025-04-06 23:00:00,23,6,4,2.1010419768240203
2025-04-07 00:00:00,0,0,4,1.8493782564799832
2025-04-07 01:00:00,1,0,4,2.2439674224021444
2025-04-07 02:00:00,2,0,4,1.2938004842208706
2025-04-07 03:00:00,3,0,4,1.127683246835187
2025-04-07 04:00:00,4,0,4,1.6531420876123988
2025-04-07 05:00:00,5,0,4,2.1050621703495347
2025-04-07 06:00:00,6,0,4,3.983504382123342
2025-04-07 07:00:00,7,0,4,5.218084542364929
2025-04-07 08:00:00,8,0,4,4.980256871330343
2025-04-07 09:00:00,9,0,4,5.4490972356365575
2025-04-07 10:00:00,10,0,4,3.827029872601606
2025-04-07 11:00:00,11,0,4,3.9676727499224405
2025-04-07 12:00:00,12,0,4,4.284464939621447
2025-04-07 13:00:00,13,0,4,3.7530987253812307
2025-04-07 14:00:00,14,0,4,3.72556803785519
2025-04-07 15:00:00,15,0,4,3.35897641248798
2025-04-07 16:00:00,16,0,4,3.736460664027912
2025-04-07 17:00:00,17,0,4,6.561574601404845
2025-04-07 18:00:00,18,0,4,6.071337714114536
2025-04-07 19:00:00,19,0,4,6.169796973339015
2025-04-07 20:00:00,20,0,4,5.1095330248146
2025-04-07 21:00:00,21,0,4,5.017496662237005
2025-04-07 22:00:00,22,0,4,4.002659477764453
2025-04-07 23:00:00,23,0,4,1.0461220133335818
2025-04-08 00:00:00,0,1,4,1.3293263635927084
2025-04-08 01:00:00,1,1,4,1.3396408442972576
2025-04-08 02:00:00,2,1,4,0.9335244815007245
2025-04-08 03:00:00,3,1,4,1.1723221935801154
2025-04-08 04:00:00,4,1,4,0.8321903295478548
2025-04-08 05:00:00,5,1,4,1.6071883196773562
2025-04-08 06:00:00,6,1,4,4.467924697754133
2025-04-08 07:00:00,7,1,4,4.730082006442626
2025-04-08 08:00:00,8,1,4,5.088494856206266
2025-04-08 09:00:00,9,1,4,5.269909474872384
2025-04-08 10:00:00,10,1,4,3.563485435231092
2025-04-08 11:00:00,11,1,4,3.534909649887279
2025-04-08 12:00:00,12,1,4,4.228420107514617
2025-04-08 13:00:00,13,1,4,4.168389177755756
2025-04-08 14:00:00,14,1,4,4.145696278630722
2025-04-08 15:00:00,15,1,4,3.588624168609626
2025-04-08 16:00:00,16,1,4,2.6993230038313234
2025-04-08 17:00:00,17,1,4,6.688861084701478
2025-04-08 18:00:00,18,1,4,5.6966935852504195
2025-04-08 19:00:00,19,1,4,5.154889694382752
2025-04-08 20:00:00,20,1,4,5.389162997111816
2025-04-08 21:00:00,21,1,4,4.593194944032348
2025-04-08 22:00:00,22,1,4,4.863314381838828
2025-04-08 23:00:00,23,1,4,1.4477642741540213
2025-04-09 00:00:00,0,2,4,1.3245389898465885
2025-04-09 01:00:00,1,2,4,0.45361771551978625
2025-04-09 02:00:00,2,2,4,1.5358888547209577
2025-04-09 03:00:00,3,2,4,1.3054621068168843
2025-04-09 04:00:00,4,2,4,1.2916289725216974
2025-04-09 05:00:00,5,2,4,1.8073553869369003
2025-04-09 06:00:00,6,2,4,3.4012773391868905
2025-04-09 07:00:00,7,2,4,4.663461124592269
2025-04-09 08:00:00,8,2,4,4.476479964380953
2025-04-09 09:00:00,9,2,4,4.708931885662587
2025-04-09 10:00:00,10,2,4,2.951716497292665
2025-04-09 11:00:00,11,2,4,4.244113455672628
2025-04-09 12:00:00,12,2,4,3.697183381956487
2025-04-09 13:00:00,13,2,4,4.6134910839666
2025-04-09 14:00:00,14,2,4,3.7345681542126834
2025-04-09 15:00:00,15,2,4,3.1160949226394794
2025-04-09 16:00:00,16,2,4,3.1140503958003576
2025-04-09 17:00:00,17,2,4,6.744324648002776
2025-04-09 18:00:00,18,2,4,5.825869296479114
2025-04-09 19:00:00,19,2,4,5.280685081403759
2025-04-09 20:00:00,20,2,4,5.175778722687333
2025-04-09 21:00:00,21,2,4,4.950713094467018
2025-04-09 22:00:00,22,2,4,4.886299354581164
2025-04-09 23:00:00,23,2,4,1.7803615862805127
2025-04-10 00:00:00,0,3,4,0.9072038022507631
2025-04-10 01:00:00,1,3,4,0.46958092556718467
2025-04-10 02:00:00,2,3,4,0.8857251961170871
2025-04-10 03:00:00,3,3,4,1.3050740969564965
2025-04-10 04:00:00,4,3,4,1.0538362577359341
2025-04-10 05:00:00,5,3,4,1.3671396340419828
2025-04-10 06:00:00,6,3,4,4.249286584966173
2025-04-10 07:00:00,7,3,4,4.48053905937182
2025-04-10 08:00:00,8,3,4,4.901347365818416
2025-04-10 09:00:00,9,3,4,4.946601866119972
2025-04-10 10:00:00,10,3,4,3.4684998860975145
2025-04-10 11:00:00,11,3,4,3.429344847969336
2025-04-10 12:00:00,12,3,4,4.3049681038835175
2025-04-10 13:00:00,13,3,4,4.414099733889501
2025-04-10 14:00:00,14,3,4,3.210413594538365
2025-04-10 15:00:00,15,3,4,3.4272337615996937
2025-04-10 16:00:00,16,3,4,2.96204846974379
2025-04-10 17:00:00,17,3,4,5.989990426237241
2025-04-10 18:00:00,18,3,4,5.854853379737637
2025-04-10 19:00:00,19,3,4,4.920141912120588
2025-04-10 20:00:00,20,3,4,4.743027507096093
2025-04-10 21:00:00,21,3,4,4.3484170511674005
2025-04-10 22:00:00,22,3,4,4.5222467599797564
2025-04-10 23:00:00,23,3,4,1.2286996291378425
2025-04-11 00:00:00,0,4,4,0.7624162392314962
2025-04-11 01:00:00,1,4,4,1.0707283488557593
2025-04-11 02:00:00,2,4,4,0.8324392267314913
2025-04-11 03:00:00,3,4,4,1.0922998501929206
2025-04-11 04:00:00,4,4,4,2.1087206643395935
2025-04-11 05:00:00,5,4,4,2.2861844207161393
2025-04-11 06:00:00,6,4,4,3.591938937575179
2025-04-11 07:00:00,7,4,4,4.83189296715167
2025-04-11 08:00:00,8,4,4,5.2127871894504185
2025-04-11 09:00:00,9,4,4,4.790694684498953
2025-04-11 10:00:00,10,4,4,3.888171229281766
2025-04-11 11:00:00,11,4,4,4.414210873041679
2025-04-11 12:00:00,12,4,4,3.499870816935837
2025-04-11 13:00:00,13,4,4,3.6329988715942947
2025-04-11 14:00:00,14,4,4,4.3559533261710035
2025-04-11 15:00:00,15,4,4,3.907636230006917
2025-04-11 16:00:00,16,4,4,3.7812506818756306
2025-04-11 17:00:00,17,4,4,6.386235686560199
2025-04-11 18:00:00,18,4,4,6.044506936025039
2025-04-11 19:00:00,19,4,4,4.969411148675567
2025-04-11 20:00:00,20,4,4,5.530698514994798
2025-04-11 21:00:00,21,4,4,5.217835996971109
2025-04-11 22:00:00,22,4,4,4.347583530592968
2025-04-11 23:00:00,23,4,4,1.1835711143977972
2025-04-12 00:00:00,0,5,4,1.2386682595441085
2025-04-12 01:00:00,1,5,4,2.005701902407134
2025-04-12 02:00:00,2,5,4,2.079934237252055
2025-04-12 03:00:00,3,5,4,1.9760854875236173
2025-04-12 04:00:00,4,5,4,2.68908117216838
2025-04-12 05:00:00,5,5,4,2.416369107608024
2025-04-12 06:00:00,6,5,4,5.137613802703658
2025-04-12 07:00:00,7,5,4,4.892134264523154
2025-04-12 08:00:00,8,5,4,5.678807707304086
2025-04-12 09:00:00,9,5,4,5.980258296838866
2025-04-12 10:00:00,10,5,4,4.450783340596199
2025-04-12 11:00:00,11,5,4,4.451227334143314
2025-04-12 12:00:00,12,5,4,4.696299701164936
2025-04-12 13:00:00,13,5,4,5.130418868576602
2025-04-12 14:00:00,14,5,4,4.574183044538316
2025-04-12 15:00:00,15,5,4,3.956407265381186
2025-04-12 16:00:00,16,5,4,5.06049373346199
2025-04-12 17:00:00,17,5,4,7.602581631476195
2025-04-12 18:00:00,18,5,4,6.171323489611534
2025-04-12 19:00:00,19,5,4,6.575883122098078
2025-04-12 20:00:00,20,5,4,5.710581524125681
2025-04-12 21:00:00,21,5,4,5.655394886132424
2025-04-12 22:00:00,22,5,4,5.357029479825576
2025-04-12 23:00:00,23,5,4,1.9071987741968135
2025-04-13 00:00:00,0,6,4,1.5376049943318388
2025-04-13 01:00:00,1,6,4,1.5237835790734962
2025-04-13 02:00:00,2,6,4,1.4846344943739005
2025-04-13 03:00:00,3,6,4,1.6682330110311638
2025-04-13 04:00:00,4,6,4,2.2124685122004366
2025-04-13 05:00:00,5,6,4,2.2636960043556993
2025-04-13 06:00:00,6,6,4,5.184592258631266
2025-04-13 07:00:00,7,6,4,5.894898462134371
2025-04-13 08:00:00,8,6,4,5.4562072711057645
2025-04-13 09:00:00,9,6,4,6.14576180021415
2025-04-13 10:00:00,10,6,4,4.560534215900995
2025-04-13 11:00:00,11,6,4,4.787839014044367
2025-04-13 12:00:00,12,6,4,4.7792708466000375
2025-04-13 13:00:00,13,6,4,5.097072967343888
2025-04-13 14:00:00,14,6,4,4.941788320505865
2025-04-13 15:00:00,15,6,4,4.103973136745739
2025-04-13 16:00:00,16,6,4,4.708322597535531
2025-04-13 17:00:00,17,6,4,7.404916334906696
2025-04-13 18:00:00,18,6,4,6.3829141259823485
2025-04-13 19:00:00,19,6,4,6.31517513417904
2025-04-13 20:00:00,20,6,4,6.185103029470646
2025-04-13 21:00:00,21,6,4,5.466274472168255
2025-04-13 22:00:00,22,6,4,5.668531047326583
2025-04-13 23:00:00,23,6,4,2.9465108921710867
2025-04-14 00:00:00,0,0,4,0.7367168475124045
2025-04-14 01:00:00,1,0,4,0.44758215873849005
2025-04-14 02:00:00,2,0,4,1.1726386988083477
2025-04-14 03:00:00,3,0,4,1.4895868963737995
2025-04-14 04:00:00,4,0,4,1.346993278682271
2025-04-14 05:00:00,5,0,4,2.3313042653284137
2025-04-14 06:00:00,6,0,4,3.5763291124569188
2025-04-14 07:00:00,7,0,4,4.777167449212644
2025-04-14 08:00:00,8,0,4,4.645884239350224
2025-04-14 09:00:00,9,0,4,5.937751162482918
2025-04-14 10:00:00,10,0,4,4.357666313047069
2025-04-14 11:00:00,11,0,4,3.492375470563319
2025-04-14 12:00:00,12,0,4,3.7290658850701703
2025-04-14 13:00:00,13,0,4,4.343835154791921
2025-04-14 14:00:00,14,0,4,3.7940364795177968
2025-04-14 15:00:00,15,0,4,3.7808736185037626
2025-04-14 16:00:00,16,0,4,3.5708155399967856
2025-04-14 17:00:00,17,0,4,5.482130737520937
2025-04-14 18:00:00,18,0,4,5.882693469216087
2025-04-14 19:00:00,19,0,4,5.22410889037433
2025-04-14 20:00:00,20,0,4,4.91452230338631
2025-04-14 21:00:00,21,0,4,5.327452801387525
2025-04-14 22:00:00,22,0,4,3.9367370705084763
2025-04-14 23:00:00,23,0,4,1.5262439690225331
2025-04-15 00:00:00,0,1,4,0.939526088433674
2025-04-15 01:00:00,1,1,4,0.8880959326016662
2025-04-15 02:00:00,2,1,4,1.367260018987082
2025-04-15 03:00:00,3,1,4,1.3369824121508982
2025-04-15 04:00:00,4,1,4,1.667585027107991
2025-04-15 05:00:00,5,1,4,2.1372738642131446
2025-04-15 06:00:00,6,1,4,3.9792480790728892
2025-04-15 07:00:00,7,1,4,4.2551053061969
2025-04-15 08:00:00,8,1,4,4.454168357030662
2025-04-15 09:00:00,9,1,4,4.919835788008418
2025-04-15 10:00:00,10,1,4,4.740297941903312
2025-04-15 11:00:00,11,1,4,4.296909937971373
2025-04-15 12:00:00,12,1,4,3.408458992950394
2025-04-15 13:00:00,13,1,4,3.471016817302572
2025-04-15 14:00:00,14,1,4,4.141635164120999
2025-04-15 15:00:00,15,1,4,4.017944024627845
2025-04-15 16:00:00,16,1,4,3.780213705906767
2025-04-15 17:00:00,17,1,4,6.148017682578521
2025-04-15 18:00:00,18,1,4,5.838046863652622
2025-04-15 19:00:00,19,1,4,5.631151809663743
2025-04-15 20:00:00,20,1,4,5.14612863486355
2025-04-15 21:00:00,21,1,4,3.862279850900986
2025-04-15 22:00:00,22,1,4,4.3474199759901015
2025-04-15 23:00:00,23,1,4,0.8603993206192168
2025-04-16 00:00:00,0,2,4,1.1211958281298022
2025-04-16 01:00:00,1,2,4,2.1941036010413644
2025-04-16 02:00:00,2,2,4,1.1981039267561193
2025-04-16 03:00:00,3,2,4,1.0755500198543828
2025-04-16 04:00:00,4,2,4,1.8080604290110796
2025-04-16 05:00:00,5,2,4,1.943075154883685
2025-04-16 06:00:00,6,2,4,4.279809228526955
2025-04-16 07:00:00,7,2,4,4.742740237286268
2025-04-16 08:00:00,8,2,4,5.710845993585599
2025-04-16 09:00:00,9,2,4,4.7976446258696335
2025-04-16 10:00:00,10,2,4,3.750113002504403
2025-04-16 11:00:00,11,2,4,3.4284856536840427
2025-04-16 12:00:00,12,2,4,4.171093797970502
2025-04-16 13:00:00,13,2,4,3.6325253954055623
2025-04-16 14:00:00,14,2,4,3.7819420139915687
2025-04-16 15:00:00,15,2,4,3.6810021399814956
2025-04-16 16:00:00,16,2,4,3.950986859517705
2025-04-16 17:00:00,17,2,4,6.617381777576965
2025-04-16 18:00:00,18,2,4,5.389941617075228
2025-04-16 19:00:00,19,2,4,5.52197364439994
2025-04-16 20:00:00,20,2,4,4.82793949044655
2025-04-16 21:00:00,21,2,4,4.246598035729866
2025-04-16 22:00:00,22,2,4,4.352533008050431
2025-04-16 23:00:00,23,2,4,1.0775687789410142
2025-04-17 00:00:00,0,3,4,2.0217978551046065
2025-04-17 01:00:00,1,3,4,1.1731839301442784
2025-04-17 02:00:00,2,3,4,0.5000642602647025
2025-04-17 03:00:00,3,3,4,0.9750522926549651
2025-04-17 04:00:00,4,3,4,1.847893146391938
2025-04-17 05:00:00,5,3,4,2.58537710914797
2025-04-17 06:00:00,6,3,4,3.477378107451035
2025-04-17 07:00:00,7,3,4,3.748030245944382
2025-04-17 08:00:00,8,3,4,5.636614637802494
2025-04-17 09:00:00,9,3,4,5.405845670948361
2025-04-17 10:00:00,10,3,4,3.2133430790292747
2025-04-17 11:00:00,11,3,4,4.012889740125632
2025-04-17 12:00:00,12,3,4,2.8945896438268512
2025-04-17 13:00:00,13,3,4,4.001350202638864
2025-04-17 14:00:00,14,3,4,4.080017208570837
2025-04-17 15:00:00,15,3,4,4.16874616149179
2025-04-17 16:00:00,16,3,4,3.1551017908628065
2025-04-17 17:00:00,17,3,4,6.284274864561343
2025-04-17 18:00:00,18,3,4,5.5180587172299465
2025-04-17 19:00:00,19,3,4,5.602153502269727
2025-04-17 20:00:00,20,3,4,4.753632903401009
2025-04-17 21:00:00,21,3,4,4.586759664335911
2025-04-17 22:00:00,22,3,4,4.041013670304087
2025-04-17 23:00:00,23,3,4,1.461416391052805
2025-04-18 00:00:00,0,4,4,1.3944917072290637
2025-04-18 01:00:00,1,4,4,0.9061517720170345
2025-04-18 02:00:00,2,4,4,1.0664064585504087
2025-04-18 03:00:00,3,4,4,0.6215253284699244
2025-04-18 04:00:00,4,4,4,1.3194691690174638
2025-04-18 05:00:00,5,4,4,1.729918153183302
2025-04-18 06:00:00,6,4,4,5.160088668758209
2025-04-18 07:00:00,7,4,4,4.055213189690335
2025-04-18 08:00:00,8,4,4,5.473899463154757
2025-04-18 09:00:00,9,4,4,5.648743509386323
2025-04-18 10:00:00,10,4,4,3.672914733575876
2025-04-18 11:00:00,11,4,4,4.502486299354711
2025-04-18 12:00:00,12,4,4,4.097730928476348
2025-04-18 13:00:00,13,4,4,4.155663678267172
2025-04-18 14:00:00,14,4,4,3.9276404782265844
2025-04-18 15:00:00,15,4,4,4.288465658644109
2025-04-18 16:00:00,16,4,4,3.999247865304175
2025-04-18 17:00:00,17,4,4,5.9997290850015155
2025-04-18 18:00:00,18,4,4,5.360529689814275
2025-04-18 19:00:00,19,4,4,5.418807745041737
2025-04-18 20:00:00,20,4,4,4.79175600658716
2025-04-18 21:00:00,21,4,4,4.724590170153858
2025-04-18 22:00:00,22,4,4,4.934315082093835
2025-04-18 23:00:00,23,4,4,1.0180412322886263
2025-04-19 00:00:00,0,5,4,1.8339819080417676
2025-04-19 01:00:00,1,5,4,1.823209093923358
2025-04-19 02:00:00,2,5,4,2.1904836134485115
2025-04-19 03:00:00,3,5,4,1.1022061607294997
2025-04-19 04:00:00,4,5,4,1.9966597103140602
2025-04-19 05:00:00,5,5,4,2.634513476911789
2025-04-19 06:00:00,6,5,4,5.391803014916963
2025-04-19 07:00:00,7,5,4,5.103239020997518
2025-04-19 08:00:00,8,5,4,4.937607485237032
2025-04-19 09:00:00,9,5,4,6.297884578386454
2025-04-19 10:00:00,10,5,4,4.10651521624957
2025-04-19 11:00:00,11,5,4,4.123171442040514
2025-04-19 12:00:00,12,5,4,4.499150583548313
2025-04-19 13:00:00,13,5,4,4.72618985693766
2025-04-19 14:00:00,14,5,4,4.506990873618317
2025-04-19 15:00:00,15,5,4,3.7168116828370303
2025-04-19 16:00:00,16,5,4,4.719486650534675
2025-04-19 17:00:00,17,5,4,7.559950016511489
2025-04-19 18:00:00,18,5,4,6.9488373641895835
2025-04-19 19:00:00,19,5,4,5.844925731830073
2025-04-19 20:00:00,20,5,4,5.831174818767211
2025-04-19 21:00:00,21,5,4,5.547391473908217
2025-04-19 22:00:00,22,5,4,5.478857584044943
2025-04-19 23:00:00,23,5,4,2.2682980898105747
2025-04-20 00:00:00,0,6,4,1.5574417410549992
2025-04-20 01:00:00,1,6,4,1.8327982225654242
2025-04-20 02:00:00,2,6,4,2.034023422412494
2025-04-20 03:00:00,3,6,4,2.5832908231820486
2025-04-20 04:00:00,4,6,4,2.521142444150068
2025-04-20 05:00:00,5,6,4,2.8656226749502074
2025-04-20 06:00:00,6,6,4,4.945302083517963
2025-04-20 07:00:00,7,6,4,5.8641836580814015
2025-04-20 08:00:00,8,6,4,5.852133686037581
2025-04-20 09:00:00,9,6,4,5.705564835930572
2025-04-20 10:00:00,10,6,4,4.922008159829898
2025-04-20 11:00:00,11,6,4,4.8781994146922685
2025-04-20 12:00:00,12,6,4,4.571671130982209
2025-04-20 13:00:00,13,6,4,4.608202813040302
2025-04-20 14:00:00,14,6,4,4.867518957489907
2025-04-20 15:00:00,15,6,4,4.784312023783691
2025-04-20 16:00:00,16,6,4,4.439577078032304
2025-04-20 17:00:00,17,6,4,7.174523469377154
2025-04-20 18:00:00,18,6,4,7.368211517484333
2025-04-20 19:00:00,19,6,4,6.728617260893954
2025-04-20 20:00:00,20,6,4,5.988025668852228
2025-04-20 21:00:00,21,6,4,5.926524232306993
2025-04-20 22:00:00,22,6,4,4.826330266809163
2025-04-20 23:00:00,23,6,4,2.160132714302066
2025-04-21 00:00:00,0,0,4,1.7748338004596416
2025-04-21 01:00:00,1,0,4,0.9127816418430504
2025-04-21 02:00:00,2,0,4,0.7120576891187635
2025-04-21 03:00:00,3,0,4,0.9401263388861176
2025-04-21 04:00:00,4,0,4,1.0034866132832232
2025-04-21 05:00:00,5,0,4,1.4360952367489186
2025-04-21 06:00:00,6,0,4,3.963568192910207
2025-04-21 07:00:00,7,0,4,3.9377731923285433
2025-04-21 08:00:00,8,0,4,4.894475901233623
2025-04-21 09:00:00,9,0,4,5.610910869514659
2025-04-21 10:00:00,10,0,4,3.1975576997210533
2025-04-21 11:00:00,11,0,4,4.406751675133366
2025-04-21 12:00:00,12,0,4,4.15320557484464
2025-04-21 13:00:00,13,0,4,4.412232234249623
2025-04-21 14:00:00,14,0,4,3.685754917892748
2025-04-21 15:00:00,15,0,4,4.140848196503304
2025-04-21 16:00:00,16,0,4,3.123886611621696
2025-04-21 17:00:00,17,0,4,6.606099000334604
2025-04-21 18:00:00,18,0,4,5.956964303571194
2025-04-21 19:00:00,19,0,4,5.721300487993913
2025-04-21 20:00:00,20,0,4,4.6415335900962775
2025-04-21 21:00:00,21,0,4,4.391972063089358
2025-04-21 22:00:00,22,0,4,4.678231115521533
2025-04-21 23:00:00,23,0,4,0.8216226926336618
2025-04-22 00:00:00,0,1,4,1.2363937774060467
2025-04-22 01:00:00,1,1,4,0.4531448774159017
2025-04-22 02:00:00,2,1,4,1.3903809456330647
2025-04-22 03:00:00,3,1,4,0.7079525684159383
2025-04-22 04:00:00,4,1,4,1.660259803291988
2025-04-22 05:00:00,5,1,4,2.0002523734584003
2025-04-22 06:00:00,6,1,4,3.8330627049743886
2025-04-22 07:00:00,7,1,4,4.73281062683389
2025-04-22 08:00:00,8,1,4,4.992405472987204
2025-04-22 09:00:00,9,1,4,5.034463257522905
2025-04-22 10:00:00,10,1,4,3.157238298149338
2025-04-22 11:00:00,11,1,4,3.0139878290076263
2025-04-22 12:00:00,12,1,4,4.08874875835348
2025-04-22 13:00:00,13,1,4,3.374078891455178
2025-04-22 14:00:00,14,1,4,3.987026419210126
2025-04-22 15:00:00,15,1,4,3.6936588192437583
2025-04-22 16:00:00,16,1,4,3.8323172819550995
2025-04-22 17:00:00,17,1,4,6.129181800204054
2025-04-22 18:00:00,18,1,4,5.756449453114945
2025-04-22 19:00:00,19,1,4,5.792748281715318
2025-04-22 20:00:00,20,1,4,5.245794643979865
2025-04-22 21:00:00,21,1,4,4.876462382873111
2025-04-22 22:00:00,22,1,4,4.62704686414359
2025-04-22 23:00:00,23,1,4,0.5867330450404998
2025-04-23 00:00:00,0,2,4,1.3538267325611903
2025-04-23 01:00:00,1,2,4,1.244987517605441
2025-04-23 02:00:00,2,2,4,0.6444380091357986
2025-04-23 03:00:00,3,2,4,1.1033297048536614
2025-04-23 04:00:00,4,2,4,1.423616913169126
2025-04-23 05:00:00,5,2,4,1.696201286239307
2025-04-23 06:00:00,6,2,4,4.245315418973632
2025-04-23 07:00:00,7,2,4,5.072546712732473
2025-04-23 08:00:00,8,2,4,5.320935258722913
2025-04-23 09:00:00,9,2,4,4.725112322627438
2025-04-23 10:00:00,10,2,4,3.809488167902241
2025-04-23 11:00:00,11,2,4,4.330611433490822
2025-04-23 12:00:00,12,2,4,4.103612147709284
2025-04-23 13:00:00,13,2,4,4.436392170074387
2025-04-23 14:00:00,14,2,4,4.753796917713909
2025-04-23 15:00:00,15,2,4,4.2085219241194505
2025-04-23 16:00:00,16,2,4,3.660383610036513
2025-04-23 17:00:00,17,2,4,6.668035389633902
2025-04-23 18:00:00,18,2,4,5.946183700892538
2025-04-23 19:00:00,19,2,4,5.5095612173139825
2025-04-23 20:00:00,20,2,4,4.971205738060726
2025-04-23 21:00:00,21,2,4,5.3753653435328435
2025-04-23 22:00:00,22,2,4,4.111968361843378
2025-04-23 23:00:00,23,2,4,1.8139089841945886
2025-04-24 00:00:00,0,3,4,1.251056910062546
2025-04-24 01:00:00,1,3,4,0.4402775300792233
2025-04-24 02:00:00,2,3,4,1.198170977762966
2025-04-24 03:00:00,3,3,4,0.3609512912626923
2025-04-24 04:00:00,4,3,4,1.6895430349525928
2025-04-24 05:00:00,5,3,4,2.1040925931955963
2025-04-24 06:00:00,6,3,4,3.8748290500853972
2025-04-24 07:00:00,7,3,4,4.549419078382233
2025-04-24 08:00:00,8,3,4,5.669891541153897
2025-04-24 09:00:00,9,3,4,5.047701318295226
2025-04-24 10:00:00,10,3,4,3.1370971369571814
2025-04-24 11:00:00,11,3,4,4.391703466661697
2025-04-24 12:00:00,12,3,4,4.733923615645921
2025-04-24 13:00:00,13,3,4,4.001478268739139
2025-04-24 14:00:00,14,3,4,4.353473953596945
2025-04-24 15:00:00,15,3,4,4.33562847188901
2025-04-24 16:00:00,16,3,4,3.263666478764468
2025-04-24 17:00:00,17,3,4,6.055877665852853
2025-04-24 18:00:00,18,3,4,6.380578372915675
2025-04-24 19:00:00,19,3,4,6.174005711483404
2025-04-24 20:00:00,20,3,4,5.3369237764159605
2025-04-24 21:00:00,21,3,4,4.398074258599178
2025-04-24 22:00:00,22,3,4,5.234164272899956
2025-04-24 23:00:00,23,3,4,0.9885735351985564
2025-04-25 00:00:00,0,4,4,0.9170561480978168
2025-04-25 01:00:00,1,4,4,1.1369351337958487
2025-04-25 02:00:00,2,4,4,1.6727754288523071
2025-04-25 03:00:00,3,4,4,1.5425522849442315
2025-04-25 04:00:00,4,4,4,1.6052860283649428
2025-04-25 05:00:00,5,4,4,1.9353154120472424
2025-04-25 06:00:00,6,4,4,4.1291772998036045
2025-04-25 07:00:00,7,4,4,4.723255805807402
2025-04-25 08:00:00,8,4,4,3.87640453657606
2025-04-25 09:00:00,9,4,4,5.131357016372081
2025-04-25 10:00:00,10,4,4,3.6571889457465336
2025-04-25 11:00:00,11,4,4,3.338632472228855
2025-04-25 12:00:00,12,4,4,4.103418066558227
2025-04-25 13:00:00,13,4,4,3.9182115116055516
2025-04-25 14:00:00,14,4,4,4.651079018759798
2025-04-25 15:00:00,15,4,4,4.428245995762601
2025-04-25 16:00:00,16,4,4,3.3743379441325563
2025-04-25 17:00:00,17,4,4,6.189664915373322
2025-04-25 18:00:00,18,4,4,5.858649541410425
2025-04-25 19:00:00,19,4,4,5.319336209536151
2025-04-25 20:00:00,20,4,4,5.189781425957469
2025-04-25 21:00:00,21,4,4,4.446687172444964
2025-04-25 22:00:00,22,4,4,3.9870936942451687
2025-04-25 23:00:00,23,4,4,1.4500463838834496
2025-04-26 00:00:00,0,5,4,2.102923094255122
2025-04-26 01:00:00,1,5,4,1.478273696136003
2025-04-26 02:00:00,2,5,4,2.2092534328714373
2025-04-26 03:00:00,3,5,4,1.7483308026572093
2025-04-26 04:00:00,4,5,4,2.3406059234353713
2025-04-26 05:00:00,5,5,4,2.8781376050449823
2025-04-26 06:00:00,6,5,4,4.898326406464733
2025-04-26 07:00:00,7,5,4,5.481896364856453
2025-04-26 08:00:00,8,5,4,5.481656710098752
2025-04-26 09:00:00,9,5,4,5.971413366628761
2025-04-26 10:00:00,10,5,4,4.278316399427686
2025-04-26 11:00:00,11,5,4,4.300406767060562
2025-04-26 12:00:00,12,5,4,4.678179074187289
2025-04-26 13:00:00,13,5,4,4.180552680454501
2025-04-26 14:00:00,14,5,4,4.55242724057676
2025-04-26 15:00:00,15,5,4,4.485087908328789
2025-04-26 16:00:00,16,5,4,4.25818827078167
2025-04-26 17:00:00,17,5,4,6.953401021651688
2025-04-26 18:00:00,18,5,4,6.66352288770973
2025-04-26 19:00:00,19,5,4,6.491776607234425
2025-04-26 20:00:00,20,5,4,6.261578261999228
2025-04-26 21:00:00,21,5,4,5.290093909260693
2025-04-26 22:00:00,22,5,4,4.758059486064521
2025-04-26 23:00:00,23,5,4,1.5841441294261012
2025-04-27 00:00:00,0,6,4,1.6562300920884265
2025-04-27 01:00:00,1,6,4,1.6592314728733963
2025-04-27 02:00:00,2,6,4,1.5431128340874145
2025-04-27 03:00:00,3,6,4,1.482515228623384
2025-04-27 04:00:00,4,6,4,2.0568914972305037
2025-04-27 05:00:00,5,6,4,2.6225706480455884
2025-04-27 06:00:00,6,6,4,5.149783218680444
2025-04-27 07:00:00,7,6,4,5.077030778756671
2025-04-27 08:00:00,8,6,4,5.523029438796407
2025-04-27 09:00:00,9,6,4,5.679320676461075
2025-04-27 10:00:00,10,6,4,4.348084503629911
2025-04-27 11:00:00,11,6,4,4.259666652000332
2025-04-27 12:00:00,12,6,4,4.978139864730083
2025-04-27 13:00:00,13,6,4,4.085653403226355
2025-04-27 14:00:00,14,6,4,4.605036870452618
2025-04-27 15:00:00,15,6,4,4.7194810413533546
2025-04-27 16:00:00,16,6,4,4.434193978308824
2025-04-27 17:00:00,17,6,4,8.127213465592199
2025-04-27 18:00:00,18,6,4,6.8281485774809445
2025-04-27 19:00:00,19,6,4,5.898378161263196
2025-04-27 20:00:00,20,6,4,5.873585733510589
2025-04-27 21:00:00,21,6,4,4.839501466613419
2025-04-27 22:00:00,22,6,4,5.207099928501474
2025-04-27 23:00:00,23,6,4,1.6677394715230387
2025-04-28 00:00:00,0,0,4,1.4172673707904622
2025-04-28 01:00:00,1,0,4,0.780183890161786
2025-04-28 02:00:00,2,0,4,1.0044048942482988
2025-04-28 03:00:00,3,0,4,0.9467387577615807
2025-04-28 04:00:00,4,0,4,2.134880368961511
2025-04-28 05:00:00,5,0,4,1.6215028935528353
2025-04-28 06:00:00,6,0,4,4.844794249737899
2025-04-28 07:00:00,7,0,4,4.825660704847307
2025-04-28 08:00:00,8,0,4,5.081055258587936
2025-04-28 09:00:00,9,0,4,5.397493258927008
2025-04-28 10:00:00,10,0,4,3.718179091066322
2025-04-28 11:00:00,11,0,4,3.027969073938414
2025-04-28 12:00:00,12,0,4,3.8373353817733
2025-04-28 13:00:00,13,0,4,4.338063188473729
2025-04-28 14:00:00,14,0,4,3.92932986604396
2025-04-28 15:00:00,15,0,4,3.236962166955228
2025-04-28 16:00:00,16,0,4,3.539698391548834
2025-04-28 17:00:00,17,0,4,6.931642206502197
2025-04-28 18:00:00,18,0,4,6.386985253867669
2025-04-28 19:00:00,19,0,4,5.475198396253587
2025-04-28 20:00:00,20,0,4,5.492351143169453
2025-04-28 21:00:00,21,0,4,4.603397191852779
2025-04-28 22:00:00,22,0,4,3.757791193489491
2025-04-28 23:00:00,23,0,4,0.8311754990715204
2025-04-29 00:00:00,0,1,4,1.6762667679696768
2025-04-29 01:00:00,1,1,4,0.8904027672682783
2025-04-29 02:00:00,2,1,4,0.9537576688163902
2025-04-29 03:00:00,3,1,4,1.0810266158133897
2025-04-29 04:00:00,4,1,4,2.2009944640493813
2025-04-29 05:00:00,5,1,4,2.4003835661448254
2025-04-29 06:00:00,6,1,4,4.999283525725472
2025-04-29 07:00:00,7,1,4,4.43638191583998
2025-04-29 08:00:00,8,1,4,5.0064783631526195
2025-04-29 09:00:00,9,1,4,4.643342980231683
2025-04-29 10:00:00,10,1,4,4.151433942227131
2025-04-29 11:00:00,11,1,4,3.3319262851694837
2025-04-29 12:00:00,12,1,4,4.0355989649386546
2025-04-29 13:00:00,13,1,4,3.5610789889468624
2025-04-29 14:00:00,14,1,4,3.713342008738124
2025-04-29 15:00:00,15,1,4,3.464133133256778
2025-04-29 16:00:00,16,1,4,3.3175100675094944
2025-04-29 17:00:00,17,1,4,6.034350918740409
2025-04-29 18:00:00,18,1,4,5.6689210496837505
2025-04-29 19:00:00,19,1,4,5.833333564712123
2025-04-29 20:00:00,20,1,4,4.6698263151212105
2025-04-29 21:00:00,21,1,4,4.838216570805547
2025-04-29 22:00:00,22,1,4,4.926523489142403
2025-04-29 23:00:00,23,1,4,0.9956833485179838
2025-04-30 00:00:00,0,2,4,0.7639437042673567
2025-04-30 01:00:00,1,2,4,0.9077901499278996
2025-04-30 02:00:00,2,2,4,1.5230013439106815
2025-04-30 03:00:00,3,2,4,1.2786049467046852
2025-04-30 04:00:00,4,2,4,1.226854110377139
2025-04-30 05:00:00,5,2,4,1.943550660475216
2025-04-30 06:00:00,6,2,4,3.670854572411649
2025-04-30 07:00:00,7,2,4,4.772543804177179
2025-04-30 08:00:00,8,2,4,5.051671490734488
2025-04-30 09:00:00,9,2,4,5.126876611544446
2025-04-30 10:00:00,10,2,4,3.225225852400929
2025-04-30 11:00:00,11,2,4,3.444365736763275
2025-04-30 12:00:00,12,2,4,4.162815673971966
2025-04-30 13:00:00,13,2,4,4.491592200995624
2025-04-30 14:00:00,14,2,4,3.6939656406220847
2025-04-30 15:00:00,15,2,4,3.9823927870972518
2025-04-30 16:00:00,16,2,4,2.725849364338994
2025-04-30 17:00:00,17,2,4,6.01615290773712
2025-04-30 18:00:00,18,2,4,5.875804994505421
2025-04-30 19:00:00,19,2,4,5.136126633207266
2025-04-30 20:00:00,20,2,4,4.73716888243038
2025-04-30 21:00:00,21,2,4,4.482888177412446
2025-04-30 22:00:00,22,2,4,4.556216919550728
2025-04-30 23:00:00,23,2,4,1.1260302869607923
2025-05-01 00:00:00,0,3,5,0.15581876723640864
2025-05-01 01:00:00,1,3,5,0.15171993894597346
2025-05-01 02:00:00,2,3,5,0.8083651894235273
2025-05-01 03:00:00,3,3,5,1.384036528744763
2025-05-01 04:00:00,4,3,5,0.3403378911300847
2025-05-01 05:00:00,5,3,5,1.5501079295393478
2025-05-01 06:00:00,6,3,5,3.90127228973925
2025-05-01 07:00:00,7,3,5,5.055335111283379
2025-05-01 08:00:00,8,3,5,4.734219842968636
2025-05-01 09:00:00,9,3,5,5.403195593896371
2025-05-01 10:00:00,10,3,5,3.6171630278148066
2025-05-01 11:00:00,11,3,5,2.9468115137537776
2025-05-01 12:00:00,12,3,5,4.256171626086298
2025-05-01 13:00:00,13,3,5,4.086158602182516
2025-05-01 14:00:00,14,3,5,4.152196195303438
2025-05-01 15:00:00,15,3,5,5.3695331882511885
2025-05-01 16:00:00,16,3,5,2.7270149959803858
2025-05-01 17:00:00,17,3,5,6.939878659904443
2025-05-01 18:00:00,18,3,5,5.77324955989364
2025-05-01 19:00:00,19,3,5,5.614931561761204
2025-05-01 20:00:00,20,3,5,5.0935665342257215
2025-05-01 21:00:00,21,3,5,4.580305466640783
2025-05-01 22:00:00,22,3,5,4.211406656924676
2025-05-01 23:00:00,23,3,5,1.332765388552546
2025-05-02 00:00:00,0,4,5,0.4442417818977258
2025-05-02 01:00:00,1,4,5,1.3002316670087062
2025-05-02 02:00:00,2,4,5,0.8846334986122959
2025-05-02 03:00:00,3,4,5,0.7489341587071989
2025-05-02 04:00:00,4,4,5,1.259334685021853
2025-05-02 05:00:00,5,4,5,2.2528596867450292
2025-05-02 06:00:00,6,4,5,3.897637397539729
2025-05-02 07:00:00,7,4,5,4.643381447283848
2025-05-02 08:00:00,8,4,5,4.595846057367592
2025-05-02 09:00:00,9,4,5,5.553168739969448
2025-05-02 10:00:00,10,4,5,3.834863267295903
2025-05-02 11:00:00,11,4,5,4.538481638995223
2025-05-02 12:00:00,12,4,5,3.8786631612339164
2025-05-02 13:00:00,13,4,5,4.267461921903163
2025-05-02 14:00:00,14,4,5,3.98811575524918
2025-05-02 15:00:00,15,4,5,4.317386818421864
2025-05-02 16:00:00,16,4,5,3.2731272167363294
2025-05-02 17:00:00,17,4,5,6.548002125150912
2025-05-02 18:00:00,18,4,5,5.810349649207109
2025-05-02 19:00:00,19,4,5,5.474324729156601
2025-05-02 20:00:00,20,4,5,5.148472426125568
2025-05-02 21:00:00,21,4,5,4.850896158570671
2025-05-02 22:00:00,22,4,5,4.392848210971396
2025-05-02 23:00:00,23,4,5,1.2868471675915527
2025-05-03 00:00:00,0,5,5,2.4823584835912715
2025-05-03 01:00:00,1,5,5,2.194179874246087
2025-05-03 02:00:00,2,5,5,2.198773097565156
2025-05-03 03:00:00,3,5,5,1.8187460839137934
2025-05-03 04:00:00,4,5,5,1.8836434969288491
2025-05-03 05:00:00,5,5,5,2.932120223295101
2025-05-03 06:00:00,6,5,5,5.262190149358136
2025-05-03 07:00:00,7,5,5,5.889068270300393
2025-05-03 08:00:00,8,5,5,5.44663631726609
2025-05-03 09:00:00,9,5,5,5.958180537855861
2025-05-03 10:00:00,10,5,5,3.704866506769648
2025-05-03 11:00:00,11,5,5,4.442049663252309
2025-05-03 12:00:00,12,5,5,5.147516943665381
2025-05-03 13:00:00,13,5,5,4.613401848308721
2025-05-03 14:00:00,14,5,5,5.005080657513932
2025-05-03 15:00:00,15,5,5,4.522836863277533
2025-05-03 16:00:00,16,5,5,4.490282983068446
2025-05-03 17:00:00,17,5,5,6.5909234440737325
2025-05-03 18:00:00,18,5,5,6.722312347507342
2025-05-03 19:00:00,19,5,5,5.10354561163971
2025-05-03 20:00:00,20,5,5,5.8370129690814245
2025-05-03 21:00:00,21,5,5,4.897810702513944
2025-05-03 22:00:00,22,5,5,5.721737634838905
2025-05-03 23:00:00,23,5,5,2.3119248354291466
2025-05-04 00:00:00,0,6,5,2.03777965335283
2025-05-04 01:00:00,1,6,5,2.408402490863752
2025-05-04 02:00:00,2,6,5,1.4715446522364626
2025-05-04 03:00:00,3,6,5,2.699907173489565
2025-05-04 04:00:00,4,6,5,2.612216453924333
2025-05-04 05:00:00,5,6,5,2.4553778851124215
2025-05-04 06:00:00,6,6,5,5.3660194912193955
2025-05-04 07:00:00,7,6,5,4.857482595035346
2025-05-04 08:00:00,8,6,5,5.358422903042712
2025-05-04 09:00:00,9,6,5,5.8065641107041195
2025-05-04 10:00:00,10,6,5,4.149069088554215
2025-05-04 11:00:00,11,6,5,4.176415048572557
2025-05-04 12:00:00,12,6,5,5.238121966271732
2025-05-04 13:00:00,13,6,5,4.696458239852067
2025-05-04 14:00:00,14,6,5,4.889890726776354
2025-05-04 15:00:00,15,6,5,4.370897559111185
2025-05-04 16:00:00,16,6,5,3.6324188515604146
2025-05-04 17:00:00,17,6,5,7.158022943356569
2025-05-04 18:00:00,18,6,5,5.92332657748587
2025-05-04 19:00:00,19,6,5,6.272546381565812
2025-05-04 20:00:00,20,6,5,5.364445416813094
2025-05-04 21:00:00,21,6,5,6.344910399692323
2025-05-04 22:00:00,22,6,5,5.603884917090068
2025-05-04 23:00:00,23,6,5,2.0432634108319343
2025-05-05 00:00:00,0,0,5,1.556593931628265
2025-05-05 01:00:00,1,0,5,0.6614736090137057
2025-05-05 02:00:00,2,0,5,1.2685030120344347
2025-05-05 03:00:00,3,0,5,1.2808860678108274
2025-05-05 04:00:00,4,0,5,1.5449478607536467
2025-05-05 05:00:00,5,0,5,2.258941400042707
2025-05-05 06:00:00,6,0,5,4.4047682734581395
2025-05-05 07:00:00,7,0,5,4.615489465130009
2025-05-05 08:00:00,8,0,5,4.226273593162463
2025-05-05 09:00:00,9,0,5,4.865981481888214
2025-05-05 10:00:00,10,0,5,3.5115765983415317
2025-05-05 11:00:00,11,0,5,3.8363870553873185
2025-05-05 12:00:00,12,0,5,3.496807249564033
2025-05-05 13:00:00,13,0,5,4.964670670231369
2025-05-05 14:00:00,14,0,5,4.555446361535032
2025-05-05 15:00:00,15,0,5,4.039885433833652
2025-05-05 16:00:00,16,0,5,3.5894749162933195
2025-05-05 17:00:00,17,0,5,6.16511641203954
2025-05-05 18:00:00,18,0,5,5.507461183644887
2025-05-05 19:00:00,19,0,5,5.530992207407545
2025-05-05 20:00:00,20,0,5,5.214872448403319
2025-05-05 21:00:00,21,0,5,4.25329576980735
2025-05-05 22:00:00,22,0,5,4.573010395118138
2025-05-05 23:00:00,23,0,5,1.1388582747934428
2025-05-06 00:00:00,0,1,5,0.287988237415441
2025-05-06 01:00:00,1,1,5,0.6558459956881992
2025-05-06 02:00:00,2,1,5,0.8856690471977398
2025-05-06 03:00:00,3,1,5,1.956036957259418
2025-05-06 04:00:00,4,1,5,1.661961078033682
2025-05-06 05:00:00,5,1,5,1.2158073723600435
2025-05-06 06:00:00,6,1,5,4.306185948113273
2025-05-06 07:00:00,7,1,5,3.881078404424654
2025-05-06 08:00:00,8,1,5,5.321304989208611
2025-05-06 09:00:00,9,1,5,5.061550139272849
2025-05-06 10:00:00,10,1,5,3.523205696284153
2025-05-06 11:00:00,11,1,5,4.329356764693534
2025-05-06 12:00:00,12,1,5,3.4340233119999026
2025-05-06 13:00:00,13,1,5,3.4411527259548036
2025-05-06 14:00:00,14,1,5,3.7154490088952006
2025-05-06 15:00:00,15,1,5,4.214389646084385
2025-05-06 16:00:00,16,1,5,2.9529217415890843
2025-05-06 17:00:00,17,1,5,5.117137760755773
2025-05-06 18:00:00,18,1,5,5.707765024290182
2025-05-06 19:00:00,19,1,5,5.720696319964368
2025-05-06 20:00:00,20,1,5,5.59187613224175
2025-05-06 21:00:00,21,1,5,4.564735455165841
2025-05-06 22:00:00,22,1,5,4.274769185373778
2025-05-06 23:00:00,23,1,5,1.6625221880256411
2025-05-07 00:00:00,0,2,5,0.30321458068822915
2025-05-07 01:00:00,1,2,5,0.8445916899267962
2025-05-07 02:00:00,2,2,5,1.1272808165364205
2025-05-07 03:00:00,3,2,5,1.3806493828373556
2025-05-07 04:00:00,4,2,5,1.2354171509438254
2025-05-07 05:00:00,5,2,5,1.7637764046823365
2025-05-07 06:00:00,6,2,5,3.116440490981023
2025-05-07 07:00:00,7,2,5,4.236700635066461
2025-05-07 08:00:00,8,2,5,5.069632052675568
2025-05-07 09:00:00,9,2,5,4.857082386298128
2025-05-07 10:00:00,10,2,5,3.5842538604156604
2025-05-07 11:00:00,11,2,5,3.977787105997737
2025-05-07 12:00:00,12,2,5,3.8118690590904967
2025-05-07 13:00:00,13,2,5,4.068185508398629
2025-05-07 14:00:00,14,2,5,3.5637957133197578
2025-05-07 15:00:00,15,2,5,3.7163935937982395
2025-05-07 16:00:00,16,2,5,3.8047466396155105
2025-05-07 17:00:00,17,2,5,6.312789184387373
2025-05-07 18:00:00,18,2,5,5.653616059828208
2025-05-07 19:00:00,19,2,5,5.589686561716317
2025-05-07 20:00:00,20,2,5,5.397615348600866
2025-05-07 21:00:00,21,2,5,3.9300234885690086
2025-05-07 22:00:00,22,2,5,4.902969454202538
2025-05-07 23:00:00,23,2,5,1.0664599988509134
2025-05-08 00:00:00,0,3,5,1.2213072338624895
2025-05-08 01:00:00,1,3,5,1.478898769458091
2025-05-08 02:00:00,2,3,5,0.502441781674211
2025-05-08 03:00:00,3,3,5,0.9171854933523234
2025-05-08 04:00:00,4,3,5,1.3239203498698966
2025-05-08 05:00:00,5,3,5,1.4364985915502286
2025-05-08 06:00:00,6,3,5,4.805746062680942
2025-05-08 07:00:00,7,3,5,4.157291162469283
2025-05-08 08:00:00,8,3,5,4.666009855859035
2025-05-08 09:00:00,9,3,5,5.3317556126411905
2025-05-08 10:00:00,10,3,5,3.0798003613493856
2025-05-08 11:00:00,11,3,5,3.6407658209741527
2025-05-08 12:00:00,12,3,5,4.075870043933673
2025-05-08 13:00:00,13,3,5,3.8668558382469955
2025-05-08 14:00:00,14,3,5,3.911533995873623
2025-05-08 15:00:00,15,3,5,3.5873052606973097
2025-05-08 16:00:00,16,3,5,2.9548720481075144
2025-05-08 17:00:00,17,3,5,6.378637284535696
2025-05-08 18:00:00,18,3,5,6.590201796312678
2025-05-08 19:00:00,19,3,5,5.507360652313375
2025-05-08 20:00:00,20,3,5,5.2018770792452385
2025-05-08 21:00:00,21,3,5,5.027089102046744
2025-05-08 22:00:00,22,3,5,3.9316076296014995
2025-05-08 23:00:00,23,3,5,1.8819677575751845
2025-05-09 00:00:00,0,4,5,1.1320427791355183
2025-05-09 01:00:00,1,4,5,1.6527427596356437
2025-05-09 02:00:00,2,4,5,0.7578980623568017
2025-05-09 03:00:00,3,4,5,1.928186663346472
2025-05-09 04:00:00,4,4,5,1.7494020258340919
2025-05-09 05:00:00,5,4,5,1.9712160343409435
2025-05-09 06:00:00,6,4,5,4.205381214087478
2025-05-09 07:00:00,7,4,5,4.400588552770221
2025-05-09 08:00:00,8,4,5,5.368441231043331
2025-05-09 09:00:00,9,4,5,5.306143947939219
2025-05-09 10:00:00,10,4,5,2.7738322903449606
2025-05-09 11:00:00,11,4,5,3.352163520993857
2025-05-09 12:00:00,12,4,5,3.8745504385565037
2025-05-09 13:00:00,13,4,5,4.123999593266222
2025-05-09 14:00:00,14,4,5,3.926253343873644
2025-05-09 15:00:00,15,4,5,4.286626421594123
2025-05-09 16:00:00,16,4,5,2.7802194261643716
2025-05-09 17:00:00,17,4,5,6.307435174602064
2025-05-09 18:00:00,18,4,5,5.16103687749892
2025-05-09 19:00:00,19,4,5,5.803884918193667
2025-05-09 20:00:00,20,4,5,5.073987946569417
2025-05-09 21:00:00,21,4,5,4.917843988809647
2025-05-09 22:00:00,22,4,5,4.093786643984273
2025-05-09 23:00:00,23,4,5,1.7127478669864427
2025-05-10 00:00:00,0,5,5,2.267801126189938
2025-05-10 01:00:00,1,5,5,2.033417721204755
2025-05-10 02:00:00,2,5,5,1.7993043618210212
2025-05-10 03:00:00,3,5,5,2.2329048084413947
2025-05-10 04:00:00,4,5,5,1.9565828010252393
2025-05-10 05:00:00,5,5,5,2.892222263608285
2025-05-10 06:00:00,6,5,5,5.571563790075786
2025-05-10 07:00:00,7,5,5,5.728244223991674
2025-05-10 08:00:00,8,5,5,5.396387579730818
2025-05-10 09:00:00,9,5,5,6.194566926909241
2025-05-10 10:00:00,10,5,5,3.8434035542763625
2025-05-10 11:00:00,11,5,5,4.8279942301469285
2025-05-10 12:00:00,12,5,5,4.9291301045786176
2025-05-10 13:00:00,13,5,5,4.052073464187134
2025-05-10 14:00:00,14,5,5,4.284175201868657
2025-05-10 15:00:00,15,5,5,4.485782546979151
2025-05-10 16:00:00,16,5,5,4.240316272923491
2025-05-10 17:00:00,17,5,5,6.566209225832478
2025-05-10 18:00:00,18,5,5,6.8438200593946545
2025-05-10 19:00:00,19,5,5,6.400589443576204
2025-05-10 20:00:00,20,5,5,5.8340637795548105
2025-05-10 21:00:00,21,5,5,5.247683399936655
2025-05-10 22:00:00,22,5,5,5.658822678786804
2025-05-10 23:00:00,23,5,5,2.6631247395586604
2025-05-11 00:00:00,0,6,5,1.6576866670277828
2025-05-11 01:00:00,1,6,5,1.5551332331380716
2025-05-11 02:00:00,2,6,5,2.047594326731196
2025-05-11 03:00:00,3,6,5,1.8577501424245473
2025-05-11 04:00:00,4,6,5,2.1835809479548853
2025-05-11 05:00:00,5,6,5,2.8458612606898686
2025-05-11 06:00:00,6,6,5,4.148028997343301
2025-05-11 07:00:00,7,6,5,5.8273209299410675
2025-05-11 08:00:00,8,6,5,5.717300777385518
2025-05-11 09:00:00,9,6,5,5.885402742175128
2025-05-11 10:00:00,10,6,5,4.324966510091242
2025-05-11 11:00:00,11,6,5,4.584009847684865
2025-05-11 12:00:00,12,6,5,4.0564082180556325
2025-05-11 13:00:00,13,6,5,5.397975290981294
2025-05-11 14:00:00,14,6,5,4.76541899234185
2025-05-11 15:00:00,15,6,5,4.7762389578556075
2025-05-11 16:00:00,16,6,5,4.741280080009439
2025-05-11 17:00:00,17,6,5,6.64153501697588
2025-05-11 18:00:00,18,6,5,6.877617327267873
2025-05-11 19:00:00,19,6,5,6.192943563640482
2025-05-11 20:00:00,20,6,5,6.250479742432816
2025-05-11 21:00:00,21,6,5,4.699109031859401
2025-05-11 22:00:00,22,6,5,5.199702108123671
2025-05-11 23:00:00,23,6,5,1.7598336320097576
2025-05-12 00:00:00,0,0,5,1.2240164408200598
2025-05-12 01:00:00,1,0,5,1.1880176749472808
2025-05-12 02:00:00,2,0,5,0.7680609026375871
2025-05-12 03:00:00,3,0,5,0.9160923486529245
2025-05-12 04:00:00,4,0,5,1.3950736807972468
2025-05-12 05:00:00,5,0,5,1.3913431090739168
2025-05-12 06:00:00,6,0,5,4.448564910527069
2025-05-12 07:00:00,7,0,5,4.352317119821022
2025-05-12 08:00:00,8,0,5,3.7254332799251246
2025-05-12 09:00:00,9,0,5,5.1000711773512775
2025-05-12 10:00:00,10,0,5,3.1452426434422325
2025-05-12 11:00:00,11,0,5,3.14652777949228
2025-05-12 12:00:00,12,0,5,3.4539180841445734
2025-05-12 13:00:00,13,0,5,4.043763388733188
2025-05-12 14:00:00,14,0,5,4.480345070732895
2025-05-12 15:00:00,15,0,5,3.92431189522265
2025-05-12 16:00:00,16,0,5,3.3180588164935254
2025-05-12 17:00:00,17,0,5,6.432361678068281
2025-05-12 18:00:00,18,0,5,5.704592443566185
2025-05-12 19:00:00,19,0,5,5.222159852334742
2025-05-12 20:00:00,20,0,5,4.650026365053025
2025-05-12 21:00:00,21,0,5,4.049268477299313
2025-05-12 22:00:00,22,0,5,4.283370345596401
2025-05-12 23:00:00,23,0,5,1.264183290291395
2025-05-13 00:00:00,0,1,5,1.0124617925604416
2025-05-13 01:00:00,1,1,5,0.8336132288210565
2025-05-13 02:00:00,2,1,5,0.6728128362876851
2025-05-13 03:00:00,3,1,5,1.4442603709973294
2025-05-13 04:00:00,4,1,5,0.9124870602415446
2025-05-13 05:00:00,5,1,5,2.0604111655373902
2025-05-13 06:00:00,6,1,5,3.7108846247755283
2025-05-13 07:00:00,7,1,5,4.199025905058786
2025-05-13 08:00:00,8,1,5,4.301514491407511
2025-05-13 09:00:00,9,1,5,5.049439141245745
2025-05-13 10:00:00,10,1,5,3.950785155171013
2025-05-13 11:00:00,11,1,5,4.00528934105424
2025-05-13 12:00:00,12,1,5,4.340257584244816
2025-05-13 13:00:00,13,1,5,4.208857018373575
2025-05-13 14:00:00,14,1,5,3.507420808021455
2025-05-13 15:00:00,15,1,5,3.666722415945635
2025-05-13 16:00:00,16,1,5,3.2485805201328364
2025-05-13 17:00:00,17,1,5,6.7822299616156165
2025-05-13 18:00:00,18,1,5,5.409513109083257
2025-05-13 19:00:00,19,1,5,5.857479075755644
2025-05-13 20:00:00,20,1,5,5.4689529803897265
2025-05-13 21:00:00,21,1,5,5.481848080686435
2025-05-13 22:00:00,22,1,5,4.27546519116838
2025-05-13 23:00:00,23,1,5,1.485890758155407
2025-05-14 00:00:00,0,2,5,1.9637719951819346
2025-05-14 01:00:00,1,2,5,0.7529433292265213
2025-05-14 02:00:00,2,2,5,0.4370951615534535
2025-05-14 03:00:00,3,2,5,0.44895788076023646
2025-05-14 04:00:00,4,2,5,1.7244246397647112
2025-05-14 05:00:00,5,2,5,0.9967399167765665
2025-05-14 06:00:00,6,2,5,3.9628438111710493
2025-05-14 07:00:00,7,2,5,4.6749252748155845
2025-05-14 08:00:00,8,2,5,4.962298782385747
2025-05-14 09:00:00,9,2,5,5.420177945673669
2025-05-14 10:00:00,10,2,5,3.6495761141001632
2025-05-14 11:00:00,11,2,5,4.310584431002015
2025-05-14 12:00:00,12,2,5,3.5679621871380838
2025-05-14 13:00:00,13,2,5,3.7292019446165874
2025-05-14 14:00:00,14,2,5,3.6398249613252727
2025-05-14 15:00:00,15,2,5,4.131114830421702
2025-05-14 16:00:00,16,2,5,3.920819607137847
2025-05-14 17:00:00,17,2,5,6.430490127727404
2025-05-14 18:00:00,18,2,5,6.361626034409753
2025-05-14 19:00:00,19,2,5,5.028783653049448
2025-05-14 20:00:00,20,2,5,5.7786610769666735
2025-05-14 21:00:00,21,2,5,5.359295448684904
2025-05-14 22:00:00,22,2,5,4.733588627118477
2025-05-14 23:00:00,23,2,5,1.9136814578317662
2025-05-15 00:00:00,0,3,5,0.3884619774952879
2025-05-15 01:00:00,1,3,5,0.7902207454949393
2025-05-15 02:00:00,2,3,5,0.7569898762936165
2025-05-15 03:00:00,3,3,5,1.4895536238262794
2025-05-15 04:00:00,4,3,5,1.0192835323793203
2025-05-15 05:00:00,5,3,5,2.0529980597349944
2025-05-15 06:00:00,6,3,5,4.659985889944904
2025-05-15 07:00:00,7,3,5,4.7780811600336
2025-05-15 08:00:00,8,3,5,5.001728977118382
2025-05-15 09:00:00,9,3,5,4.8548506636397
2025-05-15 10:00:00,10,3,5,3.2219197853296757
2025-05-15 11:00:00,11,3,5,4.298885667795325
2025-05-15 12:00:00,12,3,5,4.260628340995735
2025-05-15 13:00:00,13,3,5,3.9843921922489822
2025-05-15 14:00:00,14,3,5,3.781724921127246
2025-05-15 15:00:00,15,3,5,2.988714956432107
2025-05-15 16:00:00,16,3,5,3.1323192043060457
2025-05-15 17:00:00,17,3,5,7.014567634855889
2025-05-15 18:00:00,18,3,5,5.376046339252795
2025-05-15 19:00:00,19,3,5,5.5757919284884325
2025-05-15 20:00:00,20,3,5,5.514749021624298
2025-05-15 21:00:00,21,3,5,4.248030932799083
2025-05-15 22:00:00,22,3,5,4.513224018132612
2025-05-15 23:00:00,23,3,5,1.5761281093276043
2025-05-16 00:00:00,0,4,5,1.0561109893292977
2025-05-16 01:00:00,1,4,5,2.1473612222667073
2025-05-16 02:00:00,2,4,5,0.38367155701511935
2025-05-16 03:00:00,3,4,5,1.6244533062768935
2025-05-16 04:00:00,4,4,5,1.370219133261593
2025-05-16 05:00:00,5,4,5,2.05876806193467
2025-05-16 06:00:00,6,4,5,4.288294293025917
2025-05-16 07:00:00,7,4,5,4.206737521156001
2025-05-16 08:00:00,8,4,5,4.979827124637517
2025-05-16 09:00:00,9,4,5,4.506839419440685
2025-05-16 10:00:00,10,4,5,3.8019591720083787
2025-05-16 11:00:00,11,4,5,3.9183014920728683
2025-05-16 12:00:00,12,4,5,4.204352806890843
2025-05-16 13:00:00,13,4,5,4.42324733003486
2025-05-16 14:00:00,14,4,5,4.095936675517487
2025-05-16 15:00:00,15,4,5,3.8582738735959685
2025-05-16 16:00:00,16,4,5,3.2082328371153044
2025-05-16 17:00:00,17,4,5,5.965111694540379
2025-05-16 18:00:00,18,4,5,6.362922415724714
2025-05-16 19:00:00,19,4,5,6.074534162282392
2025-05-16 20:00:00,20,4,5,5.016527257821397
2025-05-16 21:00:00,21,4,5,4.768401098901309
2025-05-16 22:00:00,22,4,5,4.0774940782226725
2025-05-16 23:00:00,23,4,5,1.67006463243032
2025-05-17 00:00:00,0,5,5,2.117277990043109
2025-05-17 01:00:00,1,5,5,2.5764869745854995
2025-05-17 02:00:00,2,5,5,1.499782029694502
2025-05-17 03:00:00,3,5,5,1.849758734716055
2025-05-17 04:00:00,4,5,5,2.331918197230408
2025-05-17 05:00:00,5,5,5,2.808595815090308
2025-05-17 06:00:00,6,5,5,4.8255043773271655
2025-05-17 07:00:00,7,5,5,4.950815563818519
2025-05-17 08:00:00,8,5,5,6.04079157922321
2025-05-17 09:00:00,9,5,5,6.338454145018233
2025-05-17 10:00:00,10,5,5,3.9941505315543315
2025-05-17 11:00:00,11,5,5,5.141215226118856
2025-05-17 12:00:00,12,5,5,5.216968223112244
2025-05-17 13:00:00,13,5,5,4.853718598899117
2025-05-17 14:00:00,14,5,5,4.780727884384017
2025-05-17 15:00:00,15,5,5,4.820661214123021
2025-05-17 16:00:00,16,5,5,4.015978943677318
2025-05-17 17:00:00,17,5,5,7.062012591665633
2025-05-17 18:00:00,18,5,5,5.827275149810109
2025-05-17 19:00:00,19,5,5,6.650582258201174
2025-05-17 20:00:00,20,5,5,5.287174143369475
2025-05-17 21:00:00,21,5,5,6.151367931371599
2025-05-17 22:00:00,22,5,5,5.107291790633599
2025-05-17 23:00:00,23,5,5,1.9162951015508716
2025-05-18 00:00:00,0,6,5,1.6000176981325953
2025-05-18 01:00:00,1,6,5,1.6847844504311695
2025-05-18 02:00:00,2,6,5,2.4185237986256123
2025-05-18 03:00:00,3,6,5,1.0058384317093099
2025-05-18 04:00:00,4,6,5,2.750125982655454
2025-05-18 05:00:00,5,6,5,2.685209392440683
2025-05-18 06:00:00,6,6,5,4.428962773203332
2025-05-18 07:00:00,7,6,5,4.869875042780305
2025-05-18 08:00:00,8,6,5,6.3587857785370625
2025-05-18 09:00:00,9,6,5,5.671797248022907
2025-05-18 10:00:00,10,6,5,3.899319967541438
2025-05-18 11:00:00,11,6,5,5.0539639226225495
2025-05-18 12:00:00,12,6,5,4.884309889947968
2025-05-18 13:00:00,13,6,5,4.424829769385441
2025-05-18 14:00:00,14,6,5,4.83553872959545
2025-05-18 15:00:00,15,6,5,4.188737032220547
2025-05-18 16:00:00,16,6,5,4.8009887311488635
2025-05-18 17:00:00,17,6,5,7.474548385949253
2025-05-18 18:00:00,18,6,5,6.901031047182559
2025-05-18 19:00:00,19,6,5,6.444664424498806
2025-05-18 20:00:00,20,6,5,6.616246682293168
2025-05-18 21:00:00,21,6,5,5.54987453095529
2025-05-18 22:00:00,22,6,5,4.7665901780518585
2025-05-18 23:00:00,23,6,5,2.180751459456265
2025-05-19 00:00:00,0,0,5,1.8855300803812431
2025-05-19 01:00:00,1,0,5,0.5940962027256591
2025-05-19 02:00:00,2,0,5,0.9065261538888032
2025-05-19 03:00:00,3,0,5,1.3675403095639231
2025-05-19 04:00:00,4,0,5,1.417777888617883
2025-05-19 05:00:00,5,0,5,1.3570785678490742
2025-05-19 06:00:00,6,0,5,4.560514574838407
2025-05-19 07:00:00,7,0,5,5.428016288806904
2025-05-19 08:00:00,8,0,5,4.966681151263344
2025-05-19 09:00:00,9,0,5,4.8883726841056
2025-05-19 10:00:00,10,0,5,2.9410759617584312
2025-05-19 11:00:00,11,0,5,3.9022284981651305
2025-05-19 12:00:00,12,0,5,4.3904396767601055
2025-05-19 13:00:00,13,0,5,4.190067098598153
2025-05-19 14:00:00,14,0,5,3.947927203066061
2025-05-19 15:00:00,15,0,5,3.5633294449609356
2025-05-19 16:00:00,16,0,5,3.1237947186925856
2025-05-19 17:00:00,17,0,5,6.583900530529953
2025-05-19 18:00:00,18,0,5,6.253737216208016
2025-05-19 19:00:00,19,0,5,4.881708085323707
2025-05-19 20:00:00,20,0,5,5.747707023618492
2025-05-19 21:00:00,21,0,5,4.9796284883576005
2025-05-19 22:00:00,22,0,5,4.999177686278497
2025-05-19 23:00:00,23,0,5,0.6641107949292961
2025-05-20 00:00:00,0,1,5,0.5047815984002219
2025-05-20 01:00:00,1,1,5,0.9404122760930812
2025-05-20 02:00:00,2,1,5,1.2522250313244752
2025-05-20 03:00:00,3,1,5,1.9195062234941274
2025-05-20 04:00:00,4,1,5,1.7217713937462311
2025-05-20 05:00:00,5,1,5,1.6529274892751866
2025-05-20 06:00:00,6,1,5,3.7012237492798614
2025-05-20 07:00:00,7,1,5,4.99200022908766
2025-05-20 08:00:00,8,1,5,4.502346397353495
2025-05-20 09:00:00,9,1,5,5.901387421908929
2025-05-20 10:00:00,10,1,5,3.4469063119372176
2025-05-20 11:00:00,11,1,5,4.435270934723798
2025-05-20 12:00:00,12,1,5,4.220461255457314
2025-05-20 13:00:00,13,1,5,3.9452018042230166
2025-05-20 14:00:00,14,1,5,3.741130190703152
2025-05-20 15:00:00,15,1,5,3.6626749547382262
2025-05-20 16:00:00,16,1,5,3.7319868487299166
2025-05-20 17:00:00,17,1,5,6.2808625984870865
2025-05-20 18:00:00,18,1,5,5.6507040044262995
2025-05-20 19:00:00,19,1,5,5.433747435872947
2025-05-20 20:00:00,20,1,5,5.143202244233878
2025-05-20 21:00:00,21,1,5,3.898506362234075
2025-05-20 22:00:00,22,1,5,4.622607074135659
2025-05-20 23:00:00,23,1,5,0.8090734044366195
2025-05-21 00:00:00,0,2,5,0.5897782992840994
2025-05-21 01:00:00,1,2,5,0.3250622611557158
2025-05-21 02:00:00,2,2,5,0.33355426141924127
2025-05-21 03:00:00,3,2,5,0.6587828930784263
2025-05-21 04:00:00,4,2,5,1.1557314451679823
2025-05-21 05:00:00,5,2,5,2.5313036550106274
2025-05-21 06:00:00,6,2,5,3.9014195619881367
2025-05-21 07:00:00,7,2,5,4.571100042507212
2025-05-21 08:00:00,8,2,5,5.048421122256313
2025-05-21 09:00:00,9,2,5,5.302426074486339
2025-05-21 10:00:00,10,2,5,3.529682787489424
2025-05-21 11:00:00,11,2,5,3.3209206002369602
2025-05-21 12:00:00,12,2,5,4.529259758745288
2025-05-21 13:00:00,13,2,5,4.722878657455154
2025-05-21 14:00:00,14,2,5,3.275825261784528
2025-05-21 15:00:00,15,2,5,3.389426669322106
2025-05-21 16:00:00,16,2,5,3.448736034829019
2025-05-21 17:00:00,17,2,5,5.864184882035923
2025-05-21 18:00:00,18,2,5,6.0906147890361275
2025-05-21 19:00:00,19,2,5,5.208691119037355
2025-05-21 20:00:00,20,2,5,5.97779385946886
2025-05-21 21:00:00,21,2,5,5.226219437737439
2025-05-21 22:00:00,22,2,5,4.524369440473065
2025-05-21 23:00:00,23,2,5,1.6117563996512352
2025-05-22 00:00:00,0,3,5,1.493471430309321
2025-05-22 01:00:00,1,3,5,0.7744210047767027
2025-05-22 02:00:00,2,3,5,0.7246243627496116
2025-05-22 03:00:00,3,3,5,1.2322191195112009
2025-05-22 04:00:00,4,3,5,1.7839942780193563
2025-05-22 05:00:00,5,3,5,1.8056241594613671
2025-05-22 06:00:00,6,3,5,3.4809728394698194
2025-05-22 07:00:00,7,3,5,4.178870222419663
2025-05-22 08:00:00,8,3,5,4.85863942221603
2025-05-22 09:00:00,9,3,5,5.219733758269668
2025-05-22 10:00:00,10,3,5,4.3496770424957445
2025-05-22 11:00:00,11,3,5,3.2446429287170586
2025-05-22 12:00:00,12,3,5,4.151124436167953
2025-05-22 13:00:00,13,3,5,4.595645243331316
2025-05-22 14:00:00,14,3,5,4.857468637602721
2025-05-22 15:00:00,15,3,5,3.6372791364030737
2025-05-22 16:00:00,16,3,5,3.7572319528679015
2025-05-22 17:00:00,17,3,5,6.477904142879459
2025-05-22 18:00:00,18,3,5,5.966421260275098
2025-05-22 19:00:00,19,3,5,5.460461919504278
2025-05-22 20:00:00,20,3,5,5.2861615881462365
2025-05-22 21:00:00,21,3,5,3.737101565912126
2025-05-22 22:00:00,22,3,5,4.7121676242452315
2025-05-22 23:00:00,23,3,5,1.251433055788129
2025-05-23 00:00:00,0,4,5,0.9621213018550914
2025-05-23 01:00:00,1,4,5,1.818744878287823
2025-05-23 02:00:00,2,4,5,0.7811376530501766
2025-05-23 03:00:00,3,4,5,1.0397314986973296
2025-05-23 04:00:00,4,4,5,2.235961149102072
2025-05-23 05:00:00,5,4,5,1.4171754780600574
2025-05-23 06:00:00,6,4,5,3.891725319171603
2025-05-23 07:00:00,7,4,5,4.44118983062766
2025-05-23 08:00:00,8,4,5,5.224522360505601
2025-05-23 09:00:00,9,4,5,5.333121002941326
2025-05-23 10:00:00,10,4,5,3.043610032918916
2025-05-23 11:00:00,11,4,5,3.586170680425782
2025-05-23 12:00:00,12,4,5,3.705946966148718
2025-05-23 13:00:00,13,4,5,3.9691115819107816
2025-05-23 14:00:00,14,4,5,4.119226202885534
2025-05-23 15:00:00,15,4,5,3.966320408031847
2025-05-23 16:00:00,16,4,5,2.8502554701604605
2025-05-23 17:00:00,17,4,5,6.6755763950243425
2025-05-23 18:00:00,18,4,5,5.989256106052431
2025-05-23 19:00:00,19,4,5,6.053812819037563
2025-05-23 20:00:00,20,4,5,5.289450763262487
2025-05-23 21:00:00,21,4,5,5.190529183094305
2025-05-23 22:00:00,22,4,5,4.6259579528002295
2025-05-23 23:00:00,23,4,5,1.7394521968044416
2025-05-24 00:00:00,0,5,5,2.060011514973509
2025-05-24 01:00:00,1,5,5,1.7608339014228385
2025-05-24 02:00:00,2,5,5,2.7600851487451505
2025-05-24 03:00:00,3,5,5,2.3565767432352986
2025-05-24 04:00:00,4,5,5,2.468837596621944
2025-05-24 05:00:00,5,5,5,2.0394782333846653
2025-05-24 06:00:00,6,5,5,4.396448385360803
2025-05-24 07:00:00,7,5,5,5.4170861928567415
2025-05-24 08:00:00,8,5,5,5.746437046761078
2025-05-24 09:00:00,9,5,5,5.804350973996673
2025-05-24 10:00:00,10,5,5,4.417053251624646
2025-05-24 11:00:00,11,5,5,5.234488876894096
2025-05-24 12:00:00,12,5,5,5.027049729253722
2025-05-24 13:00:00,13,5,5,4.343596596098904
2025-05-24 14:00:00,14,5,5,4.704285208576425
2025-05-24 15:00:00,15,5,5,4.277051513335634
2025-05-24 16:00:00,16,5,5,4.205580205216397
2025-05-24 17:00:00,17,5,5,6.884553733748143
2025-05-24 18:00:00,18,5,5,6.497170334612179
2025-05-24 19:00:00,19,5,5,5.797945851210642
2025-05-24 20:00:00,20,5,5,5.860709559738942
2025-05-24 21:00:00,21,5,5,5.325756945261076
2025-05-24 22:00:00,22,5,5,4.067560352219272
2025-05-24 23:00:00,23,5,5,2.8221507041240077
2025-05-25 00:00:00,0,6,5,2.2866191222530663
2025-05-25 01:00:00,1,6,5,1.6494797100300016
2025-05-25 02:00:00,2,6,5,1.8586388804626368
2025-05-25 03:00:00,3,6,5,1.5323001553963171
2025-05-25 04:00:00,4,6,5,2.917628979344525
2025-05-25 05:00:00,5,6,5,3.3089154779092445
2025-05-25 06:00:00,6,6,5,4.974448923644828
2025-05-25 07:00:00,7,6,5,5.7094122576741375
2025-05-25 08:00:00,8,6,5,5.758343279227351
2025-05-25 09:00:00,9,6,5,5.515309824449628
2025-05-25 10:00:00,10,6,5,4.195930824194359
2025-05-25 11:00:00,11,6,5,4.65180929238544
2025-05-25 12:00:00,12,6,5,4.567069651936225
2025-05-25 13:00:00,13,6,5,4.712538689025985
2025-05-25 14:00:00,14,6,5,4.712328916429956
2025-05-25 15:00:00,15,6,5,4.566686706530473
2025-05-25 16:00:00,16,6,5,4.381563567978815
2025-05-25 17:00:00,17,6,5,6.62575797344136
2025-05-25 18:00:00,18,6,5,6.401422108002607
2025-05-25 19:00:00,19,6,5,5.7861662937200125
2025-05-25 20:00:00,20,6,5,6.3028976522206985
2025-05-25 21:00:00,21,6,5,4.70774122326387
2025-05-25 22:00:00,22,6,5,5.700775965546949
2025-05-25 23:00:00,23,6,5,2.5555016532284798
2025-05-26 00:00:00,0,0,5,0.9302390257733489
2025-05-26 01:00:00,1,0,5,0.1
2025-05-26 02:00:00,2,0,5,0.9065870357794813
2025-05-26 03:00:00,3,0,5,1.1752882298078142
2025-05-26 04:00:00,4,0,5,1.0351005402486133
2025-05-26 05:00:00,5,0,5,1.543912642476703
2025-05-26 06:00:00,6,0,5,4.723849511891559
2025-05-26 07:00:00,7,0,5,4.765970864920696
2025-05-26 08:00:00,8,0,5,4.518402921902542
2025-05-26 09:00:00,9,0,5,4.610960332161827
2025-05-26 10:00:00,10,0,5,3.429853244735913
2025-05-26 11:00:00,11,0,5,3.7136553939364827
2025-05-26 12:00:00,12,0,5,4.147368414378929
2025-05-26 13:00:00,13,0,5,3.785873314972936
2025-05-26 14:00:00,14,0,5,4.1534885695783474
2025-05-26 15:00:00,15,0,5,4.57309972170075
2025-05-26 16:00:00,16,0,5,3.8868605807575265
2025-05-26 17:00:00,17,0,5,6.230764597067691
2025-05-26 18:00:00,18,0,5,5.814968379232464
2025-05-26 19:00:00,19,0,5,5.357330746328051
2025-05-26 20:00:00,20,0,5,5.584027797327076
2025-05-26 21:00:00,21,0,5,4.499074621619479
2025-05-26 22:00:00,22,0,5,4.457428911820172
2025-05-26 23:00:00,23,0,5,1.2214410550757764
2025-05-27 00:00:00,0,1,5,0.8503975834417847
2025-05-27 01:00:00,1,1,5,0.4510137808463597
2025-05-27 02:00:00,2,1,5,1.1803010620134646
2025-05-27 03:00:00,3,1,5,1.1765603055811886
2025-05-27 04:00:00,4,1,5,1.6394360159948065
2025-05-27 05:00:00,5,1,5,1.5365598774243332
2025-05-27 06:00:00,6,1,5,4.600099951871438
2025-05-27 07:00:00,7,1,5,4.1492904875152625
2025-05-27 08:00:00,8,1,5,5.573044681260939
2025-05-27 09:00:00,9,1,5,4.550945396068696
2025-05-27 10:00:00,10,1,5,3.7345681976025777
2025-05-27 11:00:00,11,1,5,3.989210378687307
2025-05-27 12:00:00,12,1,5,3.6306659122572498
2025-05-27 13:00:00,13,1,5,4.169757575144405
2025-05-27 14:00:00,14,1,5,4.460696207337666
2025-05-27 15:00:00,15,1,5,2.9123105699350322
2025-05-27 16:00:00,16,1,5,3.7617580947761473
2025-05-27 17:00:00,17,1,5,5.252691671867969
2025-05-27 18:00:00,18,1,5,5.501962646244499
2025-05-27 19:00:00,19,1,5,6.151666545960378
2025-05-27 20:00:00,20,1,5,4.879058618989397
2025-05-27 21:00:00,21,1,5,4.280448014236411
2025-05-27 22:00:00,22,1,5,4.360164736626306
2025-05-27 23:00:00,23,1,5,2.028124429588763
2025-05-28 00:00:00,0,2,5,0.318438361683987
2025-05-28 01:00:00,1,2,5,0.5794760353442622
2025-05-28 02:00:00,2,2,5,1.650083933838248
2025-05-28 03:00:00,3,2,5,1.944042831738435
2025-05-28 04:00:00,4,2,5,1.397967338504065
2025-05-28 05:00:00,5,2,5,1.254378918989343
2025-05-28 06:00:00,6,2,5,4.950108833069882
2025-05-28 07:00:00,7,2,5,5.137776956699678
2025-05-28 08:00:00,8,2,5,5.1598073627586745
2025-05-28 09:00:00,9,2,5,4.925039060425032
2025-05-28 10:00:00,10,2,5,3.5410484354446066
2025-05-28 11:00:00,11,2,5,3.734894073258726
2025-05-28 12:00:00,12,2,5,4.081229261279834
2025-05-28 13:00:00,13,2,5,4.5804005752525345
2025-05-28 14:00:00,14,2,5,4.3006555558885635
2025-05-28 15:00:00,15,2,5,3.3680876748827546
2025-05-28 16:00:00,16,2,5,4.111258751787637
2025-05-28 17:00:00,17,2,5,6.375252856005262
2025-05-28 18:00:00,18,2,5,6.163054885997348
2025-05-28 19:00:00,19,2,5,6.086616343711441
2025-05-28 20:00:00,20,2,5,4.667139332540798
2025-05-28 21:00:00,21,2,5,4.735669768517415
2025-05-28 22:00:00,22,2,5,4.226758007676493
2025-05-28 23:00:00,23,2,5,0.5738181241771598
2025-05-29 00:00:00,0,3,5,1.1897952516083654
2025-05-29 01:00:00,1,3,5,2.0046226206337696
2025-05-29 02:00:00,2,3,5,0.31508016276409634
2025-05-29 03:00:00,3,3,5,1.1880496499035538
2025-05-29 04:00:00,4,3,5,1.695557002250088
2025-05-29 05:00:00,5,3,5,1.7992312806624724
2025-05-29 06:00:00,6,3,5,4.066520211339922
2025-05-29 07:00:00,7,3,5,3.9803134546216703
2025-05-29 08:00:00,8,3,5,4.981343264829847
2025-05-29 09:00:00,9,3,5,4.9472944091936295
2025-05-29 10:00:00,10,3,5,2.6846914897884
2025-05-29 11:00:00,11,3,5,4.27687499388215
2025-05-29 12:00:00,12,3,5,4.3322430673704195
2025-05-29 13:00:00,13,3,5,4.020664390740432
2025-05-29 14:00:00,14,3,5,4.040518614715883
2025-05-29 15:00:00,15,3,5,4.228765310762882
2025-05-29 16:00:00,16,3,5,3.6503960344910547
2025-05-29 17:00:00,17,3,5,6.6116070219045255
2025-05-29 18:00:00,18,3,5,5.769235687304241
2025-05-29 19:00:00,19,3,5,6.024793495429579
2025-05-29 20:00:00,20,3,5,5.240085722719292
2025-05-29 21:00:00,21,3,5,4.827620777442349
2025-05-29 22:00:00,22,3,5,3.931315392735366
2025-05-29 23:00:00,23,3,5,1.3157442360440257
2025-05-30 00:00:00,0,4,5,0.718329293568617
2025-05-30 01:00:00,1,4,5,0.7446869093886024
2025-05-30 02:00:00,2,4,5,0.724961009239949
2025-05-30 03:00:00,3,4,5,0.774467921563652
2025-05-30 04:00:00,4,4,5,2.2892483894269633
2025-05-30 05:00:00,5,4,5,2.2825356247953614
2025-05-30 06:00:00,6,4,5,4.8799184332039225
2025-05-30 07:00:00,7,4,5,4.010841992177775
2025-05-30 08:00:00,8,4,5,4.916730067618139
2025-05-30 09:00:00,9,4,5,4.732596949918362
2025-05-30 10:00:00,10,4,5,3.282382220900996
2025-05-30 11:00:00,11,4,5,3.431787312310028
2025-05-30 12:00:00,12,4,5,4.444722342010227
2025-05-30 13:00:00,13,4,5,3.841508128759296
2025-05-30 14:00:00,14,4,5,4.376240472911209
2025-05-30 15:00:00,15,4,5,4.040686461512065
2025-05-30 16:00:00,16,4,5,4.482115672621737
2025-05-30 17:00:00,17,4,5,5.658222310744111
2025-05-30 18:00:00,18,4,5,6.391921863568501
2025-05-30 19:00:00,19,4,5,5.958576348160291
2025-05-30 20:00:00,20,4,5,4.7224198971354046
2025-05-30 21:00:00,21,4,5,5.152853334589264
2025-05-30 22:00:00,22,4,5,4.57379781343067
2025-05-30 23:00:00,23,4,5,1.109971390341979
2025-05-31 00:00:00,0,5,5,1.5215370657775977
2025-05-31 01:00:00,1,5,5,1.5123562194203257
2025-05-31 02:00:00,2,5,5,2.671036098880768
2025-05-31 03:00:00,3,5,5,2.001235021906335
2025-05-31 04:00:00,4,5,5,2.5521918288327625
2025-05-31 05:00:00,5,5,5,2.2336402473329784
2025-05-31 06:00:00,6,5,5,4.599830253857562
2025-05-31 07:00:00,7,5,5,5.732793923699977
2025-05-31 08:00:00,8,5,5,5.148398083033168
2025-05-31 09:00:00,9,5,5,5.883914492837891
2025-05-31 10:00:00,10,5,5,4.374271136208715
2025-05-31 11:00:00,11,5,5,4.643587146412679
2025-05-31 12:00:00,12,5,5,4.67725142542714
2025-05-31 13:00:00,13,5,5,4.958327912438369
2025-05-31 14:00:00,14,5,5,5.026031041760727
2025-05-31 15:00:00,15,5,5,4.892893123860389
2025-05-31 16:00:00,16,5,5,3.966338648312691
2025-05-31 17:00:00,17,5,5,6.936337960828481
2025-05-31 18:00:00,18,5,5,7.166133712404556
2025-05-31 19:00:00,19,5,5,6.657858875029548
2025-05-31 20:00:00,20,5,5,5.362627651753793
2025-05-31 21:00:00,21,5,5,5.69059196014088
2025-05-31 22:00:00,22,5,5,4.448049728470255
2025-05-31 23:00:00,23,5,5,2.01973585514749
2025-06-01 00:00:00,0,6,6,2.610218067264788
2025-06-01 01:00:00,1,6,6,1.4208429130924056
2025-06-01 02:00:00,2,6,6,1.5173820423697646
2025-06-01 03:00:00,3,6,6,2.3065738069524855
2025-06-01 04:00:00,4,6,6,1.6222192221363203
2025-06-01 05:00:00,5,6,6,2.296897988045984
2025-06-01 06:00:00,6,6,6,5.15034788737892
2025-06-01 07:00:00,7,6,6,5.046285660924239
2025-06-01 08:00:00,8,6,6,5.593840572769393
2025-06-01 09:00:00,9,6,6,6.347674284126014
2025-06-01 10:00:00,10,6,6,4.529278605194446
2025-06-01 11:00:00,11,6,6,4.705765464194819
2025-06-01 12:00:00,12,6,6,4.613239827725587
2025-06-01 13:00:00,13,6,6,4.948024446107582
2025-06-01 14:00:00,14,6,6,4.699395667393699
2025-06-01 15:00:00,15,6,6,4.782160349646972
2025-06-01 16:00:00,16,6,6,4.161887361732631
2025-06-01 17:00:00,17,6,6,6.976972410248184
2025-06-01 18:00:00,18,6,6,6.292245450632976
2025-06-01 19:00:00,19,6,6,6.285996955997505
2025-06-01 20:00:00,20,6,6,5.58737108689468
2025-06-01 21:00:00,21,6,6,5.104381419935202
2025-06-01 22:00:00,22,6,6,5.342804287362334
2025-06-01 23:00:00,23,6,6,2.0860578046664062
2025-06-02 00:00:00,0,0,6,1.3642607545458265
2025-06-02 01:00:00,1,0,6,0.8275497721699604
2025-06-02 02:00:00,2,0,6,1.2143323993010997
2025-06-02 03:00:00,3,0,6,1.4212809232328074
2025-06-02 04:00:00,4,0,6,1.6172493513528166
2025-06-02 05:00:00,5,0,6,1.4197385268791431
2025-06-02 06:00:00,6,0,6,4.171516825254694
2025-06-02 07:00:00,7,0,6,4.645656118421865
2025-06-02 08:00:00,8,0,6,4.891099954416958
2025-06-02 09:00:00,9,0,6,4.415408936651566
2025-06-02 10:00:00,10,0,6,3.6248560213692134
2025-06-02 11:00:00,11,0,6,4.684050521435555
2025-06-02 12:00:00,12,0,6,3.8048730319308093
2025-06-02 13:00:00,13,0,6,3.7087691608578717
2025-06-02 14:00:00,14,0,6,4.098228163318161
2025-06-02 15:00:00,15,0,6,3.9239893898632867
2025-06-02 16:00:00,16,0,6,4.0377542379463875
2025-06-02 17:00:00,17,0,6,5.746852737636445
2025-06-02 18:00:00,18,0,6,6.180780668683779
2025-06-02 19:00:00,19,0,6,5.736168824500585
2025-06-02 20:00:00,20,0,6,5.05491281757
2025-06-02 21:00:00,21,0,6,4.885474927168676
2025-06-02 22:00:00,22,0,6,4.851122820859522
2025-06-02 23:00:00,23,0,6,1.5498880463347224
2025-06-03 00:00:00,0,1,6,0.593903535736906
2025-06-03 01:00:00,1,1,6,1.3280632747021939
2025-06-03 02:00:00,2,1,6,1.02523581855339
2025-06-03 03:00:00,3,1,6,1.230111533529548
2025-06-03 04:00:00,4,1,6,1.4686186246208563
2025-06-03 05:00:00,5,1,6,1.689902804480696
2025-06-03 06:00:00,6,1,6,4.588454431189044
2025-06-03 07:00:00,7,1,6,4.466512816060315
2025-06-03 08:00:00,8,1,6,4.440410116300514
2025-06-03 09:00:00,9,1,6,5.092588057612108
2025-06-03 10:00:00,10,1,6,3.6321380585040117
2025-06-03 11:00:00,11,1,6,4.290724019395478
2025-06-03 12:00:00,12,1,6,4.190126613413136
2025-06-03 13:00:00,13,1,6,3.6597858885011822
2025-06-03 14:00:00,14,1,6,4.942964706105159
2025-06-03 15:00:00,15,1,6,3.9049482300678497
2025-06-03 16:00:00,16,1,6,4.070816466979427
2025-06-03 17:00:00,17,1,6,6.189314226569108
2025-06-03 18:00:00,18,1,6,6.101572265535961
2025-06-03 19:00:00,19,1,6,5.835787401807362
2025-06-03 20:00:00,20,1,6,5.599049317047921
2025-06-03 21:00:00,21,1,6,5.17294732215129
2025-06-03 22:00:00,22,1,6,4.78821862824937
2025-06-03 23:00:00,23,1,6,1.0749272018456988
2025-06-04 00:00:00,0,2,6,0.822412843783973
2025-06-04 01:00:00,1,2,6,1.133043004129679
2025-06-04 02:00:00,2,2,6,1.4243624895028253
2025-06-04 03:00:00,3,2,6,1.1118736140126992
2025-06-04 04:00:00,4,2,6,1.8654086145059332
2025-06-04 05:00:00,5,2,6,2.3310466981944717
2025-06-04 06:00:00,6,2,6,3.7452430647168504
2025-06-04 07:00:00,7,2,6,4.165231718481488
2025-06-04 08:00:00,8,2,6,4.832078544091647
2025-06-04 09:00:00,9,2,6,5.373045067275679
2025-06-04 10:00:00,10,2,6,3.350833366273001
2025-06-04 11:00:00,11,2,6,4.339919177223516
2025-06-04 12:00:00,12,2,6,4.118515484040983
2025-06-04 13:00:00,13,2,6,4.015778819296296
2025-06-04 14:00:00,14,2,6,3.3745249298861912
2025-06-04 15:00:00,15,2,6,3.2727117791056552
2025-06-04 16:00:00,16,2,6,3.673063871892544
2025-06-04 17:00:00,17,2,6,5.3969617495380655
2025-06-04 18:00:00,18,2,6,6.293283531511411
2025-06-04 19:00:00,19,2,6,5.436738462251072
2025-06-04 20:00:00,20,2,6,6.409008620184112
2025-06-04 21:00:00,21,2,6,5.673166500246444
2025-06-04 22:00:00,22,2,6,4.366760200521172
2025-06-04 23:00:00,23,2,6,1.1584270933108163
2025-06-05 00:00:00,0,3,6,1.4493438661672093
2025-06-05 01:00:00,1,3,6,1.681269043967215
2025-06-05 02:00:00,2,3,6,0.39589963759199076
2025-06-05 03:00:00,3,3,6,0.4864117081814673
2025-06-05 04:00:00,4,3,6,1.1905259059984261
2025-06-05 05:00:00,5,3,6,1.9830950332695458
2025-06-05 06:00:00,6,3,6,4.310520868549258
2025-06-05 07:00:00,7,3,6,4.92790858199354
2025-06-05 08:00:00,8,3,6,4.408349556307658
2025-06-05 09:00:00,9,3,6,4.323542454812449
2025-06-05 10:00:00,10,3,6,3.9038658499006798
2025-06-05 11:00:00,11,3,6,3.467759596490564
2025-06-05 12:00:00,12,3,6,3.141493593678147
2025-06-05 13:00:00,13,3,6,4.058025498383753
2025-06-05 14:00:00,14,3,6,4.266159014721073
2025-06-05 15:00:00,15,3,6,3.750215252828147
2025-06-05 16:00:00,16,3,6,3.377520817306826
2025-06-05 17:00:00,17,3,6,6.186255107141637
2025-06-05 18:00:00,18,3,6,5.739995462693469
2025-06-05 19:00:00,19,3,6,4.960781155223933
2025-06-05 20:00:00,20,3,6,4.825899161550046
2025-06-05 21:00:00,21,3,6,4.958511962005526
2025-06-05 22:00:00,22,3,6,4.568011244770779
2025-06-05 23:00:00,23,3,6,1.2681858167100704
2025-06-06 00:00:00,0,4,6,0.6530518678250457
2025-06-06 01:00:00,1,4,6,0.9273987351457331
2025-06-06 02:00:00,2,4,6,0.18028524198925555
2025-06-06 03:00:00,3,4,6,1.2723525598774978
2025-06-06 04:00:00,4,4,6,2.0108829113456057
2025-06-06 05:00:00,5,4,6,1.1603471471831577
2025-06-06 06:00:00,6,4,6,3.8774003630191163
2025-06-06 07:00:00,7,4,6,4.6316427114840515
2025-06-06 08:00:00,8,4,6,5.389365621424775
2025-06-06 09:00:00,9,4,6,5.07071015347994
2025-06-06 10:00:00,10,4,6,3.283760040073463
2025-06-06 11:00:00,11,4,6,3.0114688487102246
2025-06-06 12:00:00,12,4,6,3.990263991156845
2025-06-06 13:00:00,13,4,6,4.816830416057497
2025-06-06 14:00:00,14,4,6,4.059832124219473
2025-06-06 15:00:00,15,4,6,3.790126514003173
2025-06-06 16:00:00,16,4,6,3.6894930960866157
2025-06-06 17:00:00,17,4,6,6.245563198420559
2025-06-06 18:00:00,18,4,6,5.5630228187497295
2025-06-06 19:00:00,19,4,6,5.829311966271082
2025-06-06 20:00:00,20,4,6,5.20207604159092
2025-06-06 21:00:00,21,4,6,4.757045300773463
2025-06-06 22:00:00,22,4,6,4.049193417308879
2025-06-06 23:00:00,23,4,6,1.722365067097246
2025-06-07 00:00:00,0,5,6,2.1169923586996413
2025-06-07 01:00:00,1,5,6,1.5788316650530791
2025-06-07 02:00:00,2,5,6,2.2518412020391723
2025-06-07 03:00:00,3,5,6,1.8019335589692589
2025-06-07 04:00:00,4,5,6,1.926538431215764
2025-06-07 05:00:00,5,5,6,2.246118753007885
2025-06-07 06:00:00,6,5,6,4.203344011110982
2025-06-07 07:00:00,7,5,6,5.488616952167282
2025-06-07 08:00:00,8,5,6,4.955770616318441
2025-06-07 09:00:00,9,5,6,5.558622467493695
2025-06-07 10:00:00,10,5,6,3.5304249681484086
2025-06-07 11:00:00,11,5,6,4.5646102285603005
2025-06-07 12:00:00,12,5,6,4.688760555324854
2025-06-07 13:00:00,13,5,6,4.669321514725454
2025-06-07 14:00:00,14,5,6,4.331857661565372
2025-06-07 15:00:00,15,5,6,4.130144604302002
2025-06-07 16:00:00,16,5,6,4.546408117198451
2025-06-07 17:00:00,17,5,6,6.829779227316605
2025-06-07 18:00:00,18,5,6,6.8147718962682395
2025-06-07 19:00:00,19,5,6,5.945900525550311
2025-06-07 20:00:00,20,5,6,5.9841965294546515
2025-06-07 21:00:00,21,5,6,6.071311214926426
2025-06-07 22:00:00,22,5,6,5.473806148377292
2025-06-07 23:00:00,23,5,6,1.83599636703675
2025-06-08 00:00:00,0,6,6,1.9539908487087685
2025-06-08 01:00:00,1,6,6,1.7037339301879149
2025-06-08 02:00:00,2,6,6,1.8542633344442887
2025-06-08 03:00:00,3,6,6,1.8707174734639405
2025-06-08 04:00:00,4,6,6,2.1736057458660225
2025-06-08 05:00:00,5,6,6,2.63483734122967
2025-06-08 06:00:00,6,6,6,4.514427952513438
2025-06-08 07:00:00,7,6,6,4.893648469204009
2025-06-08 08:00:00,8,6,6,5.132811546121297
2025-06-08 09:00:00,9,6,6,5.409891558198516
2025-06-08 10:00:00,10,6,6,3.87374709489163
2025-06-08 11:00:00,11,6,6,4.662823108398309
2025-06-08 12:00:00,12,6,6,4.391773733236849
2025-06-08 13:00:00,13,6,6,5.005445785692438
2025-06-08 14:00:00,14,6,6,4.762774238934627
2025-06-08 15:00:00,15,6,6,3.8116364203014363
2025-06-08 16:00:00,16,6,6,4.622650405468498
2025-06-08 17:00:00,17,6,6,7.374319458236684
2025-06-08 18:00:00,18,6,6,6.29068349771984
2025-06-08 19:00:00,19,6,6,6.468076617157997
2025-06-08 20:00:00,20,6,6,5.569172137382539
2025-06-08 21:00:00,21,6,6,5.589068150699334
2025-06-08 22:00:00,22,6,6,4.7335404654381925
2025-06-08 23:00:00,23,6,6,1.2837193133095115
2025-06-09 00:00:00,0,0,6,0.89798438472121
2025-06-09 01:00:00,1,0,6,0.9505084214900655
2025-06-09 02:00:00,2,0,6,0.8920393831205559
2025-06-09 03:00:00,3,0,6,0.7273496710343181
2025-06-09 04:00:00,4,0,6,1.2793802033677237
2025-06-09 05:00:00,5,0,6,1.8577179010322935
2025-06-09 06:00:00,6,0,6,4.093814220297204
2025-06-09 07:00:00,7,0,6,4.5730004122396855
2025-06-09 08:00:00,8,0,6,4.620182487472088
2025-06-09 09:00:00,9,0,6,5.718687165886464
2025-06-09 10:00:00,10,0,6,3.090190837157909
2025-06-09 11:00:00,11,0,6,3.9940622245113455
2025-06-09 12:00:00,12,0,6,4.421645176617587
2025-06-09 13:00:00,13,0,6,4.192363237099558
2025-06-09 14:00:00,14,0,6,3.8678790486076706
2025-06-09 15:00:00,15,0,6,3.5877192870114665
2025-06-09 16:00:00,16,0,6,3.9750952321983237
2025-06-09 17:00:00,17,0,6,5.680810029895331
2025-06-09 18:00:00,18,0,6,5.500178863501924
2025-06-09 19:00:00,19,0,6,5.340976893803312
2025-06-09 20:00:00,20,0,6,5.606832935351018
2025-06-09 21:00:00,21,0,6,4.901907054416358
2025-06-09 22:00:00,22,0,6,4.052121524816081
2025-06-09 23:00:00,23,0,6,1.0768388121693808
2025-06-10 00:00:00,0,1,6,0.8053820029278798
2025-06-10 01:00:00,1,1,6,0.7160844031065859
2025-06-10 02:00:00,2,1,6,1.4426670839891091
2025-06-10 03:00:00,3,1,6,0.6522646426179397
2025-06-10 04:00:00,4,1,6,2.0828521705139282
2025-06-10 05:00:00,5,1,6,2.0812918760738492
2025-06-10 06:00:00,6,1,6,4.5481161005876976
2025-06-10 07:00:00,7,1,6,4.314824195189897
2025-06-10 08:00:00,8,1,6,4.828252280022138
2025-06-10 09:00:00,9,1,6,4.6767392741901155
2025-06-10 10:00:00,10,1,6,3.3507952089531003
2025-06-10 11:00:00,11,1,6,3.9965000447339185
2025-06-10 12:00:00,12,1,6,4.467313964146161
2025-06-10 13:00:00,13,1,6,3.5571372732790194
2025-06-10 14:00:00,14,1,6,3.8026863646394964
2025-06-10 15:00:00,15,1,6,3.738518417583649
2025-06-10 16:00:00,16,1,6,3.002344490902827
2025-06-10 17:00:00,17,1,6,6.48653969670336
2025-06-10 18:00:00,18,1,6,5.598632434956738
2025-06-10 19:00:00,19,1,6,5.42184385952919
2025-06-10 20:00:00,20,1,6,4.9309916835814676
2025-06-10 21:00:00,21,1,6,4.43426459771213
2025-06-10 22:00:00,22,1,6,4.436521834027957
2025-06-10 23:00:00,23,1,6,1.1147180628961333
2025-06-11 00:00:00,0,2,6,0.9023681076549313
2025-06-11 01:00:00,1,2,6,0.7086153513278628
2025-06-11 02:00:00,2,2,6,1.1789211288795796
2025-06-11 03:00:00,3,2,6,1.862408801720256
2025-06-11 04:00:00,4,2,6,1.4952947213558296
2025-06-11 05:00:00,5,2,6,2.1484472859644517
2025-06-11 06:00:00,6,2,6,3.555682662284833
2025-06-11 07:00:00,7,2,6,4.5631045757175075
2025-06-11 08:00:00,8,2,6,4.449281240065355
2025-06-11 09:00:00,9,2,6,4.659230028987239
2025-06-11 10:00:00,10,2,6,3.264911608796207
2025-06-11 11:00:00,11,2,6,4.275797839442087
2025-06-11 12:00:00,12,2,6,4.328895070901461
2025-06-11 13:00:00,13,2,6,4.09720188882176
2025-06-11 14:00:00,14,2,6,3.33580851547763
2025-06-11 15:00:00,15,2,6,3.7205258451214833
2025-06-11 16:00:00,16,2,6,3.6813401753405155
2025-06-11 17:00:00,17,2,6,6.32021449183144
2025-06-11 18:00:00,18,2,6,5.150711134261483
2025-06-11 19:00:00,19,2,6,5.143872860792051
2025-06-11 20:00:00,20,2,6,5.086140326686732
2025-06-11 21:00:00,21,2,6,4.964516363806876
2025-06-11 22:00:00,22,2,6,3.5608886997802003
2025-06-11 23:00:00,23,2,6,1.1361123041313987
2025-06-12 00:00:00,0,3,6,1.1083307685179784
2025-06-12 01:00:00,1,3,6,1.3398447954064854
2025-06-12 02:00:00,2,3,6,1.3282542942613722
2025-06-12 03:00:00,3,3,6,1.4339904218468642
2025-06-12 04:00:00,4,3,6,1.1193636255394048
2025-06-12 05:00:00,5,3,6,0.9867991451506769
2025-06-12 06:00:00,6,3,6,3.954550329521658
2025-06-12 07:00:00,7,3,6,4.900652730083424
2025-06-12 08:00:00,8,3,6,5.445610378663554
2025-06-12 09:00:00,9,3,6,5.5342196409191144
2025-06-12 10:00:00,10,3,6,3.7323965009005153
2025-06-12 11:00:00,11,3,6,3.950893965031044
2025-06-12 12:00:00,12,3,6,3.72644124072929
2025-06-12 13:00:00,13,3,6,3.947975882578552
2025-06-12 14:00:00,14,3,6,4.616516549764135
2025-06-12 15:00:00,15,3,6,3.4220149033599077
2025-06-12 16:00:00,16,3,6,4.206571688063762
2025-06-12 17:00:00,17,3,6,6.121188738203177
2025-06-12 18:00:00,18,3,6,6.418401411291813
2025-06-12 19:00:00,19,3,6,4.937273996200985
2025-06-12 20:00:00,20,3,6,5.346133112812078
2025-06-12 21:00:00,21,3,6,4.455291945620951
2025-06-12 22:00:00,22,3,6,3.873232951450504
2025-06-12 23:00:00,23,3,6,1.2883755112877204
2025-06-13 00:00:00,0,4,6,1.454899976004785
2025-06-13 01:00:00,1,4,6,0.6620234245626014
2025-06-13 02:00:00,2,4,6,0.45150487638303693
2025-06-13 03:00:00,3,4,6,1.16422398858936
2025-06-13 04:00:00,4,4,6,1.404365696709306
2025-06-13 05:00:00,5,4,6,1.9693278510217995
2025-06-13 06:00:00,6,4,6,4.491609260892014
2025-06-13 07:00:00,7,4,6,4.476233927491003
2025-06-13 08:00:00,8,4,6,5.6304298935714865
2025-06-13 09:00:00,9,4,6,5.339693897814117
2025-06-13 10:00:00,10,4,6,3.4220895693770617
2025-06-13 11:00:00,11,4,6,3.154411162035527
2025-06-13 12:00:00,12,4,6,3.8438249313071355
2025-06-13 13:00:00,13,4,6,3.8654452218355457
2025-06-13 14:00:00,14,4,6,4.333010657946191
2025-06-13 15:00:00,15,4,6,3.9840315553033996
2025-06-13 16:00:00,16,4,6,3.0889125231267744
2025-06-13 17:00:00,17,4,6,6.318901754564415
2025-06-13 18:00:00,18,4,6,6.156841036345403
2025-06-13 19:00:00,19,4,6,6.1112125437551335
2025-06-13 20:00:00,20,4,6,5.466773019311843
2025-06-13 21:00:00,21,4,6,5.054338661724591
2025-06-13 22:00:00,22,4,6,4.463374226066245
2025-06-13 23:00:00,23,4,6,1.356286696492722
2025-06-14 00:00:00,0,5,6,2.3509132208488612
2025-06-14 01:00:00,1,5,6,1.2668890410081401
2025-06-14 02:00:00,2,5,6,1.711335529679615
2025-06-14 03:00:00,3,5,6,1.6919343948208456
2025-06-14 04:00:00,4,5,6,2.3910010757106286
2025-06-14 05:00:00,5,5,6,3.042088870260315
2025-06-14 06:00:00,6,5,6,4.672981717657788
2025-06-14 07:00:00,7,5,6,4.343878253012225
2025-06-14 08:00:00,8,5,6,5.5233402696439935
2025-06-14 09:00:00,9,5,6,6.415389492806963
2025-06-14 10:00:00,10,5,6,4.575712132959773
2025-06-14 11:00:00,11,5,6,4.770312604800888
2025-06-14 12:00:00,12,5,6,4.636891418683811
2025-06-14 13:00:00,13,5,6,4.288387705512085
2025-06-14 14:00:00,14,5,6,4.955006468083389
2025-06-14 15:00:00,15,5,6,4.265325381662808
2025-06-14 16:00:00,16,5,6,5.234298865132004
2025-06-14 17:00:00,17,5,6,7.278202883341806
2025-06-14 18:00:00,18,5,6,6.4559692466322005
2025-06-14 19:00:00,19,5,6,6.055445901044549
2025-06-14 20:00:00,20,5,6,5.874593749700783
2025-06-14 21:00:00,21,5,6,5.4541992311913
2025-06-14 22:00:00,22,5,6,5.686073338432161
2025-06-14 23:00:00,23,5,6,2.0755283622209606
2025-06-15 00:00:00,0,6,6,1.5584585650029863
2025-06-15 01:00:00,1,6,6,2.556176274062313
2025-06-15 02:00:00,2,6,6,1.8708345931744865
2025-06-15 03:00:00,3,6,6,2.3084977647109004
2025-06-15 04:00:00,4,6,6,1.9960492252422752
2025-06-15 05:00:00,5,6,6,2.6952462510978092
2025-06-15 06:00:00,6,6,6,5.036215428803496
2025-06-15 07:00:00,7,6,6,4.544140283161538
2025-06-15 08:00:00,8,6,6,6.494338611838037
2025-06-15 09:00:00,9,6,6,6.566257784369019
2025-06-15 10:00:00,10,6,6,4.201782045321426
2025-06-15 11:00:00,11,6,6,4.158130209494316
2025-06-15 12:00:00,12,6,6,4.887913384955024
2025-06-15 13:00:00,13,6,6,4.834679079765759
2025-06-15 14:00:00,14,6,6,4.8911563188588945
2025-06-15 15:00:00,15,6,6,4.6756690641542935
2025-06-15 16:00:00,16,6,6,4.563156567502192
2025-06-15 17:00:00,17,6,6,7.628922279756722
2025-06-15 18:00:00,18,6,6,6.915469849705239
2025-06-15 19:00:00,19,6,6,5.880137800436024
2025-06-15 20:00:00,20,6,6,6.456796573431199
2025-06-15 21:00:00,21,6,6,6.206245825395315
2025-06-15 22:00:00,22,6,6,6.500162522025013
2025-06-15 23:00:00,23,6,6,1.551564281027503
2025-06-16 00:00:00,0,0,6,1.1482640658265075
2025-06-16 01:00:00,1,0,6,0.16716051872440507
2025-06-16 02:00:00,2,0,6,1.272370923118081
2025-06-16 03:00:00,3,0,6,0.9816817750566329
2025-06-16 04:00:00,4,0,6,2.2087181461501597
2025-06-16 05:00:00,5,0,6,1.440154011992567
2025-06-16 06:00:00,6,0,6,3.436098217159314
2025-06-16 07:00:00,7,0,6,4.3114945037189925
2025-06-16 08:00:00,8,0,6,4.098033459166927
2025-06-16 09:00:00,9,0,6,5.550439781802924
2025-06-16 10:00:00,10,0,6,2.734626953277293
2025-06-16 11:00:00,11,0,6,3.8104211381499216
2025-06-16 12:00:00,12,0,6,3.117764011491124
2025-06-16 13:00:00,13,0,6,3.871880878185343
2025-06-16 14:00:00,14,0,6,4.606240001755416
2025-06-16 15:00:00,15,0,6,3.943297262250976
2025-06-16 16:00:00,16,0,6,3.2152627297938476
2025-06-16 17:00:00,17,0,6,6.237518604424366
2025-06-16 18:00:00,18,0,6,5.89543531647156
2025-06-16 19:00:00,19,0,6,5.689052138337362
2025-06-16 20:00:00,20,0,6,4.5650280870338875
2025-06-16 21:00:00,21,0,6,4.987026909538932
2025-06-16 22:00:00,22,0,6,3.3575831755790686
2025-06-16 23:00:00,23,0,6,0.9490080733778181
2025-06-17 00:00:00,0,1,6,0.8558017235857796
2025-06-17 01:00:00,1,1,6,1.2533307304284955
2025-06-17 02:00:00,2,1,6,1.0601636016371452
2025-06-17 03:00:00,3,1,6,0.6387366727808274
2025-06-17 04:00:00,4,1,6,1.0453425778933725
2025-06-17 05:00:00,5,1,6,1.8294720038189627
2025-06-17 06:00:00,6,1,6,4.080144495600396
2025-06-17 07:00:00,7,1,6,4.268350356145701
2025-06-17 08:00:00,8,1,6,4.69589505184899
2025-06-17 09:00:00,9,1,6,5.528467198863716
2025-06-17 10:00:00,10,1,6,3.3535831426321354
2025-06-17 11:00:00,11,1,6,3.7638016080650285
2025-06-17 12:00:00,12,1,6,4.81686337466582
2025-06-17 13:00:00,13,1,6,3.430526945246431
2025-06-17 14:00:00,14,1,6,3.208151646803739
2025-06-17 15:00:00,15,1,6,4.112473971596101
2025-06-17 16:00:00,16,1,6,3.28920294726218
2025-06-17 17:00:00,17,1,6,6.122704988902952
2025-06-17 18:00:00,18,1,6,5.575766016401336
2025-06-17 19:00:00,19,1,6,5.396079943692995
2025-06-17 20:00:00,20,1,6,5.751186677184755
2025-06-17 21:00:00,21,1,6,5.0708513834472475
2025-06-17 22:00:00,22,1,6,4.78422923297497
2025-06-17 23:00:00,23,1,6,0.6344710720062839
2025-06-18 00:00:00,0,2,6,0.5906497659452498
2025-06-18 01:00:00,1,2,6,0.1
2025-06-18 02:00:00,2,2,6,0.7273589321332958
2025-06-18 03:00:00,3,2,6,1.5836431688776054
2025-06-18 04:00:00,4,2,6,1.646118434519527
2025-06-18 05:00:00,5,2,6,1.6613946948191505
2025-06-18 06:00:00,6,2,6,4.102851318858997
2025-06-18 07:00:00,7,2,6,4.224445782969838
2025-06-18 08:00:00,8,2,6,4.970132120614495
2025-06-18 09:00:00,9,2,6,5.556351311792246
2025-06-18 10:00:00,10,2,6,2.914305456815632
2025-06-18 11:00:00,11,2,6,3.918897180811597
2025-06-18 12:00:00,12,2,6,4.32186268781547
2025-06-18 13:00:00,13,2,6,3.8339598844146523
2025-06-18 14:00:00,14,2,6,4.229168984281836
2025-06-18 15:00:00,15,2,6,4.924899883465679
2025-06-18 16:00:00,16,2,6,3.5189230545850645
2025-06-18 17:00:00,17,2,6,6.407322820002129
2025-06-18 18:00:00,18,2,6,5.593005734189225
2025-06-18 19:00:00,19,2,6,5.57250046504082
2025-06-18 20:00:00,20,2,6,5.29588008233914
2025-06-18 21:00:00,21,2,6,4.827936936108055
2025-06-18 22:00:00,22,2,6,4.031461700336636
2025-06-18 23:00:00,23,2,6,1.2835066028535225
2025-06-19 00:00:00,0,3,6,1.6359896360534523
2025-06-19 01:00:00,1,3,6,1.179454305805811
2025-06-19 02:00:00,2,3,6,1.435906136195134
2025-06-19 03:00:00,3,3,6,1.106157106318291
2025-06-19 04:00:00,4,3,6,1.739299923989663
2025-06-19 05:00:00,5,3,6,1.8617071352866104
2025-06-19 06:00:00,6,3,6,3.7314071404713256
2025-06-19 07:00:00,7,3,6,4.62740840191955
2025-06-19 08:00:00,8,3,6,4.491549902277657
2025-06-19 09:00:00,9,3,6,4.996847890046083
2025-06-19 10:00:00,10,3,6,3.6363914946967713
2025-06-19 11:00:00,11,3,6,3.9179358150287076
2025-06-19 12:00:00,12,3,6,3.473195753402751
2025-06-19 13:00:00,13,3,6,4.421594308473151
2025-06-19 14:00:00,14,3,6,4.177691250753791
2025-06-19 15:00:00,15,3,6,3.5171467314323044
2025-06-19 16:00:00,16,3,6,2.9456262532001514
2025-06-19 17:00:00,17,3,6,6.192038168367428
2025-06-19 18:00:00,18,3,6,5.709851082109317
2025-06-19 19:00:00,19,3,6,5.545256182821209
2025-06-19 20:00:00,20,3,6,4.966524767883992
2025-06-19 21:00:00,21,3,6,3.9470172557019962
2025-06-19 22:00:00,22,3,6,4.284001052899716
2025-06-19 23:00:00,23,3,6,1.078714249896017
2025-06-20 00:00:00,0,4,6,1.304575670476021
2025-06-20 01:00:00,1,4,6,0.7207201301555801
2025-06-20 02:00:00,2,4,6,1.7225811299154241
2025-06-20 03:00:00,3,4,6,0.4363056740626391
2025-06-20 04:00:00,4,4,6,1.9638068273412284
2025-06-20 05:00:00,5,4,6,1.6602724116487582
2025-06-20 06:00:00,6,4,6,4.455605381283641
2025-06-20 07:00:00,7,4,6,4.531920593623493
2025-06-20 08:00:00,8,4,6,5.344050782063969
2025-06-20 09:00:00,9,4,6,5.095055214178876
2025-06-20 10:00:00,10,4,6,3.1212120017086966
2025-06-20 11:00:00,11,4,6,4.367239820585083
2025-06-20 12:00:00,12,4,6,3.903496481080746
2025-06-20 13:00:00,13,4,6,4.088623389449684
2025-06-20 14:00:00,14,4,6,4.442789505051521
2025-06-20 15:00:00,15,4,6,3.386256008838884
2025-06-20 16:00:00,16,4,6,3.798856530835524
2025-06-20 17:00:00,17,4,6,6.014042097414844
2025-06-20 18:00:00,18,4,6,5.835360825396033
2025-06-20 19:00:00,19,4,6,5.528911586153716
2025-06-20 20:00:00,20,4,6,4.511682687767444
2025-06-20 21:00:00,21,4,6,4.438465182871826
2025-06-20 22:00:00,22,4,6,4.9797689851854345
2025-06-20 23:00:00,23,4,6,1.5554383697572605
2025-06-21 00:00:00,0,5,6,1.8260554296355036
2025-06-21 01:00:00,1,5,6,1.8972493834051574
2025-06-21 02:00:00,2,5,6,1.7334142583118144
2025-06-21 03:00:00,3,5,6,2.5435952486545346
2025-06-21 04:00:00,4,5,6,2.1591987971025133
2025-06-21 05:00:00,5,5,6,2.6427368368539392
2025-06-21 06:00:00,6,5,6,5.370183490003044
2025-06-21 07:00:00,7,5,6,4.9890514060616376
2025-06-21 08:00:00,8,5,6,6.311744241452539
2025-06-21 09:00:00,9,5,6,5.437815436102649
2025-06-21 10:00:00,10,5,6,5.012517024224941
2025-06-21 11:00:00,11,5,6,4.449967872095868
2025-06-21 12:00:00,12,5,6,4.651809240303489
2025-06-21 13:00:00,13,5,6,4.043995931526823
2025-06-21 14:00:00,14,5,6,4.566970852482525
2025-06-21 15:00:00,15,5,6,4.1831154932659045
2025-06-21 16:00:00,16,5,6,4.117601633630432
2025-06-21 17:00:00,17,5,6,6.995075613684448
2025-06-21 18:00:00,18,5,6,7.071345213442943
2025-06-21 19:00:00,19,5,6,6.38304134056025
2025-06-21 20:00:00,20,5,6,6.034842093706664
2025-06-21 21:00:00,21,5,6,5.111792244461775
2025-06-21 22:00:00,22,5,6,4.887038192379086
2025-06-21 23:00:00,23,5,6,2.720451901663867
2025-06-22 00:00:00,0,6,6,1.557030846661099
2025-06-22 01:00:00,1,6,6,2.4624833008229183
2025-06-22 02:00:00,2,6,6,1.7538867810140508
2025-06-22 03:00:00,3,6,6,2.0018770687807432
2025-06-22 04:00:00,4,6,6,2.667485892312151
2025-06-22 05:00:00,5,6,6,3.0587569687754623
2025-06-22 06:00:00,6,6,6,4.867446408234583
2025-06-22 07:00:00,7,6,6,5.144702778591384
2025-06-22 08:00:00,8,6,6,5.665860388244896
2025-06-22 09:00:00,9,6,6,6.185183011292847
2025-06-22 10:00:00,10,6,6,4.717181646527724
2025-06-22 11:00:00,11,6,6,4.600730049274318
2025-06-22 12:00:00,12,6,6,4.996443258642864
2025-06-22 13:00:00,13,6,6,5.455343892908376
2025-06-22 14:00:00,14,6,6,4.901412584339516
2025-06-22 15:00:00,15,6,6,4.723699248078569
2025-06-22 16:00:00,16,6,6,3.7530958417437947
2025-06-22 17:00:00,17,6,6,5.997707945268374
2025-06-22 18:00:00,18,6,6,6.843578859345849
2025-06-22 19:00:00,19,6,6,6.262070307487651
2025-06-22 20:00:00,20,6,6,5.705858362380321
2025-06-22 21:00:00,21,6,6,5.6474120816745375
2025-06-22 22:00:00,22,6,6,5.215178336541416
2025-06-22 23:00:00,23,6,6,2.4520739945769017
2025-06-23 00:00:00,0,0,6,1.0855556078699886
2025-06-23 01:00:00,1,0,6,0.7012306859719329
2025-06-23 02:00:00,2,0,6,1.4471777561501131
2025-06-23 03:00:00,3,0,6,1.114109464344861
2025-06-23 04:00:00,4,0,6,1.6499545016891015
2025-06-23 05:00:00,5,0,6,1.5590357175228797
2025-06-23 06:00:00,6,0,6,3.851840678147244
2025-06-23 07:00:00,7,0,6,4.533667292074279
2025-06-23 08:00:00,8,0,6,4.893360025071256
2025-06-23 09:00:00,9,0,6,5.441930814146733
2025-06-23 10:00:00,10,0,6,3.453201870455924
2025-06-23 11:00:00,11,0,6,3.064494192168499
2025-06-23 12:00:00,12,0,6,3.775779185998247
2025-06-23 13:00:00,13,0,6,4.317527386857527
2025-06-23 14:00:00,14,0,6,3.82993830773636
2025-06-23 15:00:00,15,0,6,3.7004847446708387
2025-06-23 16:00:00,16,0,6,3.9552107741421962
2025-06-23 17:00:00,17,0,6,5.965210709096431
2025-06-23 18:00:00,18,0,6,5.271107280356622
2025-06-23 19:00:00,19,0,6,5.435747552189802
2025-06-23 20:00:00,20,0,6,4.918101851846724
2025-06-23 21:00:00,21,0,6,4.363501472098698
2025-06-23 22:00:00,22,0,6,4.369188445860702
2025-06-23 23:00:00,23,0,6,1.3975641532220557
2025-06-24 00:00:00,0,1,6,1.0473958359392712
2025-06-24 01:00:00,1,1,6,1.122792429074495
2025-06-24 02:00:00,2,1,6,1.7764743399725669
2025-06-24 03:00:00,3,1,6,1.0638103497003164
2025-06-24 04:00:00,4,1,6,1.5506792820780464
2025-06-24 05:00:00,5,1,6,1.5463146549603461
2025-06-24 06:00:00,6,1,6,3.773227544391429
2025-06-24 07:00:00,7,1,6,4.266036938632892
2025-06-24 08:00:00,8,1,6,4.696725139045106
2025-06-24 09:00:00,9,1,6,5.3937903190188505
2025-06-24 10:00:00,10,1,6,4.500290486460124
2025-06-24 11:00:00,11,1,6,3.512620731166322
2025-06-24 12:00:00,12,1,6,3.7822386171874176
2025-06-24 13:00:00,13,1,6,3.9747507947555007
2025-06-24 14:00:00,14,1,6,4.1072082789175015
2025-06-24 15:00:00,15,1,6,3.904458430458572
2025-06-24 16:00:00,16,1,6,4.074298489359069
2025-06-24 17:00:00,17,1,6,5.279443171785917
2025-06-24 18:00:00,18,1,6,4.933456619575512
2025-06-24 19:00:00,19,1,6,5.30164873119594
2025-06-24 20:00:00,20,1,6,5.550691507363702
2025-06-24 21:00:00,21,1,6,4.123740787357761
2025-06-24 22:00:00,22,1,6,3.236286892342676
2025-06-24 23:00:00,23,1,6,1.4294336568110257
2025-06-25 00:00:00,0,2,6,1.1485741500474833
2025-06-25 01:00:00,1,2,6,0.563916637280228
2025-06-25 02:00:00,2,2,6,0.6568954202780255
2025-06-25 03:00:00,3,2,6,0.8130644064694722
2025-06-25 04:00:00,4,2,6,1.4835539552097545
2025-06-25 05:00:00,5,2,6,1.4994738895267972
2025-06-25 06:00:00,6,2,6,4.3093969999364266
2025-06-25 07:00:00,7,2,6,3.3581493348382434
2025-06-25 08:00:00,8,2,6,4.545487821602662
2025-06-25 09:00:00,9,2,6,4.79957841563558
2025-06-25 10:00:00,10,2,6,3.4581239004308246
2025-06-25 11:00:00,11,2,6,3.5838190022806025
2025-06-25 12:00:00,12,2,6,4.268026251391909
2025-06-25 13:00:00,13,2,6,3.256265291335977
2025-06-25 14:00:00,14,2,6,3.9670853299659035
2025-06-25 15:00:00,15,2,6,4.02237267496134
2025-06-25 16:00:00,16,2,6,4.303319146404603
2025-06-25 17:00:00,17,2,6,6.05729361156261
2025-06-25 18:00:00,18,2,6,6.018012009394789
2025-06-25 19:00:00,19,2,6,4.778454882975054
2025-06-25 20:00:00,20,2,6,4.154988950621009
2025-06-25 21:00:00,21,2,6,5.08790975031268
2025-06-25 22:00:00,22,2,6,4.437115710760951
2025-06-25 23:00:00,23,2,6,1.6723669702427113
2025-06-26 00:00:00,0,3,6,0.5017501049784978
2025-06-26 01:00:00,1,3,6,1.2079608558115011
2025-06-26 02:00:00,2,3,6,1.7986383967839388
2025-06-26 03:00:00,3,3,6,1.3688441376662484
2025-06-26 04:00:00,4,3,6,1.549972430456598
2025-06-26 05:00:00,5,3,6,1.75342243232974
2025-06-26 06:00:00,6,3,6,3.4834188494958536
2025-06-26 07:00:00,7,3,6,5.042229174284139
2025-06-26 08:00:00,8,3,6,4.643885511731755
2025-06-26 09:00:00,9,3,6,5.451793302553207
2025-06-26 10:00:00,10,3,6,2.93544644915132
2025-06-26 11:00:00,11,3,6,3.327254239873546
2025-06-26 12:00:00,12,3,6,4.522923699122496
2025-06-26 13:00:00,13,3,6,3.861079084416863
2025-06-26 14:00:00,14,3,6,4.53019892985062
2025-06-26 15:00:00,15,3,6,3.767745842053251
2025-06-26 16:00:00,16,3,6,2.8239010625966783
2025-06-26 17:00:00,17,3,6,6.606827039892688
2025-06-26 18:00:00,18,3,6,5.652271640551539
2025-06-26 19:00:00,19,3,6,5.779475525406817
2025-06-26 20:00:00,20,3,6,5.121855779362251
2025-06-26 21:00:00,21,3,6,4.132752708822852
2025-06-26 22:00:00,22,3,6,4.505057734368407
2025-06-26 23:00:00,23,3,6,2.079451151184462
2025-06-27 00:00:00,0,4,6,1.2483058439721813
2025-06-27 01:00:00,1,4,6,0.9769928987978147
2025-06-27 02:00:00,2,4,6,1.4812486213491565
2025-06-27 03:00:00,3,4,6,1.2852292804045864
2025-06-27 04:00:00,4,4,6,1.5231535203252964
2025-06-27 05:00:00,5,4,6,1.313349931136359
2025-06-27 06:00:00,6,4,6,4.205310642662058
2025-06-27 07:00:00,7,4,6,4.914177366566778
2025-06-27 08:00:00,8,4,6,4.553803706813771
2025-06-27 09:00:00,9,4,6,5.819798328498779
2025-06-27 10:00:00,10,4,6,3.523977762121771
2025-06-27 11:00:00,11,4,6,3.4439303010612417
2025-06-27 12:00:00,12,4,6,4.347941570201701
2025-06-27 13:00:00,13,4,6,3.8852823057046924
2025-06-27 14:00:00,14,4,6,4.252694694428046
2025-06-27 15:00:00,15,4,6,3.682334652773243
2025-06-27 16:00:00,16,4,6,3.5367297143678598
2025-06-27 17:00:00,17,4,6,6.4474240817337165
2025-06-27 18:00:00,18,4,6,6.0045873906897835
2025-06-27 19:00:00,19,4,6,4.701787287819305
2025-06-27 20:00:00,20,4,6,4.663273936308462
2025-06-27 21:00:00,21,4,6,5.121763993916327
2025-06-27 22:00:00,22,4,6,4.38648519265956
2025-06-27 23:00:00,23,4,6,0.9914693732147735
2025-06-28 00:00:00,0,5,6,1.3076816544634078
2025-06-28 01:00:00,1,5,6,1.3681054714896606
2025-06-28 02:00:00,2,5,6,1.0423918045816185
2025-06-28 03:00:00,3,5,6,1.9604496068427286
2025-06-28 04:00:00,4,5,6,1.99996479598776
2025-06-28 05:00:00,5,5,6,2.1633648436058737
2025-06-28 06:00:00,6,5,6,4.884522062279037
2025-06-28 07:00:00,7,5,6,5.4455882523410954
2025-06-28 08:00:00,8,5,6,6.525507740537759
2025-06-28 09:00:00,9,5,6,5.445246632174714
2025-06-28 10:00:00,10,5,6,4.824412589100031
2025-06-28 11:00:00,11,5,6,4.988278730082687
2025-06-28 12:00:00,12,5,6,4.437251643682922
2025-06-28 13:00:00,13,5,6,4.8812943818344126
2025-06-28 14:00:00,14,5,6,4.5658354396985565
2025-06-28 15:00:00,15,5,6,4.6733135378441535
2025-06-28 16:00:00,16,5,6,4.964312577141642
2025-06-28 17:00:00,17,5,6,7.292242493052525
2025-06-28 18:00:00,18,5,6,6.891671916947158
2025-06-28 19:00:00,19,5,6,6.127876272018143
2025-06-28 20:00:00,20,5,6,5.318148766376484
2025-06-28 21:00:00,21,5,6,5.466612715783836
2025-06-28 22:00:00,22,5,6,5.721983090165745
2025-06-28 23:00:00,23,5,6,1.3900947516874833
2025-06-29 00:00:00,0,6,6,1.4290755132957194
2025-06-29 01:00:00,1,6,6,1.8505070944936273
2025-06-29 02:00:00,2,6,6,1.4572493466274925
2025-06-29 03:00:00,3,6,6,1.6839525154772568
2025-06-29 04:00:00,4,6,6,2.069900395528908
2025-06-29 05:00:00,5,6,6,2.00375303832394
2025-06-29 06:00:00,6,6,6,4.522122693859671
2025-06-29 07:00:00,7,6,6,5.5813711667149235
2025-06-29 08:00:00,8,6,6,5.165280654761395
2025-06-29 09:00:00,9,6,6,5.410851146202065
2025-06-29 10:00:00,10,6,6,4.108650179966264
2025-06-29 11:00:00,11,6,6,4.8918203066805965
2025-06-29 12:00:00,12,6,6,4.670120016234846
2025-06-29 13:00:00,13,6,6,4.614167568753753
2025-06-29 14:00:00,14,6,6,4.766632258439845
2025-06-29 15:00:00,15,6,6,3.900755132532797
2025-06-29 16:00:00,16,6,6,4.558542433289834
2025-06-29 17:00:00,17,6,6,7.203374012561458
2025-06-29 18:00:00,18,6,6,6.524505178015493
2025-06-29 19:00:00,19,6,6,6.7023698047185665
2025-06-29 20:00:00,20,6,6,5.460772992765003
2025-06-29 21:00:00,21,6,6,6.001163597301428
2025-06-29 22:00:00,22,6,6,5.301137294458279
2025-06-29 23:00:00,23,6,6,1.8663408583720729
2025-06-30 00:00:00,0,0,6,1.0431618064190729
2025-06-30 01:00:00,1,0,6,0.9570940936756233
2025-06-30 02:00:00,2,0,6,1.5392244191334843
2025-06-30 03:00:00,3,0,6,0.7702902433349366
2025-06-30 04:00:00,4,0,6,1.1343321325615392
2025-06-30 05:00:00,5,0,6,2.164521156828992
2025-06-30 06:00:00,6,0,6,3.873557458272675
2025-06-30 07:00:00,7,0,6,4.8602132309326365
2025-06-30 08:00:00,8,0,6,5.568002960857266
2025-06-30 09:00:00,9,0,6,5.0892819892233465
2025-06-30 10:00:00,10,0,6,3.8332051024099436
2025-06-30 11:00:00,11,0,6,3.3375611931407145
2025-06-30 12:00:00,12,0,6,4.250782058660726
2025-06-30 13:00:00,13,0,6,4.0797695943947065
2025-06-30 14:00:00,14,0,6,4.138104052297688
2025-06-30 15:00:00,15,0,6,3.5408092768625
2025-06-30 16:00:00,16,0,6,2.8962268055529523
2025-06-30 17:00:00,17,0,6,6.451300825899802
2025-06-30 18:00:00,18,0,6,5.062867306662
2025-06-30 19:00:00,19,0,6,5.373059803102986
2025-06-30 20:00:00,20,0,6,5.488244178914206
2025-06-30 21:00:00,21,0,6,4.826759094349215
2025-06-30 22:00:00,22,0,6,5.218676886136104
2025-06-30 23:00:00,23,0,6,1.6110055553560516
2025-07-01 00:00:00,0,1,7,0.7895519052361668
2025-07-01 01:00:00,1,1,7,1.0109253519405754
2025-07-01 02:00:00,2,1,7,1.0321629795486231
2025-07-01 03:00:00,3,1,7,0.5680911889848911
2025-07-01 04:00:00,4,1,7,1.0631802616264372
2025-07-01 05:00:00,5,1,7,1.525695637208056
2025-07-01 06:00:00,6,1,7,3.297283231203844
2025-07-01 07:00:00,7,1,7,4.518997387300657
2025-07-01 08:00:00,8,1,7,4.788599829792565
2025-07-01 09:00:00,9,1,7,4.58084243947537
2025-07-01 10:00:00,10,1,7,3.7223453178907544
2025-07-01 11:00:00,11,1,7,4.085387203553042
2025-07-01 12:00:00,12,1,7,4.039702530979558
2025-07-01 13:00:00,13,1,7,3.870372729916412
2025-07-01 14:00:00,14,1,7,4.185465600134345
2025-07-01 15:00:00,15,1,7,4.071126249867334
2025-07-01 16:00:00,16,1,7,3.683621599667697
2025-07-01 17:00:00,17,1,7,5.920155099826095
2025-07-01 18:00:00,18,1,7,5.998868873858254
2025-07-01 19:00:00,19,1,7,5.978192260330191
2025-07-01 20:00:00,20,1,7,4.873119808901526
2025-07-01 21:00:00,21,1,7,5.589175735652972
2025-07-01 22:00:00,22,1,7,4.2290874546260255
2025-07-01 23:00:00,23,1,7,1.2139246996593966
2025-07-02 00:00:00,0,2,7,0.7821170221638629
2025-07-02 01:00:00,1,2,7,1.0893083343681043
2025-07-02 02:00:00,2,2,7,0.3542225835122874
2025-07-02 03:00:00,3,2,7,0.9825451747966535
2025-07-02 04:00:00,4,2,7,1.0024913480807518
2025-07-02 05:00:00,5,2,7,1.8041353391569164
2025-07-02 06:00:00,6,2,7,4.509550382549781
2025-07-02 07:00:00,7,2,7,4.758402474845821
2025-07-02 08:00:00,8,2,7,3.9395648233102247
2025-07-02 09:00:00,9,2,7,6.066827861171152
2025-07-02 10:00:00,10,2,7,3.6787721480281688
2025-07-02 11:00:00,11,2,7,3.488438449479458
2025-07-02 12:00:00,12,2,7,4.011739907029979
2025-07-02 13:00:00,13,2,7,4.070475929001077
2025-07-02 14:00:00,14,2,7,3.682149252652977
2025-07-02 15:00:00,15,2,7,3.878204772613488
2025-07-02 16:00:00,16,2,7,3.3176712567316984
2025-07-02 17:00:00,17,2,7,6.088255202923991
2025-07-02 18:00:00,18,2,7,5.613716913351748
2025-07-02 19:00:00,19,2,7,4.926931484104139
2025-07-02 20:00:00,20,2,7,5.170106020432372
2025-07-02 21:00:00,21,2,7,4.984119774606535
2025-07-02 22:00:00,22,2,7,4.645293266650728
2025-07-02 23:00:00,23,2,7,1.528931995377436
2025-07-03 00:00:00,0,3,7,1.1808473445723449
2025-07-03 01:00:00,1,3,7,0.7869098007132386
2025-07-03 02:00:00,2,3,7,1.386976806338873
2025-07-03 03:00:00,3,3,7,0.657954878386568
2025-07-03 04:00:00,4,3,7,1.0790712752151865
2025-07-03 05:00:00,5,3,7,1.3643199714307022
2025-07-03 06:00:00,6,3,7,4.543793856001942
2025-07-03 07:00:00,7,3,7,4.87711540565603
2025-07-03 08:00:00,8,3,7,5.0831506624717795
2025-07-03 09:00:00,9,3,7,5.678771946084719
2025-07-03 10:00:00,10,3,7,3.208947058815026
2025-07-03 11:00:00,11,3,7,3.93847615362105
2025-07-03 12:00:00,12,3,7,3.8988189680803367
2025-07-03 13:00:00,13,3,7,4.338752841553966
2025-07-03 14:00:00,14,3,7,3.9027990464127233
2025-07-03 15:00:00,15,3,7,3.6450609503126254
2025-07-03 16:00:00,16,3,7,3.7770235792042173
2025-07-03 17:00:00,17,3,7,6.600467666876493
2025-07-03 18:00:00,18,3,7,5.620890489715061
2025-07-03 19:00:00,19,3,7,5.47556973145905
2025-07-03 20:00:00,20,3,7,4.688395178889557
2025-07-03 21:00:00,21,3,7,3.750775593002824
2025-07-03 22:00:00,22,3,7,4.519523680785671
2025-07-03 23:00:00,23,3,7,1.444524036825195
2025-07-04 00:00:00,0,4,7,1.1559379842010877
2025-07-04 01:00:00,1,4,7,0.2201753128982531
2025-07-04 02:00:00,2,4,7,0.9107714885358076
2025-07-04 03:00:00,3,4,7,0.3136227903029094
2025-07-04 04:00:00,4,4,7,1.9872202712818525
2025-07-04 05:00:00,5,4,7,1.3155781671527655
2025-07-04 06:00:00,6,4,7,4.6139328761301766
2025-07-04 07:00:00,7,4,7,4.878347857473658
2025-07-04 08:00:00,8,4,7,4.527992426639357
2025-07-04 09:00:00,9,4,7,4.796886019492902
2025-07-04 10:00:00,10,4,7,3.700808258334357
2025-07-04 11:00:00,11,4,7,3.4613084908034297
2025-07-04 12:00:00,12,4,7,3.9898825962968854
2025-07-04 13:00:00,13,4,7,3.806868963677233
2025-07-04 14:00:00,14,4,7,3.236425373647349
2025-07-04 15:00:00,15,4,7,2.9068508980268746
2025-07-04 16:00:00,16,4,7,3.6513338711776604
2025-07-04 17:00:00,17,4,7,6.02537690146775
2025-07-04 18:00:00,18,4,7,5.666992640888129
2025-07-04 19:00:00,19,4,7,5.778345535637514
2025-07-04 20:00:00,20,4,7,5.581148342999196
2025-07-04 21:00:00,21,4,7,4.640982111455276
2025-07-04 22:00:00,22,4,7,4.303100345456235
2025-07-04 23:00:00,23,4,7,1.4010191075688958
2025-07-05 00:00:00,0,5,7,1.3083370326865675
2025-07-05 01:00:00,1,5,7,1.889261221899079
2025-07-05 02:00:00,2,5,7,2.071865649295259
2025-07-05 03:00:00,3,5,7,2.2730539776903935
2025-07-05 04:00:00,4,5,7,1.4646387472191928
2025-07-05 05:00:00,5,5,7,2.2454578920764234
2025-07-05 06:00:00,6,5,7,4.560466131216832
2025-07-05 07:00:00,7,5,7,5.339954781763685
2025-07-05 08:00:00,8,5,7,5.880526399560975
2025-07-05 09:00:00,9,5,7,6.648684162978393
2025-07-05 10:00:00,10,5,7,4.162673979632593
2025-07-05 11:00:00,11,5,7,4.4000091063529725
2025-07-05 12:00:00,12,5,7,5.208757546985101
2025-07-05 13:00:00,13,5,7,4.9186307754121215
2025-07-05 14:00:00,14,5,7,5.255949343908792
2025-07-05 15:00:00,15,5,7,4.714529306880593
2025-07-05 16:00:00,16,5,7,3.8978135242945133
2025-07-05 17:00:00,17,5,7,6.516748658088877
2025-07-05 18:00:00,18,5,7,6.06762366803021
2025-07-05 19:00:00,19,5,7,6.564820733903389
2025-07-05 20:00:00,20,5,7,6.387210161581022
2025-07-05 21:00:00,21,5,7,6.289744856554552
2025-07-05 22:00:00,22,5,7,5.576581961149475
2025-07-05 23:00:00,23,5,7,2.4660973253373366
2025-07-06 00:00:00,0,6,7,1.6191047275049235
2025-07-06 01:00:00,1,6,7,1.3374336733024572
2025-07-06 02:00:00,2,6,7,2.191142993533419
2025-07-06 03:00:00,3,6,7,2.1680341952191022
2025-07-06 04:00:00,4,6,7,2.282317577956536
2025-07-06 05:00:00,5,6,7,2.7049485922531957
2025-07-06 06:00:00,6,6,7,5.041045625329501
2025-07-06 07:00:00,7,6,7,5.813526743941424
2025-07-06 08:00:00,8,6,7,6.206222801580564
2025-07-06 09:00:00,9,6,7,6.267688140936139
2025-07-06 10:00:00,10,6,7,4.698981320804993
2025-07-06 11:00:00,11,6,7,4.8046631266465685
2025-07-06 12:00:00,12,6,7,4.564420846619755
2025-07-06 13:00:00,13,6,7,5.102625869965256
2025-07-06 14:00:00,14,6,7,4.191090711889897
2025-07-06 15:00:00,15,6,7,5.020594726595011
2025-07-06 16:00:00,16,6,7,3.8828509958734077
2025-07-06 17:00:00,17,6,7,7.164321314717893
2025-07-06 18:00:00,18,6,7,6.350166984283318
2025-07-06 19:00:00,19,6,7,6.521355593229771
2025-07-06 20:00:00,20,6,7,5.898201341975055
2025-07-06 21:00:00,21,6,7,4.912097616734667
2025-07-06 22:00:00,22,6,7,5.407619680627571
2025-07-06 23:00:00,23,6,7,1.769793583590258
2025-07-07 00:00:00,0,0,7,1.4035699488917452
2025-07-07 01:00:00,1,0,7,1.0005302754937628
2025-07-07 02:00:00,2,0,7,1.2092796547216127
2025-07-07 03:00:00,3,0,7,0.8179343123172572
2025-07-07 04:00:00,4,0,7,1.2036069356492338
2025-07-07 05:00:00,5,0,7,1.5665445455595661
2025-07-07 06:00:00,6,0,7,4.45445242444324
2025-07-07 07:00:00,7,0,7,5.170950835122196
2025-07-07 08:00:00,8,0,7,4.566159866956631
2025-07-07 09:00:00,9,0,7,5.680739257863072
2025-07-07 10:00:00,10,0,7,2.6927892046895403
2025-07-07 11:00:00,11,0,7,3.3213623452397423
2025-07-07 12:00:00,12,0,7,3.5653773569588925
2025-07-07 13:00:00,13,0,7,3.458996524223711
2025-07-07 14:00:00,14,0,7,3.3154533835185704
2025-07-07 15:00:00,15,0,7,3.964237670531777
2025-07-07 16:00:00,16,0,7,3.475033092688677
2025-07-07 17:00:00,17,0,7,6.401762159042044
2025-07-07 18:00:00,18,0,7,6.164417642102387
2025-07-07 19:00:00,19,0,7,5.606246797269013
2025-07-07 20:00:00,20,0,7,5.374876702806368
2025-07-07 21:00:00,21,0,7,4.7221870855030925
2025-07-07 22:00:00,22,0,7,3.964542472897881
2025-07-07 23:00:00,23,0,7,1.6240875666516608
2025-07-08 00:00:00,0,1,7,0.8154664074539467
2025-07-08 01:00:00,1,1,7,0.6257614804950296
2025-07-08 02:00:00,2,1,7,0.9799441102446382
2025-07-08 03:00:00,3,1,7,0.8358375266047368
2025-07-08 04:00:00,4,1,7,1.2723676754244058
2025-07-08 05:00:00,5,1,7,1.8876215686253865
2025-07-08 06:00:00,6,1,7,4.251108128044669
2025-07-08 07:00:00,7,1,7,4.140867973429748
2025-07-08 08:00:00,8,1,7,4.693146418474283
2025-07-08 09:00:00,9,1,7,5.679733201908098
2025-07-08 10:00:00,10,1,7,3.7592202188733976
2025-07-08 11:00:00,11,1,7,4.629064121416075
2025-07-08 12:00:00,12,1,7,4.420940008930214
2025-07-08 13:00:00,13,1,7,4.457717227423975
2025-07-08 14:00:00,14,1,7,3.3937413192512818
2025-07-08 15:00:00,15,1,7,4.104582246330027
2025-07-08 16:00:00,16,1,7,3.539417451101057
2025-07-08 17:00:00,17,1,7,6.029607278584701
2025-07-08 18:00:00,18,1,7,5.955434703866793
2025-07-08 19:00:00,19,1,7,5.878084613844593
2025-07-08 20:00:00,20,1,7,5.312104068747903
2025-07-08 21:00:00,21,1,7,4.398610479463176
2025-07-08 22:00:00,22,1,7,4.736323393657227
2025-07-08 23:00:00,23,1,7,0.9459268774929566
2025-07-09 00:00:00,0,2,7,1.1377845081521119
2025-07-09 01:00:00,1,2,7,0.8786599730091463
2025-07-09 02:00:00,2,2,7,0.9635647598721472
2025-07-09 03:00:00,3,2,7,1.507459084339546
2025-07-09 04:00:00,4,2,7,1.0232623402938195
2025-07-09 05:00:00,5,2,7,2.5280780297107732
2025-07-09 06:00:00,6,2,7,3.38333700462842
2025-07-09 07:00:00,7,2,7,4.260932926698057
2025-07-09 08:00:00,8,2,7,5.036313323630478
2025-07-09 09:00:00,9,2,7,5.483725666574124
2025-07-09 10:00:00,10,2,7,3.520469883551139
2025-07-09 11:00:00,11,2,7,3.7760818244760412
2025-07-09 12:00:00,12,2,7,4.113108773564649
2025-07-09 13:00:00,13,2,7,3.907572209016928
2025-07-09 14:00:00,14,2,7,4.506161242607565
2025-07-09 15:00:00,15,2,7,4.134777751369299
2025-07-09 16:00:00,16,2,7,3.909789912182075
2025-07-09 17:00:00,17,2,7,5.863537310651833
2025-07-09 18:00:00,18,2,7,5.856473197891501
2025-07-09 19:00:00,19,2,7,5.379813620511719
2025-07-09 20:00:00,20,2,7,4.709530882070432
2025-07-09 21:00:00,21,2,7,4.894065673578306
2025-07-09 22:00:00,22,2,7,4.224281525108252
2025-07-09 23:00:00,23,2,7,1.463123426263437
2025-07-10 00:00:00,0,3,7,0.6230346354086648
2025-07-10 01:00:00,1,3,7,1.6876162451367285
2025-07-10 02:00:00,2,3,7,0.6925781971295728
2025-07-10 03:00:00,3,3,7,1.2886828292035164
2025-07-10 04:00:00,4,3,7,1.7560835523754057
2025-07-10 05:00:00,5,3,7,1.5217438279199549
2025-07-10 06:00:00,6,3,7,4.452758889719399
2025-07-10 07:00:00,7,3,7,4.0083265608798335
2025-07-10 08:00:00,8,3,7,5.469075647326806
2025-07-10 09:00:00,9,3,7,5.255659705986304
2025-07-10 10:00:00,10,3,7,3.3220956085922695
2025-07-10 11:00:00,11,3,7,3.679365396705684
2025-07-10 12:00:00,12,3,7,4.27245644719069
2025-07-10 13:00:00,13,3,7,3.7662178832598245
2025-07-10 14:00:00,14,3,7,3.6491456636644917
2025-07-10 15:00:00,15,3,7,3.710423466643163
2025-07-10 16:00:00,16,3,7,3.089875326671834
2025-07-10 17:00:00,17,3,7,6.9782175631767265
2025-07-10 18:00:00,18,3,7,5.661670731167892
2025-07-10 19:00:00,19,3,7,5.832646714472162
2025-07-10 20:00:00,20,3,7,5.195559465805328
2025-07-10 21:00:00,21,3,7,4.3561863798072125
2025-07-10 22:00:00,22,3,7,4.436957944535087
2025-07-10 23:00:00,23,3,7,1.5145630060476414
2025-07-11 00:00:00,0,4,7,0.9758067265318748
2025-07-11 01:00:00,1,4,7,1.4772451783404112
2025-07-11 02:00:00,2,4,7,1.459717417679143
2025-07-11 03:00:00,3,4,7,1.5685278361866737
2025-07-11 04:00:00,4,4,7,1.2554771193109797
2025-07-11 05:00:00,5,4,7,1.3180630208874051
2025-07-11 06:00:00,6,4,7,3.8663363902011008
2025-07-11 07:00:00,7,4,7,4.578496376266688
2025-07-11 08:00:00,8,4,7,5.106543253066723
2025-07-11 09:00:00,9,4,7,4.381371438095821
2025-07-11 10:00:00,10,4,7,3.5574148911351213
2025-07-11 11:00:00,11,4,7,3.862273795805932
2025-07-11 12:00:00,12,4,7,3.837871036907382
2025-07-11 13:00:00,13,4,7,4.516509535606351
2025-07-11 14:00:00,14,4,7,4.117600769133951
2025-07-11 15:00:00,15,4,7,4.323114868909017
2025-07-11 16:00:00,16,4,7,3.4742759636397285
2025-07-11 17:00:00,17,4,7,6.62499099700277
2025-07-11 18:00:00,18,4,7,6.54225512546479
2025-07-11 19:00:00,19,4,7,6.024677379709065
2025-07-11 20:00:00,20,4,7,4.674914794974725
2025-07-11 21:00:00,21,4,7,4.648529568983047
2025-07-11 22:00:00,22,4,7,4.3012739460402605
2025-07-11 23:00:00,23,4,7,1.3966637083538733
2025-07-12 00:00:00,0,5,7,2.125652682572211
2025-07-12 01:00:00,1,5,7,1.4644429303897055
2025-07-12 02:00:00,2,5,7,1.8782466661331725
2025-07-12 03:00:00,3,5,7,1.1929909614608873
2025-07-12 04:00:00,4,5,7,2.816117830540935
2025-07-12 05:00:00,5,5,7,2.345050303729322
2025-07-12 06:00:00,6,5,7,4.934117008284017
2025-07-12 07:00:00,7,5,7,5.176140114404776
2025-07-12 08:00:00,8,5,7,6.1466395976591475
2025-07-12 09:00:00,9,5,7,4.914997423441048
2025-07-12 10:00:00,10,5,7,4.354016034849458
2025-07-12 11:00:00,11,5,7,4.556710602677579
2025-07-12 12:00:00,12,5,7,4.567434184396929
2025-07-12 13:00:00,13,5,7,5.4904906182542526
2025-07-12 14:00:00,14,5,7,4.393956955891294
2025-07-12 15:00:00,15,5,7,4.907756576570923
2025-07-12 16:00:00,16,5,7,4.503161287262255
2025-07-12 17:00:00,17,5,7,7.5546077010142065
2025-07-12 18:00:00,18,5,7,6.421352933742779
2025-07-12 19:00:00,19,5,7,6.0068124403504966
2025-07-12 20:00:00,20,5,7,6.350199395337178
2025-07-12 21:00:00,21,5,7,5.720128523332044
2025-07-12 22:00:00,22,5,7,4.621364889549476
2025-07-12 23:00:00,23,5,7,1.785239888538034
2025-07-13 00:00:00,0,6,7,2.005664322105622
2025-07-13 01:00:00,1,6,7,2.1351056886186357
2025-07-13 02:00:00,2,6,7,1.5794189992892154
2025-07-13 03:00:00,3,6,7,0.8352594983965653
2025-07-13 04:00:00,4,6,7,2.448629102514992
2025-07-13 05:00:00,5,6,7,2.0618717240224096
2025-07-13 06:00:00,6,6,7,4.104835913097253
2025-07-13 07:00:00,7,6,7,4.167069630006344
2025-07-13 08:00:00,8,6,7,6.013820911732878
2025-07-13 09:00:00,9,6,7,6.101446980161986
2025-07-13 10:00:00,10,6,7,4.270397619494921
2025-07-13 11:00:00,11,6,7,5.154647850861762
2025-07-13 12:00:00,12,6,7,5.0038186126428315
2025-07-13 13:00:00,13,6,7,5.446520017088766
2025-07-13 14:00:00,14,6,7,4.1917945505668035
2025-07-13 15:00:00,15,6,7,4.585217856095072
2025-07-13 16:00:00,16,6,7,3.713974821800616
2025-07-13 17:00:00,17,6,7,6.958247067257813
2025-07-13 18:00:00,18,6,7,6.58878222614711
2025-07-13 19:00:00,19,6,7,6.550645454905228
2025-07-13 20:00:00,20,6,7,5.929996984802978
2025-07-13 21:00:00,21,6,7,5.799362855311966
2025-07-13 22:00:00,22,6,7,5.520715881475737
2025-07-13 23:00:00,23,6,7,2.862933365276599
2025-07-14 00:00:00,0,0,7,0.9249925984519477
2025-07-14 01:00:00,1,0,7,0.6235909197334484
2025-07-14 02:00:00,2,0,7,1.149544706692961
2025-07-14 03:00:00,3,0,7,0.8800498834675246
2025-07-14 04:00:00,4,0,7,2.0321241355947928
2025-07-14 05:00:00,5,0,7,1.636712784421907
2025-07-14 06:00:00,6,0,7,3.8855408851966224
2025-07-14 07:00:00,7,0,7,4.311473711539553
2025-07-14 08:00:00,8,0,7,5.175595537042438
2025-07-14 09:00:00,9,0,7,5.186901206707406
2025-07-14 10:00:00,10,0,7,3.3039934437276686
2025-07-14 11:00:00,11,0,7,4.465178872726071
2025-07-14 12:00:00,12,0,7,3.6064208031689025
2025-07-14 13:00:00,13,0,7,4.014226429613197
2025-07-14 14:00:00,14,0,7,4.209811200077695
2025-07-14 15:00:00,15,0,7,3.1465040615098285
2025-07-14 16:00:00,16,0,7,3.7527643723421913
2025-07-14 17:00:00,17,0,7,5.82795692980782
2025-07-14 18:00:00,18,0,7,6.217341679987382
2025-07-14 19:00:00,19,0,7,5.11493959523241
2025-07-14 20:00:00,20,0,7,5.388879045085763
2025-07-14 21:00:00,21,0,7,5.192333226517885
2025-07-14 22:00:00,22,0,7,4.7839144384733014
2025-07-14 23:00:00,23,0,7,1.3014885536185832
2025-07-15 00:00:00,0,1,7,0.9585908833945177
2025-07-15 01:00:00,1,1,7,0.7694321694660624
2025-07-15 02:00:00,2,1,7,1.639525136893239
2025-07-15 03:00:00,3,1,7,0.9211638062562847
2025-07-15 04:00:00,4,1,7,1.0245133987921802
2025-07-15 05:00:00,5,1,7,2.016147574013132
2025-07-15 06:00:00,6,1,7,3.79331671107162
2025-07-15 07:00:00,7,1,7,4.119974601013549
2025-07-15 08:00:00,8,1,7,4.310786862785876
2025-07-15 09:00:00,9,1,7,5.056836064215793
2025-07-15 10:00:00,10,1,7,3.527574162221224
2025-07-15 11:00:00,11,1,7,3.8962747967409377
2025-07-15 12:00:00,12,1,7,4.329411237153396
2025-07-15 13:00:00,13,1,7,4.210759169466318
2025-07-15 14:00:00,14,1,7,3.8725398516123306
2025-07-15 15:00:00,15,1,7,3.71975983512477
2025-07-15 16:00:00,16,1,7,3.7647231593458947
2025-07-15 17:00:00,17,1,7,6.759028065171428
2025-07-15 18:00:00,18,1,7,5.938754247447061
2025-07-15 19:00:00,19,1,7,5.312347658315836
2025-07-15 20:00:00,20,1,7,4.714625031912
2025-07-15 21:00:00,21,1,7,4.17191789423511
2025-07-15 22:00:00,22,1,7,4.705847697037588
2025-07-15 23:00:00,23,1,7,1.4321533037791652
2025-07-16 00:00:00,0,2,7,1.2820566706090621
2025-07-16 01:00:00,1,2,7,0.9485362214591776
2025-07-16 02:00:00,2,2,7,1.6138851589230978
2025-07-16 03:00:00,3,2,7,1.007314496489415
2025-07-16 04:00:00,4,2,7,1.821447523103061
2025-07-16 05:00:00,5,2,7,1.7345028420041828
2025-07-16 06:00:00,6,2,7,3.8684311264744835
2025-07-16 07:00:00,7,2,7,4.737012122927105
2025-07-16 08:00:00,8,2,7,5.052083015127379
2025-07-16 09:00:00,9,2,7,5.392789103706771
2025-07-16 10:00:00,10,2,7,3.593171540602301
2025-07-16 11:00:00,11,2,7,3.7838808729899256
2025-07-16 12:00:00,12,2,7,4.904237536581778
2025-07-16 13:00:00,13,2,7,4.473702658078469
2025-07-16 14:00:00,14,2,7,4.238019497427807
2025-07-16 15:00:00,15,2,7,3.8437577689580134
2025-07-16 16:00:00,16,2,7,3.963523052018489
2025-07-16 17:00:00,17,2,7,6.457197910556581
2025-07-16 18:00:00,18,2,7,5.8987104687633956
2025-07-16 19:00:00,19,2,7,5.378574269893634
2025-07-16 20:00:00,20,2,7,5.079404497281143
2025-07-16 21:00:00,21,2,7,3.481829705648778
2025-07-16 22:00:00,22,2,7,4.5235801639392355
2025-07-16 23:00:00,23,2,7,1.0055714622791982
2025-07-17 00:00:00,0,3,7,1.688179259879551
2025-07-17 01:00:00,1,3,7,1.0077376283247017
2025-07-17 02:00:00,2,3,7,0.5755258927524127
2025-07-17 03:00:00,3,3,7,1.1810098326720948
2025-07-17 04:00:00,4,3,7,1.020891394195177
2025-07-17 05:00:00,5,3,7,1.9393629662849865
2025-07-17 06:00:00,6,3,7,4.228150378082012
2025-07-17 07:00:00,7,3,7,4.883135852443307
2025-07-17 08:00:00,8,3,7,4.571875850975955
2025-07-17 09:00:00,9,3,7,5.2636032384912586
2025-07-17 10:00:00,10,3,7,3.0146514536091673
2025-07-17 11:00:00,11,3,7,4.079636018446544
2025-07-17 12:00:00,12,3,7,4.156437211609651
2025-07-17 13:00:00,13,3,7,4.198322008411028
2025-07-17 14:00:00,14,3,7,3.949536351976379
2025-07-17 15:00:00,15,3,7,3.964947261992174
2025-07-17 16:00:00,16,3,7,4.20239581510326
2025-07-17 17:00:00,17,3,7,6.135962297183195
2025-07-17 18:00:00,18,3,7,5.943686641137815
2025-07-17 19:00:00,19,3,7,5.065549480327436
2025-07-17 20:00:00,20,3,7,4.764467047706885
2025-07-17 21:00:00,21,3,7,4.789125317237323
2025-07-17 22:00:00,22,3,7,4.880913246900942
2025-07-17 23:00:00,23,3,7,1.0984495646227133
2025-07-18 00:00:00,0,4,7,0.9567446488415479
2025-07-18 01:00:00,1,4,7,0.8372459021982501
2025-07-18 02:00:00,2,4,7,0.8372085922286683
2025-07-18 03:00:00,3,4,7,1.3189504766068707
2025-07-18 04:00:00,4,4,7,0.8404367701487208
2025-07-18 05:00:00,5,4,7,2.262375830666691
2025-07-18 06:00:00,6,4,7,3.845602513094434
2025-07-18 07:00:00,7,4,7,4.788761394175257
2025-07-18 08:00:00,8,4,7,4.380229128696231
2025-07-18 09:00:00,9,4,7,5.517536052218487
2025-07-18 10:00:00,10,4,7,3.8294380149056204
2025-07-18 11:00:00,11,4,7,3.952718934479017
2025-07-18 12:00:00,12,4,7,3.5511173307136854
2025-07-18 13:00:00,13,4,7,4.099819275839231
2025-07-18 14:00:00,14,4,7,3.475666265539847
2025-07-18 15:00:00,15,4,7,3.6979328036381838
2025-07-18 16:00:00,16,4,7,3.972425412161952
2025-07-18 17:00:00,17,4,7,6.568680770828297
2025-07-18 18:00:00,18,4,7,5.894301744669955
2025-07-18 19:00:00,19,4,7,5.110077369630863
2025-07-18 20:00:00,20,4,7,5.370006517215896
2025-07-18 21:00:00,21,4,7,4.7577524950792105
2025-07-18 22:00:00,22,4,7,3.5112135889280096
2025-07-18 23:00:00,23,4,7,1.5140138248499495
2025-07-19 00:00:00,0,5,7,1.8414181270185206
2025-07-19 01:00:00,1,5,7,2.280980499193229
2025-07-19 02:00:00,2,5,7,1.4130030530292756
2025-07-19 03:00:00,3,5,7,0.7302803690449415
2025-07-19 04:00:00,4,5,7,2.350973371558253
2025-07-19 05:00:00,5,5,7,2.666625470672789
2025-07-19 06:00:00,6,5,7,4.235502781303637
2025-07-19 07:00:00,7,5,7,4.908600181653357
2025-07-19 08:00:00,8,5,7,6.790315665141742
2025-07-19 09:00:00,9,5,7,5.927755754338478
2025-07-19 10:00:00,10,5,7,4.6530437623303085
2025-07-19 11:00:00,11,5,7,4.338774174729305
2025-07-19 12:00:00,12,5,7,3.9127675798923396
2025-07-19 13:00:00,13,5,7,4.731896701281638
2025-07-19 14:00:00,14,5,7,4.64264691531916
2025-07-19 15:00:00,15,5,7,4.439086810209309
2025-07-19 16:00:00,16,5,7,4.314803837577265
2025-07-19 17:00:00,17,5,7,7.155707308658254
2025-07-19 18:00:00,18,5,7,6.628181787152259
2025-07-19 19:00:00,19,5,7,5.794397532821054
2025-07-19 20:00:00,20,5,7,6.106245348970994
2025-07-19 21:00:00,21,5,7,4.770251297871031
2025-07-19 22:00:00,22,5,7,4.419196845306499
2025-07-19 23:00:00,23,5,7,2.2966340922039694
2025-07-20 00:00:00,0,6,7,2.0539193694205404
2025-07-20 01:00:00,1,6,7,1.7770418539703856
2025-07-20 02:00:00,2,6,7,1.2929318586643688
2025-07-20 03:00:00,3,6,7,1.7177975180537117
2025-07-20 04:00:00,4,6,7,2.134241129145577
2025-07-20 05:00:00,5,6,7,1.9116424125703544
2025-07-20 06:00:00,6,6,7,4.616159969136925
2025-07-20 07:00:00,7,6,7,5.560932135270672
2025-07-20 08:00:00,8,6,7,6.259150713369468
2025-07-20 09:00:00,9,6,7,5.882226098936579
2025-07-20 10:00:00,10,6,7,4.663255513506261
2025-07-20 11:00:00,11,6,7,3.8334140774416707
2025-07-20 12:00:00,12,6,7,5.012669235879047
2025-07-20 13:00:00,13,6,7,4.478420634109007
2025-07-20 14:00:00,14,6,7,4.87182698611679
2025-07-20 15:00:00,15,6,7,4.4999371383807745
2025-07-20 16:00:00,16,6,7,4.8888257756933555
2025-07-20 17:00:00,17,6,7,6.700225740664033
2025-07-20 18:00:00,18,6,7,6.939271086678514
2025-07-20 19:00:00,19,6,7,6.1881970146813865
2025-07-20 20:00:00,20,6,7,5.848449241142353
2025-07-20 21:00:00,21,6,7,5.476458442736316
2025-07-20 22:00:00,22,6,7,4.9010705864225335
2025-07-20 23:00:00,23,6,7,1.9953223079606737
2025-07-21 00:00:00,0,0,7,1.0260519717176688
2025-07-21 01:00:00,1,0,7,1.0964960993626918
2025-07-21 02:00:00,2,0,7,1.0849133188435425
2025-07-21 03:00:00,3,0,7,1.5201597141682366
2025-07-21 04:00:00,4,0,7,1.808743274639126
2025-07-21 05:00:00,5,0,7,1.3297506712688796
2025-07-21 06:00:00,6,0,7,4.459280432582527
2025-07-21 07:00:00,7,0,7,4.025465429156058
2025-07-21 08:00:00,8,0,7,5.123370922908876
2025-07-21 09:00:00,9,0,7,5.497895513881147
2025-07-21 10:00:00,10,0,7,2.7961334151148196
2025-07-21 11:00:00,11,0,7,3.836229804288422
2025-07-21 12:00:00,12,0,7,3.761490294089476
2025-07-21 13:00:00,13,0,7,3.69649389682585
2025-07-21 14:00:00,14,0,7,4.489229671713205
2025-07-21 15:00:00,15,0,7,3.5375664494216905
2025-07-21 16:00:00,16,0,7,3.2381094001326014
2025-07-21 17:00:00,17,0,7,6.280277976002037
2025-07-21 18:00:00,18,0,7,6.162464466173148
2025-07-21 19:00:00,19,0,7,5.443340565595949
2025-07-21 20:00:00,20,0,7,5.57831965061392
2025-07-21 21:00:00,21,0,7,4.962390264785636
2025-07-21 22:00:00,22,0,7,3.568055300327607
2025-07-21 23:00:00,23,0,7,0.989175108920539
2025-07-22 00:00:00,0,1,7,0.8263744208257179
2025-07-22 01:00:00,1,1,7,1.191744381371769
2025-07-22 02:00:00,2,1,7,0.1
2025-07-22 03:00:00,3,1,7,2.220565777810431
2025-07-22 04:00:00,4,1,7,1.6517502661778627
2025-07-22 05:00:00,5,1,7,1.8095507215670765
2025-07-22 06:00:00,6,1,7,4.584398518913877
2025-07-22 07:00:00,7,1,7,5.43746162112505
2025-07-22 08:00:00,8,1,7,5.236527225489143
2025-07-22 09:00:00,9,1,7,5.6295252385886485
2025-07-22 10:00:00,10,1,7,3.6129361815655745
2025-07-22 11:00:00,11,1,7,3.742427804329879
2025-07-22 12:00:00,12,1,7,3.7585705618316423
2025-07-22 13:00:00,13,1,7,3.669555203314183
2025-07-22 14:00:00,14,1,7,3.6740830995538034
2025-07-22 15:00:00,15,1,7,3.2588157199394647
2025-07-22 16:00:00,16,1,7,3.530311591505812
2025-07-22 17:00:00,17,1,7,5.5761329691094454
2025-07-22 18:00:00,18,1,7,5.964595177311266
2025-07-22 19:00:00,19,1,7,5.485467756783064
2025-07-22 20:00:00,20,1,7,5.170545551700894
2025-07-22 21:00:00,21,1,7,4.541147371992003
2025-07-22 22:00:00,22,1,7,5.67008397629238
2025-07-22 23:00:00,23,1,7,1.7450082543954673
2025-07-23 00:00:00,0,2,7,0.5532942605325084
2025-07-23 01:00:00,1,2,7,1.0931472349707594
2025-07-23 02:00:00,2,2,7,0.8079088033914681
2025-07-23 03:00:00,3,2,7,0.7951700036403764
2025-07-23 04:00:00,4,2,7,0.9033109997706046
2025-07-23 05:00:00,5,2,7,1.9228866763037016
2025-07-23 06:00:00,6,2,7,3.839219338318389
2025-07-23 07:00:00,7,2,7,4.887130409610082
2025-07-23 08:00:00,8,2,7,5.285741453465957
2025-07-23 09:00:00,9,2,7,5.79956575408458
2025-07-23 10:00:00,10,2,7,3.21970546535018
2025-07-23 11:00:00,11,2,7,3.989184349953462
2025-07-23 12:00:00,12,2,7,4.201870426090522
2025-07-23 13:00:00,13,2,7,3.810328729958414
2025-07-23 14:00:00,14,2,7,3.6401799564764525
2025-07-23 15:00:00,15,2,7,4.442846371987047
2025-07-23 16:00:00,16,2,7,3.6516585220726427
2025-07-23 17:00:00,17,2,7,6.504387100284696
2025-07-23 18:00:00,18,2,7,5.55939816292261
2025-07-23 19:00:00,19,2,7,5.012286213391122
2025-07-23 20:00:00,20,2,7,4.883991522549374
2025-07-23 21:00:00,21,2,7,4.700391445044001
2025-07-23 22:00:00,22,2,7,4.013651825493239
2025-07-23 23:00:00,23,2,7,1.1970239708631891
2025-07-24 00:00:00,0,3,7,0.37570918533899744
2025-07-24 01:00:00,1,3,7,0.5519810310120511
2025-07-24 02:00:00,2,3,7,1.3194757598771476
2025-07-24 03:00:00,3,3,7,1.4424781024344997
2025-07-24 04:00:00,4,3,7,1.282589122065432
2025-07-24 05:00:00,5,3,7,1.3428942763692189
2025-07-24 06:00:00,6,3,7,3.700810011735814
2025-07-24 07:00:00,7,3,7,4.350692701623474
2025-07-24 08:00:00,8,3,7,5.146035964311898
2025-07-24 09:00:00,9,3,7,5.62129827653773
2025-07-24 10:00:00,10,3,7,3.362047477587034
2025-07-24 11:00:00,11,3,7,3.3376411352827446
2025-07-24 12:00:00,12,3,7,4.056026194580136
2025-07-24 13:00:00,13,3,7,3.67058601174966
2025-07-24 14:00:00,14,3,7,3.7415876838891213
2025-07-24 15:00:00,15,3,7,4.329148541851473
2025-07-24 16:00:00,16,3,7,3.8915063432061285
2025-07-24 17:00:00,17,3,7,6.313189724900581
2025-07-24 18:00:00,18,3,7,5.379460967208693
2025-07-24 19:00:00,19,3,7,5.584558626988263
2025-07-24 20:00:00,20,3,7,5.536834348661229
2025-07-24 21:00:00,21,3,7,4.599746533693786
2025-07-24 22:00:00,22,3,7,4.979785464214865
2025-07-24 23:00:00,23,3,7,1.7180600101306251
2025-07-25 00:00:00,0,4,7,1.716604393423787
2025-07-25 01:00:00,1,4,7,1.122097250612541
2025-07-25 02:00:00,2,4,7,1.2860679404888025
2025-07-25 03:00:00,3,4,7,1.766636809655778
2025-07-25 04:00:00,4,4,7,1.6182974030477688
2025-07-25 05:00:00,5,4,7,1.549506356883915
2025-07-25 06:00:00,6,4,7,3.932354297735074
2025-07-25 07:00:00,7,4,7,4.595421981509496
2025-07-25 08:00:00,8,4,7,4.372003998875294
2025-07-25 09:00:00,9,4,7,5.192696433854323
2025-07-25 10:00:00,10,4,7,3.999279019071923
2025-07-25 11:00:00,11,4,7,2.9225365652105455
2025-07-25 12:00:00,12,4,7,4.562681580151408
2025-07-25 13:00:00,13,4,7,4.448949687481264
2025-07-25 14:00:00,14,4,7,3.764982893101412
2025-07-25 15:00:00,15,4,7,4.016394436825382
2025-07-25 16:00:00,16,4,7,3.561919262542352
2025-07-25 17:00:00,17,4,7,6.741996147375473
2025-07-25 18:00:00,18,4,7,6.2813018247617585
2025-07-25 19:00:00,19,4,7,4.939971710726796
2025-07-25 20:00:00,20,4,7,5.346676397731889
2025-07-25 21:00:00,21,4,7,4.667748858542701
2025-07-25 22:00:00,22,4,7,4.472472856427419
2025-07-25 23:00:00,23,4,7,0.909693133935416
2025-07-26 00:00:00,0,5,7,2.550366088214732
2025-07-26 01:00:00,1,5,7,2.2160247279610306
2025-07-26 02:00:00,2,5,7,1.5552027949772107
2025-07-26 03:00:00,3,5,7,1.4671176515592488
2025-07-26 04:00:00,4,5,7,2.0850707758290397
2025-07-26 05:00:00,5,5,7,2.723801058436522
2025-07-26 06:00:00,6,5,7,5.007853769924708
2025-07-26 07:00:00,7,5,7,5.801253129907297
2025-07-26 08:00:00,8,5,7,6.004196456526122
2025-07-26 09:00:00,9,5,7,6.437827610301163
2025-07-26 10:00:00,10,5,7,4.491402332023997
2025-07-26 11:00:00,11,5,7,4.043318613592262
2025-07-26 12:00:00,12,5,7,4.670609326974842
2025-07-26 13:00:00,13,5,7,5.224035895963466
2025-07-26 14:00:00,14,5,7,4.728279568023744
2025-07-26 15:00:00,15,5,7,4.800274253126156
2025-07-26 16:00:00,16,5,7,4.233160845681368
2025-07-26 17:00:00,17,5,7,6.638075260583262
2025-07-26 18:00:00,18,5,7,6.638890942035337
2025-07-26 19:00:00,19,5,7,6.423618977213061
2025-07-26 20:00:00,20,5,7,5.649496344561641
2025-07-26 21:00:00,21,5,7,5.455715502057332
2025-07-26 22:00:00,22,5,7,4.863554531425786
2025-07-26 23:00:00,23,5,7,2.4486598613489807
2025-07-27 00:00:00,0,6,7,1.7333289575311839
2025-07-27 01:00:00,1,6,7,2.381102218050473
2025-07-27 02:00:00,2,6,7,2.462610400782761
2025-07-27 03:00:00,3,6,7,1.9685435084346443
2025-07-27 04:00:00,4,6,7,1.835960335201239
2025-07-27 05:00:00,5,6,7,1.715640848906665
2025-07-27 06:00:00,6,6,7,4.322956603135502
2025-07-27 07:00:00,7,6,7,4.7504660700405354
2025-07-27 08:00:00,8,6,7,6.239616418638383
2025-07-27 09:00:00,9,6,7,6.096329834890779
2025-07-27 10:00:00,10,6,7,4.516501981416617
2025-07-27 11:00:00,11,6,7,3.7108697021026074
2025-07-27 12:00:00,12,6,7,4.269702167746698
2025-07-27 13:00:00,13,6,7,5.1548319105785145
2025-07-27 14:00:00,14,6,7,4.863598384386637
2025-07-27 15:00:00,15,6,7,4.5401559942024186
2025-07-27 16:00:00,16,6,7,4.58659711521987
2025-07-27 17:00:00,17,6,7,7.704319122454326
2025-07-27 18:00:00,18,6,7,6.599811582238961
2025-07-27 19:00:00,19,6,7,6.327747921063228
2025-07-27 20:00:00,20,6,7,5.98881019983874
2025-07-27 21:00:00,21,6,7,6.506843854109597
2025-07-27 22:00:00,22,6,7,4.399597322452569
2025-07-27 23:00:00,23,6,7,2.2742511002388657
2025-07-28 00:00:00,0,0,7,1.005190361062772
2025-07-28 01:00:00,1,0,7,1.226708690473672
2025-07-28 02:00:00,2,0,7,0.7881622389685077
2025-07-28 03:00:00,3,0,7,1.1813758819799618
2025-07-28 04:00:00,4,0,7,1.7239040600063766
2025-07-28 05:00:00,5,0,7,2.9951640804175366
2025-07-28 06:00:00,6,0,7,4.434985908107047
2025-07-28 07:00:00,7,0,7,4.160773760787796
2025-07-28 08:00:00,8,0,7,4.7187246948447
2025-07-28 09:00:00,9,0,7,5.0686343566464584
2025-07-28 10:00:00,10,0,7,2.8424029027278155
2025-07-28 11:00:00,11,0,7,3.667002028996083
2025-07-28 12:00:00,12,0,7,4.2420203721623
2025-07-28 13:00:00,13,0,7,3.490307152369282
2025-07-28 14:00:00,14,0,7,4.36828179985384
2025-07-28 15:00:00,15,0,7,3.994148034110393
2025-07-28 16:00:00,16,0,7,3.2669668429914065
2025-07-28 17:00:00,17,0,7,6.193388145064861
2025-07-28 18:00:00,18,0,7,6.527557290710195
2025-07-28 19:00:00,19,0,7,5.793419125402346
2025-07-28 20:00:00,20,0,7,5.115284894305478
2025-07-28 21:00:00,21,0,7,4.6549266732156065
2025-07-28 22:00:00,22,0,7,4.4699834564008425
2025-07-28 23:00:00,23,0,7,0.9962564711464208
2025-07-29 00:00:00,0,1,7,0.20921145827879162
2025-07-29 01:00:00,1,1,7,1.8168711642138924
2025-07-29 02:00:00,2,1,7,1.113241260246158
2025-07-29 03:00:00,3,1,7,1.3602208003723568
2025-07-29 04:00:00,4,1,7,1.416176728269415
2025-07-29 05:00:00,5,1,7,1.4559532797101649
2025-07-29 06:00:00,6,1,7,4.03740163996671
2025-07-29 07:00:00,7,1,7,3.8602420951222753
2025-07-29 08:00:00,8,1,7,5.799063166875103
2025-07-29 09:00:00,9,1,7,4.7561952006310415
2025-07-29 10:00:00,10,1,7,3.1478736582409494
2025-07-29 11:00:00,11,1,7,3.6229344239220977
2025-07-29 12:00:00,12,1,7,4.464119029374554
2025-07-29 13:00:00,13,1,7,4.005803599705062
2025-07-29 14:00:00,14,1,7,3.4544344210214177
2025-07-29 15:00:00,15,1,7,4.3007734499795935
2025-07-29 16:00:00,16,1,7,3.853060422494014
2025-07-29 17:00:00,17,1,7,6.465373982886581
2025-07-29 18:00:00,18,1,7,6.174522264122118
2025-07-29 19:00:00,19,1,7,6.4577447602329805
2025-07-29 20:00:00,20,1,7,5.9858093903606635
2025-07-29 21:00:00,21,1,7,4.475313862798682
2025-07-29 22:00:00,22,1,7,5.08889382534464
2025-07-29 23:00:00,23,1,7,1.3542291702269025
2025-07-30 00:00:00,0,2,7,1.2507495870214973
2025-07-30 01:00:00,1,2,7,0.3230916673426685
2025-07-30 02:00:00,2,2,7,0.9829569544111191
2025-07-30 03:00:00,3,2,7,0.875832458188716
2025-07-30 04:00:00,4,2,7,1.7705633541775023
2025-07-30 05:00:00,5,2,7,2.1784322001611223
2025-07-30 06:00:00,6,2,7,3.281976891939694
2025-07-30 07:00:00,7,2,7,4.491186054398292
2025-07-30 08:00:00,8,2,7,5.336973169571483
2025-07-30 09:00:00,9,2,7,5.175328415074622
2025-07-30 10:00:00,10,2,7,3.8522856297807673
2025-07-30 11:00:00,11,2,7,3.9395042927274915
2025-07-30 12:00:00,12,2,7,4.0855528322146535
2025-07-30 13:00:00,13,2,7,3.891474008772681
2025-07-30 14:00:00,14,2,7,3.4622564177793187
2025-07-30 15:00:00,15,2,7,3.350426046706647
2025-07-30 16:00:00,16,2,7,3.844401177561948
2025-07-30 17:00:00,17,2,7,6.257783302207553
2025-07-30 18:00:00,18,2,7,5.8328236698108915
2025-07-30 19:00:00,19,2,7,5.330443983071059
2025-07-30 20:00:00,20,2,7,4.989695894153917
2025-07-30 21:00:00,21,2,7,5.168764717795256
2025-07-30 22:00:00,22,2,7,4.305242195472968
2025-07-30 23:00:00,23,2,7,0.6645360090027147
2025-07-31 00:00:00,0,3,7,1.3485719707824668
2025-07-31 01:00:00,1,3,7,0.9180493344541131
2025-07-31 02:00:00,2,3,7,1.063669606779508
2025-07-31 03:00:00,3,3,7,1.8439932168831463
2025-07-31 04:00:00,4,3,7,1.4311156052799756
2025-07-31 05:00:00,5,3,7,1.8656734692474901
2025-07-31 06:00:00,6,3,7,3.6402020358268885
2025-07-31 07:00:00,7,3,7,4.412132219059616
2025-07-31 08:00:00,8,3,7,5.132038985737222
2025-07-31 09:00:00,9,3,7,4.627850506463503
2025-07-31 10:00:00,10,3,7,3.640998209026105
2025-07-31 11:00:00,11,3,7,3.8393545347345803
2025-07-31 12:00:00,12,3,7,3.9654037216685785
2025-07-31 13:00:00,13,3,7,4.4148635594632974
2025-07-31 14:00:00,14,3,7,4.082664145373011
2025-07-31 15:00:00,15,3,7,4.390266865019235
2025-07-31 16:00:00,16,3,7,3.1632243655422068
2025-07-31 17:00:00,17,3,7,6.304369826887339
2025-07-31 18:00:00,18,3,7,5.9220152822097605
2025-07-31 19:00:00,19,3,7,5.072298202497968
2025-07-31 20:00:00,20,3,7,5.4942894331827565
2025-07-31 21:00:00,21,3,7,5.679869322341127
2025-07-31 22:00:00,22,3,7,4.432537398426646
2025-07-31 23:00:00,23,3,7,1.402970329632849
2025-08-01 00:00:00,0,4,8,1.0849186508925284
2025-08-01 01:00:00,1,4,8,0.7145661320371297
2025-08-01 02:00:00,2,4,8,0.32280714944559097
2025-08-01 03:00:00,3,4,8,0.9186525010851959
2025-08-01 04:00:00,4,4,8,0.882556475839486
2025-08-01 05:00:00,5,4,8,2.431640831223647
2025-08-01 06:00:00,6,4,8,4.065727554776923
2025-08-01 07:00:00,7,4,8,4.361632268381132
2025-08-01 08:00:00,8,4,8,5.243890097568904
2025-08-01 09:00:00,9,4,8,4.801299558857645
2025-08-01 10:00:00,10,4,8,3.2539145565780005
2025-08-01 11:00:00,11,4,8,3.8262670133761065
2025-08-01 12:00:00,12,4,8,4.360396336002995
2025-08-01 13:00:00,13,4,8,4.200674018067515
2025-08-01 14:00:00,14,4,8,4.048218796439955
2025-08-01 15:00:00,15,4,8,3.8302851997710645
2025-08-01 16:00:00,16,4,8,3.7207545139905314
2025-08-01 17:00:00,17,4,8,6.330661162051702
2025-08-01 18:00:00,18,4,8,5.476239657743007
2025-08-01 19:00:00,19,4,8,5.51843168865326
2025-08-01 20:00:00,20,4,8,4.682295968779117
2025-08-01 21:00:00,21,4,8,4.782433017160329
2025-08-01 22:00:00,22,4,8,4.2470806516248825
2025-08-01 23:00:00,23,4,8,2.2167145434364866
2025-08-02 00:00:00,0,5,8,1.8351535070657128
2025-08-02 01:00:00,1,5,8,1.2383041734953646
2025-08-02 02:00:00,2,5,8,1.7974391762956277
2025-08-02 03:00:00,3,5,8,2.208705392578497
2025-08-02 04:00:00,4,5,8,2.9086854066811885
2025-08-02 05:00:00,5,5,8,2.3142190400245126
2025-08-02 06:00:00,6,5,8,4.278800242736763
2025-08-02 07:00:00,7,5,8,5.626734804572393
2025-08-02 08:00:00,8,5,8,5.135989085293921
2025-08-02 09:00:00,9,5,8,5.875537823397006
2025-08-02 10:00:00,10,5,8,4.257611977575424
2025-08-02 11:00:00,11,5,8,4.571184724356614
2025-08-02 12:00:00,12,5,8,5.024554522263337
2025-08-02 13:00:00,13,5,8,4.526546287085445
2025-08-02 14:00:00,14,5,8,4.639397038566898
2025-08-02 15:00:00,15,5,8,4.593329964496903
2025-08-02 16:00:00,16,5,8,4.420499354787337
2025-08-02 17:00:00,17,5,8,7.089130869883169
2025-08-02 18:00:00,18,5,8,6.862630877742813
2025-08-02 19:00:00,19,5,8,6.637535803856695
2025-08-02 20:00:00,20,5,8,6.068825078606605
2025-08-02 21:00:00,21,5,8,5.731434209403687
2025-08-02 22:00:00,22,5,8,4.606450561521588
2025-08-02 23:00:00,23,5,8,2.0210529739896144
2025-08-03 00:00:00,0,6,8,2.042914279767041
2025-08-03 01:00:00,1,6,8,2.09157647782818
2025-08-03 02:00:00,2,6,8,1.5741709508728798
2025-08-03 03:00:00,3,6,8,1.7373461843678837
2025-08-03 04:00:00,4,6,8,2.0096995581067394
2025-08-03 05:00:00,5,6,8,2.7645655599565373
2025-08-03 06:00:00,6,6,8,5.325323854315902
2025-08-03 07:00:00,7,6,8,5.137015957083359
2025-08-03 08:00:00,8,6,8,6.051413493104601
2025-08-03 09:00:00,9,6,8,6.099391923665838
2025-08-03 10:00:00,10,6,8,4.310945860914847
2025-08-03 11:00:00,11,6,8,4.514484413749471
2025-08-03 12:00:00,12,6,8,5.047533285274465
2025-08-03 13:00:00,13,6,8,4.930231126714828
2025-08-03 14:00:00,14,6,8,5.659218910492657
2025-08-03 15:00:00,15,6,8,4.258148248477728
2025-08-03 16:00:00,16,6,8,4.567900852591812
2025-08-03 17:00:00,17,6,8,6.838319596075395
2025-08-03 18:00:00,18,6,8,6.340513772858324
2025-08-03 19:00:00,19,6,8,6.295653145186011
2025-08-03 20:00:00,20,6,8,5.966712424109033
2025-08-03 21:00:00,21,6,8,6.717269422024037
2025-08-03 22:00:00,22,6,8,5.1656815019468985
2025-08-03 23:00:00,23,6,8,1.548890402529469
2025-08-04 00:00:00,0,0,8,1.1603155475641518
2025-08-04 01:00:00,1,0,8,0.17014398498145267
2025-08-04 02:00:00,2,0,8,1.014328547524691
2025-08-04 03:00:00,3,0,8,1.2073720072414063
2025-08-04 04:00:00,4,0,8,1.7571799813982631
2025-08-04 05:00:00,5,0,8,2.1394488997711387
2025-08-04 06:00:00,6,0,8,3.9103435847831314
2025-08-04 07:00:00,7,0,8,4.439754394148027
2025-08-04 08:00:00,8,0,8,4.581780235409513
2025-08-04 09:00:00,9,0,8,4.798774978076922
2025-08-04 10:00:00,10,0,8,3.6846180835320754
2025-08-04 11:00:00,11,0,8,3.289603886238018
2025-08-04 12:00:00,12,0,8,3.7830379792048574
2025-08-04 13:00:00,13,0,8,3.601930416040305
2025-08-04 14:00:00,14,0,8,4.168762013949706
2025-08-04 15:00:00,15,0,8,4.519610145383253
2025-08-04 16:00:00,16,0,8,3.0400249786584888
2025-08-04 17:00:00,17,0,8,5.508792606840972
2025-08-04 18:00:00,18,0,8,5.838273813513754
2025-08-04 19:00:00,19,0,8,5.5062791183831035
2025-08-04 20:00:00,20,0,8,5.199235155049138
2025-08-04 21:00:00,21,0,8,4.571471793906262
2025-08-04 22:00:00,22,0,8,4.3590841086900065
2025-08-04 23:00:00,23,0,8,1.3479660585395832
2025-08-05 00:00:00,0,1,8,1.4672836176243331
2025-08-05 01:00:00,1,1,8,0.21798049187268687
2025-08-05 02:00:00,2,1,8,0.9035354849538126
2025-08-05 03:00:00,3,1,8,1.2864854118997673
2025-08-05 04:00:00,4,1,8,1.0721493863758842
2025-08-05 05:00:00,5,1,8,2.44246785270692
2025-08-05 06:00:00,6,1,8,3.8576074802547238
2025-08-05 07:00:00,7,1,8,4.4834829251970865
2025-08-05 08:00:00,8,1,8,5.110637406390698
2025-08-05 09:00:00,9,1,8,5.013486084479243
2025-08-05 10:00:00,10,1,8,2.8220309526580545
2025-08-05 11:00:00,11,1,8,3.6275762949100447
2025-08-05 12:00:00,12,1,8,4.360664961804419
2025-08-05 13:00:00,13,1,8,3.8652419492859447
2025-08-05 14:00:00,14,1,8,3.6103150188500113
2025-08-05 15:00:00,15,1,8,4.169306989477747
2025-08-05 16:00:00,16,1,8,3.4283502133706003
2025-08-05 17:00:00,17,1,8,6.045935674539913
2025-08-05 18:00:00,18,1,8,5.948011003519105
2025-08-05 19:00:00,19,1,8,5.808300083847515
2025-08-05 20:00:00,20,1,8,6.064456845039237
2025-08-05 21:00:00,21,1,8,5.080894443062969
2025-08-05 22:00:00,22,1,8,4.903275814775517
2025-08-05 23:00:00,23,1,8,0.9985754147282001
2025-08-06 00:00:00,0,2,8,0.640764018178607
2025-08-06 01:00:00,1,2,8,1.0249325398476492
2025-08-06 02:00:00,2,2,8,1.093979226670236
2025-08-06 03:00:00,3,2,8,0.7695567977775031
2025-08-06 04:00:00,4,2,8,1.3692220162585735
2025-08-06 05:00:00,5,2,8,1.9097270406876523
2025-08-06 06:00:00,6,2,8,4.25592879035345
2025-08-06 07:00:00,7,2,8,4.701715141353709
2025-08-06 08:00:00,8,2,8,5.004614459708758
2025-08-06 09:00:00,9,2,8,5.0471965362919775
2025-08-06 10:00:00,10,2,8,3.355099921120284
2025-08-06 11:00:00,11,2,8,3.3194575464791076
2025-08-06 12:00:00,12,2,8,4.662798755107641
2025-08-06 13:00:00,13,2,8,4.005380145847718
2025-08-06 14:00:00,14,2,8,3.858947517115662
2025-08-06 15:00:00,15,2,8,3.4275212730956746
2025-08-06 16:00:00,16,2,8,4.734923332710933
2025-08-06 17:00:00,17,2,8,5.820668787110842
2025-08-06 18:00:00,18,2,8,5.716689397411352
2025-08-06 19:00:00,19,2,8,5.666334734514424
2025-08-06 20:00:00,20,2,8,5.35185661864393
2025-08-06 21:00:00,21,2,8,5.133172822086274
2025-08-06 22:00:00,22,2,8,5.162383231327884
2025-08-06 23:00:00,23,2,8,1.403424956507627
2025-08-07 00:00:00,0,3,8,0.6286989405797304
2025-08-07 01:00:00,1,3,8,0.8972219499512873
2025-08-07 02:00:00,2,3,8,1.1742442095719514
2025-08-07 03:00:00,3,3,8,2.0282523109256716
2025-08-07 04:00:00,4,3,8,0.8802176368504597
2025-08-07 05:00:00,5,3,8,2.231030602090091
2025-08-07 06:00:00,6,3,8,4.183737180164785
2025-08-07 07:00:00,7,3,8,4.835132214091792
2025-08-07 08:00:00,8,3,8,4.847430680999409
2025-08-07 09:00:00,9,3,8,4.9130269479494695
2025-08-07 10:00:00,10,3,8,3.861009283540354
2025-08-07 11:00:00,11,3,8,4.060810516518907
2025-08-07 12:00:00,12,3,8,4.337711525729492
2025-08-07 13:00:00,13,3,8,3.994678145848546
2025-08-07 14:00:00,14,3,8,3.708959930105663
2025-08-07 15:00:00,15,3,8,3.175523307667121
2025-08-07 16:00:00,16,3,8,3.888409479035584
2025-08-07 17:00:00,17,3,8,6.419555792977595
2025-08-07 18:00:00,18,3,8,5.501915514508198
2025-08-07 19:00:00,19,3,8,5.28457053068135
2025-08-07 20:00:00,20,3,8,4.9250679075656425
2025-08-07 21:00:00,21,3,8,4.156806227207033
2025-08-07 22:00:00,22,3,8,4.112266869578125
2025-08-07 23:00:00,23,3,8,0.7474297516008006
2025-08-08 00:00:00,0,4,8,0.8861196558112228
2025-08-08 01:00:00,1,4,8,0.7045210006681748
2025-08-08 02:00:00,2,4,8,0.4003092922196979
2025-08-08 03:00:00,3,4,8,2.0099979865511344
2025-08-08 04:00:00,4,4,8,1.940356120631871
2025-08-08 05:00:00,5,4,8,1.4383922313920057
2025-08-08 06:00:00,6,4,8,4.220739991007663
2025-08-08 07:00:00,7,4,8,4.6669860359285185
2025-08-08 08:00:00,8,4,8,5.364662909563172
2025-08-08 09:00:00,9,4,8,4.922557989335969
2025-08-08 10:00:00,10,4,8,3.997502885372792
2025-08-08 11:00:00,11,4,8,3.579875983993884
2025-08-08 12:00:00,12,4,8,3.4145437777661574
2025-08-08 13:00:00,13,4,8,4.289654623725799
2025-08-08 14:00:00,14,4,8,4.465192109082574
2025-08-08 15:00:00,15,4,8,4.834201695088932
2025-08-08 16:00:00,16,4,8,3.080770065743736
2025-08-08 17:00:00,17,4,8,6.529567874032315
2025-08-08 18:00:00,18,4,8,5.724308070136368
2025-08-08 19:00:00,19,4,8,5.8133434842096126
2025-08-08 20:00:00,20,4,8,4.523575611853718
2025-08-08 21:00:00,21,4,8,4.244892089720574
2025-08-08 22:00:00,22,4,8,4.128989898953585
2025-08-08 23:00:00,23,4,8,1.232547512590576
2025-08-09 00:00:00,0,5,8,1.5946787539510554
2025-08-09 01:00:00,1,5,8,2.063621737565368
2025-08-09 02:00:00,2,5,8,2.2618691078695634
2025-08-09 03:00:00,3,5,8,2.240792910821484
2025-08-09 04:00:00,4,5,8,2.886854884084526
2025-08-09 05:00:00,5,5,8,2.716330651782137
2025-08-09 06:00:00,6,5,8,4.425012748210151
2025-08-09 07:00:00,7,5,8,5.8453506054153355
2025-08-09 08:00:00,8,5,8,5.446166073411383
2025-08-09 09:00:00,9,5,8,6.414167399874228
2025-08-09 10:00:00,10,5,8,4.9901538584018645
2025-08-09 11:00:00,11,5,8,4.781713309968818
2025-08-09 12:00:00,12,5,8,4.1504252141677425
2025-08-09 13:00:00,13,5,8,4.4327151333960835
2025-08-09 14:00:00,14,5,8,5.277986526187656
2025-08-09 15:00:00,15,5,8,4.531389031419531
2025-08-09 16:00:00,16,5,8,4.392489585756688
2025-08-09 17:00:00,17,5,8,7.353529766465444
2025-08-09 18:00:00,18,5,8,6.966757712485911
2025-08-09 19:00:00,19,5,8,6.4115199249541845
2025-08-09 20:00:00,20,5,8,5.828304083858032
2025-08-09 21:00:00,21,5,8,5.424932621707057
2025-08-09 22:00:00,22,5,8,5.582499358336716
2025-08-09 23:00:00,23,5,8,2.2223897067504597
2025-08-10 00:00:00,0,6,8,1.7481912603192817
2025-08-10 01:00:00,1,6,8,2.232844925197256
2025-08-10 02:00:00,2,6,8,1.799497614514484
2025-08-10 03:00:00,3,6,8,1.6602970245895845
2025-08-10 04:00:00,4,6,8,1.9357515486588408
2025-08-10 05:00:00,5,6,8,2.1585036654760934
2025-08-10 06:00:00,6,6,8,4.802807425704743
2025-08-10 07:00:00,7,6,8,5.793489711334477
2025-08-10 08:00:00,8,6,8,5.366190495241578
2025-08-10 09:00:00,9,6,8,6.125390304407241
2025-08-10 10:00:00,10,6,8,4.097984433528857
2025-08-10 11:00:00,11,6,8,4.494914489168083
2025-08-10 12:00:00,12,6,8,4.144872254639502
2025-08-10 13:00:00,13,6,8,4.711784708337385
2025-08-10 14:00:00,14,6,8,4.671406587511617
2025-08-10 15:00:00,15,6,8,4.815153283290936
2025-08-10 16:00:00,16,6,8,4.44997253708197
2025-08-10 17:00:00,17,6,8,6.5706431500191815
2025-08-10 18:00:00,18,6,8,7.121907865271199
2025-08-10 19:00:00,19,6,8,6.384121216088798
2025-08-10 20:00:00,20,6,8,5.991128839217213
2025-08-10 21:00:00,21,6,8,5.546327058645944
2025-08-10 22:00:00,22,6,8,5.032236849331291
2025-08-10 23:00:00,23,6,8,2.0880828302228327
2025-08-11 00:00:00,0,0,8,1.2413466349378304
2025-08-11 01:00:00,1,0,8,0.301241723461778
2025-08-11 02:00:00,2,0,8,0.8356069256279592
2025-08-11 03:00:00,3,0,8,1.0989831061619062
2025-08-11 04:00:00,4,0,8,1.5418080704978898
2025-08-11 05:00:00,5,0,8,2.2273244023708503
2025-08-11 06:00:00,6,0,8,3.8030751065075057
2025-08-11 07:00:00,7,0,8,4.300815261272863
2025-08-11 08:00:00,8,0,8,4.683214923395162
2025-08-11 09:00:00,9,0,8,4.929388963958184
2025-08-11 10:00:00,10,0,8,3.4217855737349163
2025-08-11 11:00:00,11,0,8,4.107358993671847
2025-08-11 12:00:00,12,0,8,3.527354541287864
2025-08-11 13:00:00,13,0,8,4.171125758061161
2025-08-11 14:00:00,14,0,8,3.2681278474262685
2025-08-11 15:00:00,15,0,8,3.5745029070997756
2025-08-11 16:00:00,16,0,8,3.428864451692627
2025-08-11 17:00:00,17,0,8,6.919943869165626
2025-08-11 18:00:00,18,0,8,5.778307645752706
2025-08-11 19:00:00,19,0,8,4.619502610619633
2025-08-11 20:00:00,20,0,8,4.312215869601719
2025-08-11 21:00:00,21,0,8,4.763611834538672
2025-08-11 22:00:00,22,0,8,4.684848170536142
2025-08-11 23:00:00,23,0,8,1.3511442373742433
2025-08-12 00:00:00,0,1,8,1.1181393028867936
2025-08-12 01:00:00,1,1,8,1.4649038390022668
2025-08-12 02:00:00,2,1,8,0.8352747722715448
2025-08-12 03:00:00,3,1,8,1.5589261167340722
2025-08-12 04:00:00,4,1,8,0.7865338742096116
2025-08-12 05:00:00,5,1,8,1.3880208668247735
2025-08-12 06:00:00,6,1,8,3.388954874373492
2025-08-12 07:00:00,7,1,8,4.390061879732083
2025-08-12 08:00:00,8,1,8,4.869724080747244
2025-08-12 09:00:00,9,1,8,5.295640596890608
2025-08-12 10:00:00,10,1,8,3.5854135129346756
2025-08-12 11:00:00,11,1,8,3.428016773351967
2025-08-12 12:00:00,12,1,8,3.8727924016683164
2025-08-12 13:00:00,13,1,8,3.4010213325577006
2025-08-12 14:00:00,14,1,8,4.494180329486503
2025-08-12 15:00:00,15,1,8,3.6775876765174575
2025-08-12 16:00:00,16,1,8,3.365105724162345
2025-08-12 17:00:00,17,1,8,6.885576131377633
2025-08-12 18:00:00,18,1,8,5.39132995423409
2025-08-12 19:00:00,19,1,8,5.049765154387212
2025-08-12 20:00:00,20,1,8,4.673283302398793
2025-08-12 21:00:00,21,1,8,4.722851447320207
2025-08-12 22:00:00,22,1,8,4.611992480075218
2025-08-12 23:00:00,23,1,8,1.4968320815704756
2025-08-13 00:00:00,0,2,8,2.079909387564385
2025-08-13 01:00:00,1,2,8,0.1002270183196945
2025-08-13 02:00:00,2,2,8,1.2946054962161644
2025-08-13 03:00:00,3,2,8,0.9781096652944495
2025-08-13 04:00:00,4,2,8,1.2047737686646691
2025-08-13 05:00:00,5,2,8,1.502091148698449
2025-08-13 06:00:00,6,2,8,3.748263564023029
2025-08-13 07:00:00,7,2,8,5.1738099338413805
2025-08-13 08:00:00,8,2,8,5.225147498459343
2025-08-13 09:00:00,9,2,8,5.25927839142295
2025-08-13 10:00:00,10,2,8,4.1010664727746216
2025-08-13 11:00:00,11,2,8,3.1940265195571076
2025-08-13 12:00:00,12,2,8,3.416606686901232
2025-08-13 13:00:00,13,2,8,3.128812907122125
2025-08-13 14:00:00,14,2,8,3.6691229233842875
2025-08-13 15:00:00,15,2,8,3.8637175163585593
2025-08-13 16:00:00,16,2,8,3.601803602952755
2025-08-13 17:00:00,17,2,8,6.309736764423953
2025-08-13 18:00:00,18,2,8,5.323805835227349
2025-08-13 19:00:00,19,2,8,5.821261897045609
2025-08-13 20:00:00,20,2,8,5.207622439641818
2025-08-13 21:00:00,21,2,8,5.0432217125864
2025-08-13 22:00:00,22,2,8,3.6822349571841584
2025-08-13 23:00:00,23,2,8,1.3255582378424582
2025-08-14 00:00:00,0,3,8,0.5760051645993867
2025-08-14 01:00:00,1,3,8,0.8410706989794552
2025-08-14 02:00:00,2,3,8,1.264857220020951
2025-08-14 03:00:00,3,3,8,1.2373993368257072
2025-08-14 04:00:00,4,3,8,1.098723836308451
2025-08-14 05:00:00,5,3,8,1.7525092624737673
2025-08-14 06:00:00,6,3,8,3.4991573062487613
2025-08-14 07:00:00,7,3,8,4.960106958359319
2025-08-14 08:00:00,8,3,8,4.8061149598552815
2025-08-14 09:00:00,9,3,8,5.697419977702131
2025-08-14 10:00:00,10,3,8,3.350047496941404
2025-08-14 11:00:00,11,3,8,3.589607710314025
2025-08-14 12:00:00,12,3,8,3.643214024778464
2025-08-14 13:00:00,13,3,8,4.3504695726772304
2025-08-14 14:00:00,14,3,8,3.665116276502212
2025-08-14 15:00:00,15,3,8,4.056876278642728
2025-08-14 16:00:00,16,3,8,3.407679212712105
2025-08-14 17:00:00,17,3,8,5.459614680043352
2025-08-14 18:00:00,18,3,8,5.660102940539195
2025-08-14 19:00:00,19,3,8,5.028356714254861
2025-08-14 20:00:00,20,3,8,5.125332521819153
2025-08-14 21:00:00,21,3,8,4.273836905730204
2025-08-14 22:00:00,22,3,8,4.809729868506026
2025-08-14 23:00:00,23,3,8,1.1645315501821314
2025-08-15 00:00:00,0,4,8,0.9800728626629018
2025-08-15 01:00:00,1,4,8,1.262356855115033
2025-08-15 02:00:00,2,4,8,1.4366740341967426
2025-08-15 03:00:00,3,4,8,1.1929223936154814
2025-08-15 04:00:00,4,4,8,1.1308597084004623
2025-08-15 05:00:00,5,4,8,1.040412153555148
2025-08-15 06:00:00,6,4,8,3.8373515295321465
2025-08-15 07:00:00,7,4,8,4.253115101340815
2025-08-15 08:00:00,8,4,8,4.9310515488507
2025-08-15 09:00:00,9,4,8,5.111941247544789
2025-08-15 10:00:00,10,4,8,3.8358333606003927
2025-08-15 11:00:00,11,4,8,3.553844797168382
2025-08-15 12:00:00,12,4,8,3.926072272692426
2025-08-15 13:00:00,13,4,8,4.473594977278756
2025-08-15 14:00:00,14,4,8,4.085618825015589
2025-08-15 15:00:00,15,4,8,3.775023089001232
2025-08-15 16:00:00,16,4,8,3.3198823950057506
2025-08-15 17:00:00,17,4,8,5.996707441314009
2025-08-15 18:00:00,18,4,8,5.547983266473002
2025-08-15 19:00:00,19,4,8,5.28359725368684
2025-08-15 20:00:00,20,4,8,5.414037767843944
2025-08-15 21:00:00,21,4,8,4.661244691483093
2025-08-15 22:00:00,22,4,8,3.8994306004676864
2025-08-15 23:00:00,23,4,8,1.9082296115472557
2025-08-16 00:00:00,0,5,8,1.9790973370244627
2025-08-16 01:00:00,1,5,8,1.2372226397947323
2025-08-16 02:00:00,2,5,8,1.674371689670068
2025-08-16 03:00:00,3,5,8,2.045316447454709
2025-08-16 04:00:00,4,5,8,2.9211766655391296
2025-08-16 05:00:00,5,5,8,2.106755016696452
2025-08-16 06:00:00,6,5,8,5.302187720088597
2025-08-16 07:00:00,7,5,8,5.859794570788937
2025-08-16 08:00:00,8,5,8,5.4367668456239535
2025-08-16 09:00:00,9,5,8,5.938994552455906
2025-08-16 10:00:00,10,5,8,3.9461364728303137
2025-08-16 11:00:00,11,5,8,4.517653649244536
2025-08-16 12:00:00,12,5,8,4.73425274969643
2025-08-16 13:00:00,13,5,8,5.063859999232948
2025-08-16 14:00:00,14,5,8,5.184962127841781
2025-08-16 15:00:00,15,5,8,4.299799679827999
2025-08-16 16:00:00,16,5,8,3.573730146089424
2025-08-16 17:00:00,17,5,8,7.041502088289503
2025-08-16 18:00:00,18,5,8,6.805643579641238
2025-08-16 19:00:00,19,5,8,6.399767075074016
2025-08-16 20:00:00,20,5,8,5.781102133342601
2025-08-16 21:00:00,21,5,8,5.599900839865573
2025-08-16 22:00:00,22,5,8,5.8455177515610774
2025-08-16 23:00:00,23,5,8,2.153655561908346
2025-08-17 00:00:00,0,6,8,1.7017638905651638
2025-08-17 01:00:00,1,6,8,1.5999208731616017
2025-08-17 02:00:00,2,6,8,1.7831703174953053
2025-08-17 03:00:00,3,6,8,2.655657879055598
2025-08-17 04:00:00,4,6,8,2.1660195444097
2025-08-17 05:00:00,5,6,8,2.5420822621917165
2025-08-17 06:00:00,6,6,8,4.718846003971697
2025-08-17 07:00:00,7,6,8,5.739593342976786
2025-08-17 08:00:00,8,6,8,6.472163469551651
2025-08-17 09:00:00,9,6,8,6.230245219772555
2025-08-17 10:00:00,10,6,8,4.393769333293992
2025-08-17 11:00:00,11,6,8,4.613751238946351
2025-08-17 12:00:00,12,6,8,3.795166023919304
2025-08-17 13:00:00,13,6,8,5.098060345713927
2025-08-17 14:00:00,14,6,8,4.80255530583194
2025-08-17 15:00:00,15,6,8,4.770374925940947
2025-08-17 16:00:00,16,6,8,4.07607529414634
2025-08-17 17:00:00,17,6,8,6.8962172484091635
2025-08-17 18:00:00,18,6,8,6.523818593052512
2025-08-17 19:00:00,19,6,8,6.708649193629215
2025-08-17 20:00:00,20,6,8,5.760267497704981
2025-08-17 21:00:00,21,6,8,6.383064128843919
2025-08-17 22:00:00,22,6,8,5.4116847958261936
2025-08-17 23:00:00,23,6,8,1.4906888303250496
2025-08-18 00:00:00,0,0,8,0.9996927432656147
2025-08-18 01:00:00,1,0,8,0.7393299511374337
2025-08-18 02:00:00,2,0,8,0.17335827263838777
2025-08-18 03:00:00,3,0,8,1.8407502703688579
2025-08-18 04:00:00,4,0,8,1.7205968451081801
2025-08-18 05:00:00,5,0,8,1.963282927159725
2025-08-18 06:00:00,6,0,8,4.1779328964661
2025-08-18 07:00:00,7,0,8,3.947192972523025
2025-08-18 08:00:00,8,0,8,4.694781711831607
2025-08-18 09:00:00,9,0,8,5.586712309913605
2025-08-18 10:00:00,10,0,8,3.1401721598668204
2025-08-18 11:00:00,11,0,8,2.7863303791763325
2025-08-18 12:00:00,12,0,8,3.858046336321232
2025-08-18 13:00:00,13,0,8,3.9432969783889846
2025-08-18 14:00:00,14,0,8,4.003114105999487
2025-08-18 15:00:00,15,0,8,4.090445563082472
2025-08-18 16:00:00,16,0,8,3.815702496672305
2025-08-18 17:00:00,17,0,8,6.3535079220975685
2025-08-18 18:00:00,18,0,8,6.366441122888466
2025-08-18 19:00:00,19,0,8,4.892412087674674
2025-08-18 20:00:00,20,0,8,5.313604158137174
2025-08-18 21:00:00,21,0,8,5.000615345334777
2025-08-18 22:00:00,22,0,8,3.943514913788083
2025-08-18 23:00:00,23,0,8,0.5998136508503864
2025-08-19 00:00:00,0,1,8,0.7527344099761569
2025-08-19 01:00:00,1,1,8,0.7353834229938832
2025-08-19 02:00:00,2,1,8,1.3524790459673697
2025-08-19 03:00:00,3,1,8,0.9551463808469041
2025-08-19 04:00:00,4,1,8,1.096800420907697
2025-08-19 05:00:00,5,1,8,1.5053465053221764
2025-08-19 06:00:00,6,1,8,4.5592243660079035
2025-08-19 07:00:00,7,1,8,4.505217349750781
2025-08-19 08:00:00,8,1,8,4.816528157511017
2025-08-19 09:00:00,9,1,8,5.2059978005195795
2025-08-19 10:00:00,10,1,8,4.07748430551043
2025-08-19 11:00:00,11,1,8,3.4993694150353614
2025-08-19 12:00:00,12,1,8,4.475092055809644
2025-08-19 13:00:00,13,1,8,4.084198519568601
2025-08-19 14:00:00,14,1,8,3.8847209866434635
2025-08-19 15:00:00,15,1,8,4.799398304850371
2025-08-19 16:00:00,16,1,8,3.138404375860383
2025-08-19 17:00:00,17,1,8,6.1085256961731975
2025-08-19 18:00:00,18,1,8,5.3952560719881815
2025-08-19 19:00:00,19,1,8,5.880984788214468
2025-08-19 20:00:00,20,1,8,5.78744700580689
2025-08-19 21:00:00,21,1,8,5.417969112561856
2025-08-19 22:00:00,22,1,8,4.928919329478581
2025-08-19 23:00:00,23,1,8,1.1219137072049559
2025-08-20 00:00:00,0,2,8,0.9050148695704588
2025-08-20 01:00:00,1,2,8,0.3315320910023739
2025-08-20 02:00:00,2,2,8,1.8654606746391145
2025-08-20 03:00:00,3,2,8,1.388553125582729
2025-08-20 04:00:00,4,2,8,1.2425570662723853
2025-08-20 05:00:00,5,2,8,2.2812227555947873
2025-08-20 06:00:00,6,2,8,3.722665625642218
2025-08-20 07:00:00,7,2,8,4.66264881368907
2025-08-20 08:00:00,8,2,8,4.819176913937448
2025-08-20 09:00:00,9,2,8,5.505470855952121
2025-08-20 10:00:00,10,2,8,3.535230756105373
2025-08-20 11:00:00,11,2,8,3.2186669492321682
2025-08-20 12:00:00,12,2,8,3.9791192885016176
2025-08-20 13:00:00,13,2,8,4.419545656750145
2025-08-20 14:00:00,14,2,8,3.9372021770920083
2025-08-20 15:00:00,15,2,8,4.109084154312292
2025-08-20 16:00:00,16,2,8,3.1424483775102
2025-08-20 17:00:00,17,2,8,6.239495682692059
2025-08-20 18:00:00,18,2,8,5.63842438561835
2025-08-20 19:00:00,19,2,8,5.798792336041884
2025-08-20 20:00:00,20,2,8,5.124368057251017
2025-08-20 21:00:00,21,2,8,5.026029470534645
2025-08-20 22:00:00,22,2,8,4.8744239986833255
2025-08-20 23:00:00,23,2,8,1.4776093243718975
2025-08-21 00:00:00,0,3,8,1.1603586342838552
2025-08-21 01:00:00,1,3,8,0.6007150965954379
2025-08-21 02:00:00,2,3,8,1.049996816299637
2025-08-21 03:00:00,3,3,8,0.9877257335170088
2025-08-21 04:00:00,4,3,8,1.301714245538488
2025-08-21 05:00:00,5,3,8,1.6001863396998997
2025-08-21 06:00:00,6,3,8,3.7198012024333207
2025-08-21 07:00:00,7,3,8,3.717064564346404
2025-08-21 08:00:00,8,3,8,4.620971348322675
2025-08-21 09:00:00,9,3,8,5.327351780769663
2025-08-21 10:00:00,10,3,8,3.0213893536088254
2025-08-21 11:00:00,11,3,8,3.805311000265308
2025-08-21 12:00:00,12,3,8,4.708996109157988
2025-08-21 13:00:00,13,3,8,4.409222622100896
2025-08-21 14:00:00,14,3,8,4.606305343081814
2025-08-21 15:00:00,15,3,8,3.9554892564497486
2025-08-21 16:00:00,16,3,8,4.0276641009744
2025-08-21 17:00:00,17,3,8,5.960414107812885
2025-08-21 18:00:00,18,3,8,5.630492460844988
2025-08-21 19:00:00,19,3,8,4.4043439175450105
2025-08-21 20:00:00,20,3,8,5.586229621963138
2025-08-21 21:00:00,21,3,8,5.366129591927955
2025-08-21 22:00:00,22,3,8,4.218068930081271
2025-08-21 23:00:00,23,3,8,1.0993812117644481
2025-08-22 00:00:00,0,4,8,0.7495664150900129
2025-08-22 01:00:00,1,4,8,1.1530614205909966
2025-08-22 02:00:00,2,4,8,1.501084278687694
2025-08-22 03:00:00,3,4,8,0.5038531047709256
2025-08-22 04:00:00,4,4,8,1.6031152404770794
2025-08-22 05:00:00,5,4,8,1.639331291312342
2025-08-22 06:00:00,6,4,8,4.1571291891328945
2025-08-22 07:00:00,7,4,8,4.683597600669716
2025-08-22 08:00:00,8,4,8,4.812947592144653
2025-08-22 09:00:00,9,4,8,5.208565258637687
2025-08-22 10:00:00,10,4,8,3.475110104757966
2025-08-22 11:00:00,11,4,8,4.187164586391971
2025-08-22 12:00:00,12,4,8,4.116392723484601
2025-08-22 13:00:00,13,4,8,4.088233415094944
2025-08-22 14:00:00,14,4,8,3.4405080509966894
2025-08-22 15:00:00,15,4,8,3.6476062083913963
2025-08-22 16:00:00,16,4,8,3.920127835915491
2025-08-22 17:00:00,17,4,8,6.265078629249569
2025-08-22 18:00:00,18,4,8,6.152041155489437
2025-08-22 19:00:00,19,4,8,6.206604720131054
2025-08-22 20:00:00,20,4,8,5.527213860029745
2025-08-22 21:00:00,21,4,8,4.7872633350798965
2025-08-22 22:00:00,22,4,8,4.234944160141888
2025-08-22 23:00:00,23,4,8,0.17954205590098282
2025-08-23 00:00:00,0,5,8,1.7837572915772566
2025-08-23 01:00:00,1,5,8,1.6695950016732604
2025-08-23 02:00:00,2,5,8,2.007257738324548
2025-08-23 03:00:00,3,5,8,1.9393998035334667
2025-08-23 04:00:00,4,5,8,2.1111858044454612
2025-08-23 05:00:00,5,5,8,1.8382404277971114
2025-08-23 06:00:00,6,5,8,4.535784300686192
2025-08-23 07:00:00,7,5,8,5.490660416320223
2025-08-23 08:00:00,8,5,8,6.374591620106859
2025-08-23 09:00:00,9,5,8,6.010989846501751
2025-08-23 10:00:00,10,5,8,4.491784601209471
2025-08-23 11:00:00,11,5,8,4.98002936845778
2025-08-23 12:00:00,12,5,8,4.424531164953502
2025-08-23 13:00:00,13,5,8,4.9467256173141765
2025-08-23 14:00:00,14,5,8,4.452692696900739
2025-08-23 15:00:00,15,5,8,4.944967881073063
2025-08-23 16:00:00,16,5,8,4.421221390960515
2025-08-23 17:00:00,17,5,8,7.169380725592576
2025-08-23 18:00:00,18,5,8,6.375189128686346
2025-08-23 19:00:00,19,5,8,6.5828129438443135
2025-08-23 20:00:00,20,5,8,6.7456566008386245
2025-08-23 21:00:00,21,5,8,5.146835321828718
2025-08-23 22:00:00,22,5,8,5.103436225161169
2025-08-23 23:00:00,23,5,8,2.093604883990579
2025-08-24 00:00:00,0,6,8,2.165673745364724
2025-08-24 01:00:00,1,6,8,1.5761814858842125
2025-08-24 02:00:00,2,6,8,0.7178991445093015
2025-08-24 03:00:00,3,6,8,2.5446376919889517
2025-08-24 04:00:00,4,6,8,2.5435422760538358
2025-08-24 05:00:00,5,6,8,1.8528209878053339
2025-08-24 06:00:00,6,6,8,4.668743915634396
2025-08-24 07:00:00,7,6,8,5.927272971810931
2025-08-24 08:00:00,8,6,8,6.267347135036927
2025-08-24 09:00:00,9,6,8,6.425456009071578
2025-08-24 10:00:00,10,6,8,4.2902151981958765
2025-08-24 11:00:00,11,6,8,4.632233073201662
2025-08-24 12:00:00,12,6,8,4.696518417383151
2025-08-24 13:00:00,13,6,8,5.251295913307535
2025-08-24 14:00:00,14,6,8,4.398551776835558
2025-08-24 15:00:00,15,6,8,4.276718243722976
2025-08-24 16:00:00,16,6,8,4.764770006514228
2025-08-24 17:00:00,17,6,8,7.032255417795375
2025-08-24 18:00:00,18,6,8,7.239615509835304
2025-08-24 19:00:00,19,6,8,6.031395117207781
2025-08-24 20:00:00,20,6,8,5.889860088210688
2025-08-24 21:00:00,21,6,8,5.181034806062419
2025-08-24 22:00:00,22,6,8,5.242284900789605
2025-08-24 23:00:00,23,6,8,1.4095431195238226
2025-08-25 00:00:00,0,0,8,0.8560578921844123
2025-08-25 01:00:00,1,0,8,0.42549845402875286
2025-08-25 02:00:00,2,0,8,1.3286805538429007
2025-08-25 03:00:00,3,0,8,1.4875976302272027
2025-08-25 04:00:00,4,0,8,0.7472347360264405
2025-08-25 05:00:00,5,0,8,2.283554298200229
2025-08-25 06:00:00,6,0,8,5.1107374829141605
2025-08-25 07:00:00,7,0,8,4.5184025546945366
2025-08-25 08:00:00,8,0,8,4.631782863563924
2025-08-25 09:00:00,9,0,8,6.379732236401218
2025-08-25 10:00:00,10,0,8,3.033072772458817
2025-08-25 11:00:00,11,0,8,3.8070806924242975
2025-08-25 12:00:00,12,0,8,4.020737648486372
2025-08-25 13:00:00,13,0,8,4.5380590481809655
2025-08-25 14:00:00,14,0,8,4.092784329484318
2025-08-25 15:00:00,15,0,8,3.5995845473612773
2025-08-25 16:00:00,16,0,8,3.180186423624639
2025-08-25 17:00:00,17,0,8,6.113271271901546
2025-08-25 18:00:00,18,0,8,5.485457623275724
2025-08-25 19:00:00,19,0,8,5.519130127913873
2025-08-25 20:00:00,20,0,8,4.886092960402024
2025-08-25 21:00:00,21,0,8,4.1523848826841
2025-08-25 22:00:00,22,0,8,4.94139814357014
2025-08-25 23:00:00,23,0,8,1.0018928849517263
2025-08-26 00:00:00,0,1,8,0.5438565385762725
2025-08-26 01:00:00,1,1,8,0.9326963462049834
2025-08-26 02:00:00,2,1,8,1.078459886953461
2025-08-26 03:00:00,3,1,8,0.5023752040917285
2025-08-26 04:00:00,4,1,8,1.5719988950704837
2025-08-26 05:00:00,5,1,8,1.3311369725238942
2025-08-26 06:00:00,6,1,8,4.796182956022534
2025-08-26 07:00:00,7,1,8,4.709584204830694
2025-08-26 08:00:00,8,1,8,4.728268571610055
2025-08-26 09:00:00,9,1,8,4.95193289187306
2025-08-26 10:00:00,10,1,8,3.518673088754372
2025-08-26 11:00:00,11,1,8,4.044154402309974
2025-08-26 12:00:00,12,1,8,3.9386910879995227
2025-08-26 13:00:00,13,1,8,3.9131364771452573
2025-08-26 14:00:00,14,1,8,3.9722368557607606
2025-08-26 15:00:00,15,1,8,3.557494533181876
2025-08-26 16:00:00,16,1,8,3.4233778010426064
2025-08-26 17:00:00,17,1,8,5.415683024437998
2025-08-26 18:00:00,18,1,8,6.277719059994729
2025-08-26 19:00:00,19,1,8,5.619519112128705
2025-08-26 20:00:00,20,1,8,4.802389094732846
2025-08-26 21:00:00,21,1,8,5.509493992542096
2025-08-26 22:00:00,22,1,8,4.474146420377133
2025-08-26 23:00:00,23,1,8,0.7865044655332635
2025-08-27 00:00:00,0,2,8,1.3938062291545807
2025-08-27 01:00:00,1,2,8,1.159219286603705
2025-08-27 02:00:00,2,2,8,1.2089432547600851
2025-08-27 03:00:00,3,2,8,1.0306596524627059
2025-08-27 04:00:00,4,2,8,1.6195381177313926
2025-08-27 05:00:00,5,2,8,1.6452966839115621
2025-08-27 06:00:00,6,2,8,4.3341480130045555
2025-08-27 07:00:00,7,2,8,3.7380222183957446
2025-08-27 08:00:00,8,2,8,4.714679182462106
2025-08-27 09:00:00,9,2,8,5.938862039123278
2025-08-27 10:00:00,10,2,8,3.253833189619701
2025-08-27 11:00:00,11,2,8,3.5575027866793834
2025-08-27 12:00:00,12,2,8,3.7697042040536126
2025-08-27 13:00:00,13,2,8,3.5140775456445428
2025-08-27 14:00:00,14,2,8,3.0655764289423018
2025-08-27 15:00:00,15,2,8,3.7068035462672126
2025-08-27 16:00:00,16,2,8,3.615003941412484
2025-08-27 17:00:00,17,2,8,6.228997972584539
2025-08-27 18:00:00,18,2,8,5.8302771428746265
2025-08-27 19:00:00,19,2,8,5.517216348340155
2025-08-27 20:00:00,20,2,8,5.520908020966524
2025-08-27 21:00:00,21,2,8,4.6738215256283135
2025-08-27 22:00:00,22,2,8,4.209706797385271
2025-08-27 23:00:00,23,2,8,1.0885117003681077
2025-08-28 00:00:00,0,3,8,1.2828499644691078
2025-08-28 01:00:00,1,3,8,1.5648107514173
2025-08-28 02:00:00,2,3,8,0.7998537648987261
2025-08-28 03:00:00,3,3,8,1.2405354091348955
2025-08-28 04:00:00,4,3,8,1.5746828049945625
2025-08-28 05:00:00,5,3,8,1.3529687973084707
2025-08-28 06:00:00,6,3,8,4.119938299231386
2025-08-28 07:00:00,7,3,8,3.9137304570631617
2025-08-28 08:00:00,8,3,8,4.180608446158022
2025-08-28 09:00:00,9,3,8,5.396698563156903
2025-08-28 10:00:00,10,3,8,3.407110275247508
2025-08-28 11:00:00,11,3,8,3.8799502687251457
2025-08-28 12:00:00,12,3,8,3.9417307486302624
2025-08-28 13:00:00,13,3,8,3.6094399805344812
2025-08-28 14:00:00,14,3,8,3.9307870186478677
2025-08-28 15:00:00,15,3,8,3.305797583670716
2025-08-28 16:00:00,16,3,8,4.117049114980381
2025-08-28 17:00:00,17,3,8,5.707611862056014
2025-08-28 18:00:00,18,3,8,5.809914459266349
2025-08-28 19:00:00,19,3,8,5.083091364781101
2025-08-28 20:00:00,20,3,8,5.339939901690537
2025-08-28 21:00:00,21,3,8,4.617427451487399
2025-08-28 22:00:00,22,3,8,4.231873140371695
2025-08-28 23:00:00,23,3,8,1.542242512343964
2025-08-29 00:00:00,0,4,8,1.0628834972374184
2025-08-29 01:00:00,1,4,8,1.206657778374387
2025-08-29 02:00:00,2,4,8,0.6585808859594116
2025-08-29 03:00:00,3,4,8,0.6390351167523393
2025-08-29 04:00:00,4,4,8,1.482223013036232
2025-08-29 05:00:00,5,4,8,1.6224614578021075
2025-08-29 06:00:00,6,4,8,4.362345301327796
2025-08-29 07:00:00,7,4,8,4.46803661893498
2025-08-29 08:00:00,8,4,8,4.970258703347634
2025-08-29 09:00:00,9,4,8,4.600646988023502
2025-08-29 10:00:00,10,4,8,4.316034947625524
2025-08-29 11:00:00,11,4,8,3.733341311663845
2025-08-29 12:00:00,12,4,8,4.227923527569282
2025-08-29 13:00:00,13,4,8,3.6655633319121494
2025-08-29 14:00:00,14,4,8,4.072092700320539
2025-08-29 15:00:00,15,4,8,3.27790020026676
2025-08-29 16:00:00,16,4,8,3.74148730708369
2025-08-29 17:00:00,17,4,8,6.107610366245667
2025-08-29 18:00:00,18,4,8,5.899904769228009
2025-08-29 19:00:00,19,4,8,5.779189612052039
2025-08-29 20:00:00,20,4,8,4.618755307858106
2025-08-29 21:00:00,21,4,8,4.476203307754881
2025-08-29 22:00:00,22,4,8,4.6222695406548855
2025-08-29 23:00:00,23,4,8,2.040250484142041
2025-08-30 00:00:00,0,5,8,1.7958783267018048
2025-08-30 01:00:00,1,5,8,2.036454447169573
2025-08-30 02:00:00,2,5,8,1.8083226726230055
2025-08-30 03:00:00,3,5,8,2.777860132225862
2025-08-30 04:00:00,4,5,8,1.5404511614340766
2025-08-30 05:00:00,5,5,8,2.5878484178677432
2025-08-30 06:00:00,6,5,8,4.261553818921394
2025-08-30 07:00:00,7,5,8,4.297371371785313
2025-08-30 08:00:00,8,5,8,5.807213388900908
2025-08-30 09:00:00,9,5,8,6.105799118458983
2025-08-30 10:00:00,10,5,8,4.246725396682941
2025-08-30 11:00:00,11,5,8,4.556560469660757
2025-08-30 12:00:00,12,5,8,5.988208513062105
2025-08-30 13:00:00,13,5,8,4.6967299447874264
2025-08-30 14:00:00,14,5,8,4.952938483933632
2025-08-30 15:00:00,15,5,8,4.339292177831106
2025-08-30 16:00:00,16,5,8,4.478753201796063
2025-08-30 17:00:00,17,5,8,6.954706529977753
2025-08-30 18:00:00,18,5,8,6.52402117456189
2025-08-30 19:00:00,19,5,8,7.02755941288013
2025-08-30 20:00:00,20,5,8,6.382645417619954
2025-08-30 21:00:00,21,5,8,5.604698658959692
2025-08-30 22:00:00,22,5,8,4.317655053842592
2025-08-30 23:00:00,23,5,8,1.8565582050223144
2025-08-31 00:00:00,0,6,8,2.9323222863284313
2025-08-31 01:00:00,1,6,8,1.7077353333441168
2025-08-31 02:00:00,2,6,8,2.2923982893878607
2025-08-31 03:00:00,3,6,8,2.577738855104382
2025-08-31 04:00:00,4,6,8,2.326925394562569
2025-08-31 05:00:00,5,6,8,2.2132713472527388
2025-08-31 06:00:00,6,6,8,3.937646499633063
2025-08-31 07:00:00,7,6,8,5.573665283443582
2025-08-31 08:00:00,8,6,8,5.362326166524362
2025-08-31 09:00:00,9,6,8,6.120460180755076
2025-08-31 10:00:00,10,6,8,3.8607320359440758
2025-08-31 11:00:00,11,6,8,4.492943089488577
2025-08-31 12:00:00,12,6,8,4.762376361394024
2025-08-31 13:00:00,13,6,8,4.907437432417719
2025-08-31 14:00:00,14,6,8,4.302959864492637
2025-08-31 15:00:00,15,6,8,5.0778024851811985
2025-08-31 16:00:00,16,6,8,4.121902257887033
2025-08-31 17:00:00,17,6,8,6.380212215818702
2025-08-31 18:00:00,18,6,8,6.644619199668396
2025-08-31 19:00:00,19,6,8,6.313750123610584
2025-08-31 20:00:00,20,6,8,5.9760072056149225
2025-08-31 21:00:00,21,6,8,6.094852961474031
2025-08-31 22:00:00,22,6,8,5.144760293525835
2025-08-31 23:00:00,23,6,8,1.9531140445758337
2025-09-01 00:00:00,0,0,9,0.6098375080731601
2025-09-01 01:00:00,1,0,9,1.3282214011551587
2025-09-01 02:00:00,2,0,9,1.124834886197639
2025-09-01 03:00:00,3,0,9,1.032950803405677
2025-09-01 04:00:00,4,0,9,0.6774699508339931
2025-09-01 05:00:00,5,0,9,2.327764878022035
2025-09-01 06:00:00,6,0,9,3.6206994465637954
2025-09-01 07:00:00,7,0,9,4.263488796252117
2025-09-01 08:00:00,8,0,9,5.031566372084183
2025-09-01 09:00:00,9,0,9,4.771376828553326
2025-09-01 10:00:00,10,0,9,2.963256260478564
2025-09-01 11:00:00,11,0,9,2.949459072596392
2025-09-01 12:00:00,12,0,9,4.2372875205958564
2025-09-01 13:00:00,13,0,9,3.781925502109471
2025-09-01 14:00:00,14,0,9,5.119796776422935
2025-09-01 15:00:00,15,0,9,3.401296079424309
2025-09-01 16:00:00,16,0,9,3.1920797624082526
2025-09-01 17:00:00,17,0,9,6.02384281188584
2025-09-01 18:00:00,18,0,9,5.985482429709177
2025-09-01 19:00:00,19,0,9,5.311918664485876
2025-09-01 20:00:00,20,0,9,5.356704317947223
2025-09-01 21:00:00,21,0,9,4.358564644004538
2025-09-01 22:00:00,22,0,9,3.8867031408347463
2025-09-01 23:00:00,23,0,9,0.4816759985596992
2025-09-02 00:00:00,0,1,9,0.16168159339151877
2025-09-02 01:00:00,1,1,9,0.7927723922099773
2025-09-02 02:00:00,2,1,9,0.9307191356091087
2025-09-02 03:00:00,3,1,9,0.9483870833300687
2025-09-02 04:00:00,4,1,9,1.9367021470950434
2025-09-02 05:00:00,5,1,9,2.241212083843254
2025-09-02 06:00:00,6,1,9,3.9778502373684175
2025-09-02 07:00:00,7,1,9,3.782431554723215
2025-09-02 08:00:00,8,1,9,4.661546524431761
2025-09-02 09:00:00,9,1,9,5.010071442433175
2025-09-02 10:00:00,10,1,9,3.2978061868685984
2025-09-02 11:00:00,11,1,9,3.51995054411736
2025-09-02 12:00:00,12,1,9,3.68750358114368
2025-09-02 13:00:00,13,1,9,3.845383353640896
2025-09-02 14:00:00,14,1,9,3.69467229990738
2025-09-02 15:00:00,15,1,9,3.882367109126895
2025-09-02 16:00:00,16,1,9,3.7048076581417657
2025-09-02 17:00:00,17,1,9,5.885741965127004
2025-09-02 18:00:00,18,1,9,6.396654698056595
2025-09-02 19:00:00,19,1,9,5.107975079263754
2025-09-02 20:00:00,20,1,9,4.464651186820084
2025-09-02 21:00:00,21,1,9,4.90231122854602
2025-09-02 22:00:00,22,1,9,4.112376574454443
2025-09-02 23:00:00,23,1,9,1.3294784826262975
2025-09-03 00:00:00,0,2,9,0.1
2025-09-03 01:00:00,1,2,9,1.556982376593227
2025-09-03 02:00:00,2,2,9,1.3200286237825583
2025-09-03 03:00:00,3,2,9,0.6007712746581413
2025-09-03 04:00:00,4,2,9,0.8478289786816643
2025-09-03 05:00:00,5,2,9,2.418906361639011
2025-09-03 06:00:00,6,2,9,3.816819470947035
2025-09-03 07:00:00,7,2,9,4.16632606050695
2025-09-03 08:00:00,8,2,9,3.9818077299940686
2025-09-03 09:00:00,9,2,9,5.109688717759378
2025-09-03 10:00:00,10,2,9,3.46957232584552
2025-09-03 11:00:00,11,2,9,4.0852353443844525
2025-09-03 12:00:00,12,2,9,3.389257368159812
2025-09-03 13:00:00,13,2,9,3.3918852831037563
2025-09-03 14:00:00,14,2,9,4.129273793344193
2025-09-03 15:00:00,15,2,9,4.201730134167484
2025-09-03 16:00:00,16,2,9,2.9321992313326684
2025-09-03 17:00:00,17,2,9,6.682605634519897
2025-09-03 18:00:00,18,2,9,5.90324530424851
2025-09-03 19:00:00,19,2,9,5.936722135629858
2025-09-03 20:00:00,20,2,9,5.083683287739172
2025-09-03 21:00:00,21,2,9,3.7410888330048198
2025-09-03 22:00:00,22,2,9,4.378552875293764
2025-09-03 23:00:00,23,2,9,1.6250194217918503
2025-09-04 00:00:00,0,3,9,0.6936128529329117
2025-09-04 01:00:00,1,3,9,0.8448140124370191
2025-09-04 02:00:00,2,3,9,0.9806578591460061
2025-09-04 03:00:00,3,3,9,0.1
2025-09-04 04:00:00,4,3,9,2.107878858395169
2025-09-04 05:00:00,5,3,9,1.3894497280411302
2025-09-04 06:00:00,6,3,9,4.314065605335338
2025-09-04 07:00:00,7,3,9,4.465319545540717
2025-09-04 08:00:00,8,3,9,5.391276190197526
2025-09-04 09:00:00,9,3,9,5.412422448971232
2025-09-04 10:00:00,10,3,9,3.4666904631714317
2025-09-04 11:00:00,11,3,9,3.441632068668946
2025-09-04 12:00:00,12,3,9,4.268029019986458
2025-09-04 13:00:00,13,3,9,3.250623478418153
2025-09-04 14:00:00,14,3,9,4.207244907543959
2025-09-04 15:00:00,15,3,9,3.359420205054709
2025-09-04 16:00:00,16,3,9,4.0615736365624775
2025-09-04 17:00:00,17,3,9,6.3145198170650785
2025-09-04 18:00:00,18,3,9,6.145878074793825
2025-09-04 19:00:00,19,3,9,5.532795525529888
2025-09-04 20:00:00,20,3,9,4.41082059428982
2025-09-04 21:00:00,21,3,9,4.405708334641865
2025-09-04 22:00:00,22,3,9,4.708295563264732
2025-09-04 23:00:00,23,3,9,1.26762422126728
2025-09-05 00:00:00,0,4,9,1.5235072226886663
2025-09-05 01:00:00,1,4,9,1.1613098252148686
2025-09-05 02:00:00,2,4,9,0.6644305042853336
2025-09-05 03:00:00,3,4,9,0.8825362392350884
2025-09-05 04:00:00,4,4,9,1.4805067844294735
2025-09-05 05:00:00,5,4,9,0.8243823735999578
2025-09-05 06:00:00,6,4,9,4.781148186595413
2025-09-05 07:00:00,7,4,9,4.676698694551023
2025-09-05 08:00:00,8,4,9,5.379042406473331
2025-09-05 09:00:00,9,4,9,4.6177584236763325
2025-09-05 10:00:00,10,4,9,4.058486235921924
2025-09-05 11:00:00,11,4,9,4.691637670087758
2025-09-05 12:00:00,12,4,9,3.4205373972826756
2025-09-05 13:00:00,13,4,9,4.308560717961507
2025-09-05 14:00:00,14,4,9,3.9493327173085198
2025-09-05 15:00:00,15,4,9,3.18126456637736
2025-09-05 16:00:00,16,4,9,3.7578137605205693
2025-09-05 17:00:00,17,4,9,6.583441281934939
2025-09-05 18:00:00,18,4,9,5.647777946586243
2025-09-05 19:00:00,19,4,9,5.966366608102089
2025-09-05 20:00:00,20,4,9,4.445066069630539
2025-09-05 21:00:00,21,4,9,4.152097541420142
2025-09-05 22:00:00,22,4,9,4.49397878645568
2025-09-05 23:00:00,23,4,9,1.211116005512251
2025-09-06 00:00:00,0,5,9,1.5644818651967554
2025-09-06 01:00:00,1,5,9,2.1238377743887544
2025-09-06 02:00:00,2,5,9,2.063468986252777
2025-09-06 03:00:00,3,5,9,2.3442175226969484
2025-09-06 04:00:00,4,5,9,2.1900852540792717
2025-09-06 05:00:00,5,5,9,2.791032107191336
2025-09-06 06:00:00,6,5,9,4.733511311134221
2025-09-06 07:00:00,7,5,9,6.121527476034638
2025-09-06 08:00:00,8,5,9,5.363210259604987
2025-09-06 09:00:00,9,5,9,6.892118971783325
2025-09-06 10:00:00,10,5,9,4.374615350615585
2025-09-06 11:00:00,11,5,9,4.048833749849161
2025-09-06 12:00:00,12,5,9,5.296120479629042
2025-09-06 13:00:00,13,5,9,4.850360555357984
2025-09-06 14:00:00,14,5,9,5.089338378785698
2025-09-06 15:00:00,15,5,9,5.088580473093695
2025-09-06 16:00:00,16,5,9,4.495842393437832
2025-09-06 17:00:00,17,5,9,6.813103662074874
2025-09-06 18:00:00,18,5,9,7.078513918721481
2025-09-06 19:00:00,19,5,9,6.300302202981838
2025-09-06 20:00:00,20,5,9,6.186114559789586
2025-09-06 21:00:00,21,5,9,4.688507770483415
2025-09-06 22:00:00,22,5,9,5.418132515024119
2025-09-06 23:00:00,23,5,9,1.74552756426533
2025-09-07 00:00:00,0,6,9,2.5124351154378095
2025-09-07 01:00:00,1,6,9,2.049234939155638
2025-09-07 02:00:00,2,6,9,1.9470543589061162
2025-09-07 03:00:00,3,6,9,2.1954858916634303
2025-09-07 04:00:00,4,6,9,1.8399634870694914
2025-09-07 05:00:00,5,6,9,3.1993026762112216
2025-09-07 06:00:00,6,6,9,5.70831959971298
2025-09-07 07:00:00,7,6,9,5.457165404219286
2025-09-07 08:00:00,8,6,9,6.324389995083237
2025-09-07 09:00:00,9,6,9,5.8223407205309865
2025-09-07 10:00:00,10,6,9,4.041814745289829
2025-09-07 11:00:00,11,6,9,4.615408005168227
2025-09-07 12:00:00,12,6,9,4.922865154780762
2025-09-07 13:00:00,13,6,9,4.642405327502751
2025-09-07 14:00:00,14,6,9,4.963996015580996
2025-09-07 15:00:00,15,6,9,4.721593898506024
2025-09-07 16:00:00,16,6,9,3.9613374616634
2025-09-07 17:00:00,17,6,9,7.257517206980689
2025-09-07 18:00:00,18,6,9,7.03363986466239
2025-09-07 19:00:00,19,6,9,6.368587727036156
2025-09-07 20:00:00,20,6,9,6.3728306736508955
2025-09-07 21:00:00,21,6,9,5.063038482601219
2025-09-07 22:00:00,22,6,9,5.426519997072919
2025-09-07 23:00:00,23,6,9,1.5328496117646324
2025-09-08 00:00:00,0,0,9,0.6054787172731624
2025-09-08 01:00:00,1,0,9,0.747627666504884
2025-09-08 02:00:00,2,0,9,0.6742871871366996
2025-09-08 03:00:00,3,0,9,0.9817635668268869
2025-09-08 04:00:00,4,0,9,1.3536797039357031
2025-09-08 05:00:00,5,0,9,2.0848617945325536
2025-09-08 06:00:00,6,0,9,3.9833078168639373
2025-09-08 07:00:00,7,0,9,3.8657497172921627
2025-09-08 08:00:00,8,0,9,5.344255706251846
2025-09-08 09:00:00,9,0,9,4.915163946553984
2025-09-08 10:00:00,10,0,9,3.53717200093797
2025-09-08 11:00:00,11,0,9,3.9776527084529425
2025-09-08 12:00:00,12,0,9,4.0287329067947155
2025-09-08 13:00:00,13,0,9,4.437671819008591
2025-09-08 14:00:00,14,0,9,4.1404899967907065
2025-09-08 15:00:00,15,0,9,3.4545142737978147
2025-09-08 16:00:00,16,0,9,4.432085041376486
2025-09-08 17:00:00,17,0,9,6.327733385335294
2025-09-08 18:00:00,18,0,9,5.829292477005179
2025-09-08 19:00:00,19,0,9,5.885570169222229
2025-09-08 20:00:00,20,0,9,5.211551810718247
2025-09-08 21:00:00,21,0,9,4.909691277175731
2025-09-08 22:00:00,22,0,9,5.436213427660454
2025-09-08 23:00:00,23,0,9,1.0909133230213235
2025-09-09 00:00:00,0,1,9,0.9240069029594391
2025-09-09 01:00:00,1,1,9,1.0466314048049856
2025-09-09 02:00:00,2,1,9,1.479717634798813
2025-09-09 03:00:00,3,1,9,0.5983482822471823
2025-09-09 04:00:00,4,1,9,0.6531174716295765
2025-09-09 05:00:00,5,1,9,1.515153891751941
2025-09-09 06:00:00,6,1,9,3.4582022487225035
2025-09-09 07:00:00,7,1,9,4.330067460989745
2025-09-09 08:00:00,8,1,9,5.089228446105498
2025-09-09 09:00:00,9,1,9,4.893700454579094
2025-09-09 10:00:00,10,1,9,2.9899295410672844
2025-09-09 11:00:00,11,1,9,3.8267729703627973
2025-09-09 12:00:00,12,1,9,4.293906133279671
2025-09-09 13:00:00,13,1,9,3.322010624593355
2025-09-09 14:00:00,14,1,9,4.276981698755996
2025-09-09 15:00:00,15,1,9,4.125960587171988
2025-09-09 16:00:00,16,1,9,3.9422942126424725
2025-09-09 17:00:00,17,1,9,6.737392085948675
2025-09-09 18:00:00,18,1,9,6.769034137517628
2025-09-09 19:00:00,19,1,9,5.357563180552378
2025-09-09 20:00:00,20,1,9,5.155600064377362
2025-09-09 21:00:00,21,1,9,4.58342462670079
2025-09-09 22:00:00,22,1,9,4.4401305661225035
2025-09-09 23:00:00,23,1,9,1.814111236577867
2025-09-10 00:00:00,0,2,9,0.51310546699413
2025-09-10 01:00:00,1,2,9,0.6555801311337698
2025-09-10 02:00:00,2,2,9,1.6019836351682222
2025-09-10 03:00:00,3,2,9,1.608976497084178
2025-09-10 04:00:00,4,2,9,1.2940871694933473
2025-09-10 05:00:00,5,2,9,2.091760800448288
2025-09-10 06:00:00,6,2,9,4.248257769343032
2025-09-10 07:00:00,7,2,9,5.1001098436003955
2025-09-10 08:00:00,8,2,9,4.918032405184491
2025-09-10 09:00:00,9,2,9,5.660252845549033
2025-09-10 10:00:00,10,2,9,4.617464935976869
2025-09-10 11:00:00,11,2,9,4.038277767695645
2025-09-10 12:00:00,12,2,9,3.96862000575154
2025-09-10 13:00:00,13,2,9,4.288978794088392
2025-09-10 14:00:00,14,2,9,3.8027763961520487
2025-09-10 15:00:00,15,2,9,4.754225187886551
2025-09-10 16:00:00,16,2,9,3.632688586858214
2025-09-10 17:00:00,17,2,9,6.140826671909795
2025-09-10 18:00:00,18,2,9,5.553952965645767
2025-09-10 19:00:00,19,2,9,5.938888076642575
2025-09-10 20:00:00,20,2,9,5.458646397477314
2025-09-10 21:00:00,21,2,9,4.5510582514343625
2025-09-10 22:00:00,22,2,9,4.669920366269148
2025-09-10 23:00:00,23,2,9,0.5975395070381996
2025-09-11 00:00:00,0,3,9,1.12509949059566
2025-09-11 01:00:00,1,3,9,1.181102540830678
2025-09-11 02:00:00,2,3,9,1.7340431843900865
2025-09-11 03:00:00,3,3,9,0.8926343732318662
2025-09-11 04:00:00,4,3,9,0.9279987766992488
2025-09-11 05:00:00,5,3,9,1.3918288156299834
2025-09-11 06:00:00,6,3,9,3.5771440322202506
2025-09-11 07:00:00,7,3,9,5.034662943103593
2025-09-11 08:00:00,8,3,9,5.507684285663396
2025-09-11 09:00:00,9,3,9,5.3780866311795315
2025-09-11 10:00:00,10,3,9,4.049178150053881
2025-09-11 11:00:00,11,3,9,3.8526214579087523
2025-09-11 12:00:00,12,3,9,3.910844080353296
2025-09-11 13:00:00,13,3,9,3.866784952378495
2025-09-11 14:00:00,14,3,9,3.824732342882576
2025-09-11 15:00:00,15,3,9,3.1799174831530452
2025-09-11 16:00:00,16,3,9,3.666362077222757
2025-09-11 17:00:00,17,3,9,6.233866435914383
2025-09-11 18:00:00,18,3,9,6.1863728572849315
2025-09-11 19:00:00,19,3,9,5.537409398575444
2025-09-11 20:00:00,20,3,9,5.046689951718582
2025-09-11 21:00:00,21,3,9,4.401522787996948
2025-09-11 22:00:00,22,3,9,4.468201122948884
2025-09-11 23:00:00,23,3,9,1.496256786649807
2025-09-12 00:00:00,0,4,9,0.5937756641328531
2025-09-12 01:00:00,1,4,9,1.0349895014722956
2025-09-12 02:00:00,2,4,9,1.144328441178191
2025-09-12 03:00:00,3,4,9,0.9137359808760362
2025-09-12 04:00:00,4,4,9,1.2041973062569784
2025-09-12 05:00:00,5,4,9,1.8422443395064858
2025-09-12 06:00:00,6,4,9,3.6584030250291693
2025-09-12 07:00:00,7,4,9,4.639969486099757
2025-09-12 08:00:00,8,4,9,4.530086818190101
2025-09-12 09:00:00,9,4,9,5.675141477213287
2025-09-12 10:00:00,10,4,9,4.495791269935141
2025-09-12 11:00:00,11,4,9,3.45473538499593
2025-09-12 12:00:00,12,4,9,4.162571884383472
2025-09-12 13:00:00,13,4,9,3.7093032380471924
2025-09-12 14:00:00,14,4,9,4.365270408952719
2025-09-12 15:00:00,15,4,9,3.292934742042572
2025-09-12 16:00:00,16,4,9,3.7528948751509064
2025-09-12 17:00:00,17,4,9,5.900804413244259
2025-09-12 18:00:00,18,4,9,5.805434732014434
2025-09-12 19:00:00,19,4,9,5.087589889941077
2025-09-12 20:00:00,20,4,9,5.44071162070452
2025-09-12 21:00:00,21,4,9,4.415207858224165
2025-09-12 22:00:00,22,4,9,4.66012553195291
2025-09-12 23:00:00,23,4,9,1.063322683018409
2025-09-13 00:00:00,0,5,9,1.8053223118468524
2025-09-13 01:00:00,1,5,9,1.8591023629600514
2025-09-13 02:00:00,2,5,9,1.546381391902858
2025-09-13 03:00:00,3,5,9,2.0851087397396966
2025-09-13 04:00:00,4,5,9,2.851473653961943
2025-09-13 05:00:00,5,5,9,2.238762085666914
2025-09-13 06:00:00,6,5,9,5.380495489655756
2025-09-13 07:00:00,7,5,9,5.899239053395114
2025-09-13 08:00:00,8,5,9,5.361766572042564
2025-09-13 09:00:00,9,5,9,5.467978157963779
2025-09-13 10:00:00,10,5,9,4.481444531848528
2025-09-13 11:00:00,11,5,9,4.380075096569908
2025-09-13 12:00:00,12,5,9,5.496330027098804
2025-09-13 13:00:00,13,5,9,4.813923016199933
2025-09-13 14:00:00,14,5,9,4.42800897621953
2025-09-13 15:00:00,15,5,9,4.140174301271974
2025-09-13 16:00:00,16,5,9,4.796622155416154
2025-09-13 17:00:00,17,5,9,6.821526410366325
2025-09-13 18:00:00,18,5,9,6.705760087437953
2025-09-13 19:00:00,19,5,9,6.6823210980449925
2025-09-13 20:00:00,20,5,9,5.718068091573886
2025-09-13 21:00:00,21,5,9,5.531628468503936
2025-09-13 22:00:00,22,5,9,5.232712464291171
2025-09-13 23:00:00,23,5,9,2.274291698929779
2025-09-14 00:00:00,0,6,9,2.0874089947705277
2025-09-14 01:00:00,1,6,9,1.7119545074980687
2025-09-14 02:00:00,2,6,9,1.8765708851650047
2025-09-14 03:00:00,3,6,9,1.8522502897139463
2025-09-14 04:00:00,4,6,9,1.6482948654524008
2025-09-14 05:00:00,5,6,9,2.6530403429592515
2025-09-14 06:00:00,6,6,9,5.668648136679446
2025-09-14 07:00:00,7,6,9,4.946512343723574
2025-09-14 08:00:00,8,6,9,5.3790166838127
2025-09-14 09:00:00,9,6,9,5.701708891342503
2025-09-14 10:00:00,10,6,9,4.650496883269071
2025-09-14 11:00:00,11,6,9,4.778432287355234
2025-09-14 12:00:00,12,6,9,4.68547366246702
2025-09-14 13:00:00,13,6,9,4.432792375344414
2025-09-14 14:00:00,14,6,9,4.7858394560895725
2025-09-14 15:00:00,15,6,9,3.973189254742336
2025-09-14 16:00:00,16,6,9,4.418030798522819
2025-09-14 17:00:00,17,6,9,7.398609754435173
2025-09-14 18:00:00,18,6,9,6.18774891300031
2025-09-14 19:00:00,19,6,9,5.686992689268134
2025-09-14 20:00:00,20,6,9,6.543546589024162
2025-09-14 21:00:00,21,6,9,5.305296144198166
2025-09-14 22:00:00,22,6,9,5.693718966597707
2025-09-14 23:00:00,23,6,9,1.9393628282442097
2025-09-15 00:00:00,0,0,9,0.9863293337898665
2025-09-15 01:00:00,1,0,9,1.1753650797986581
2025-09-15 02:00:00,2,0,9,0.6975117178678212
2025-09-15 03:00:00,3,0,9,1.2539607517216003
2025-09-15 04:00:00,4,0,9,1.2867440622905415
2025-09-15 05:00:00,5,0,9,1.2218026226379872
2025-09-15 06:00:00,6,0,9,4.246764262236778
2025-09-15 07:00:00,7,0,9,4.394676877248833
2025-09-15 08:00:00,8,0,9,4.825418636275899
2025-09-15 09:00:00,9,0,9,4.765935622634337
2025-09-15 10:00:00,10,0,9,4.197220318884943
2025-09-15 11:00:00,11,0,9,4.149723780231104
2025-09-15 12:00:00,12,0,9,4.334551093102394
2025-09-15 13:00:00,13,0,9,3.8778221190233273
2025-09-15 14:00:00,14,0,9,3.2572155836322345
2025-09-15 15:00:00,15,0,9,4.580205058672462
2025-09-15 16:00:00,16,0,9,3.536221168577474
2025-09-15 17:00:00,17,0,9,5.950480081591978
2025-09-15 18:00:00,18,0,9,6.054949197447027
2025-09-15 19:00:00,19,0,9,5.966848315201319
2025-09-15 20:00:00,20,0,9,5.102551209912032
2025-09-15 21:00:00,21,0,9,5.26143006717575
2025-09-15 22:00:00,22,0,9,4.8725398036269265
2025-09-15 23:00:00,23,0,9,0.7704094193625188
2025-09-16 00:00:00,0,1,9,0.7815952183026069
2025-09-16 01:00:00,1,1,9,1.383014865311907
2025-09-16 02:00:00,2,1,9,0.1
2025-09-16 03:00:00,3,1,9,1.1411796170573465
2025-09-16 04:00:00,4,1,9,0.8670073475703098
2025-09-16 05:00:00,5,1,9,1.5593784794265901
2025-09-16 06:00:00,6,1,9,3.992243396734537
2025-09-16 07:00:00,7,1,9,4.356702248836997
2025-09-16 08:00:00,8,1,9,4.667324066808738
2025-09-16 09:00:00,9,1,9,4.811142540148475
2025-09-16 10:00:00,10,1,9,4.477424678507296
2025-09-16 11:00:00,11,1,9,4.546022907341198
2025-09-16 12:00:00,12,1,9,3.4840624113310894
2025-09-16 13:00:00,13,1,9,4.632846700521426
2025-09-16 14:00:00,14,1,9,3.789102543244461
2025-09-16 15:00:00,15,1,9,3.850713095009342
2025-09-16 16:00:00,16,1,9,3.535350587821055
2025-09-16 17:00:00,17,1,9,5.986100543498414
2025-09-16 18:00:00,18,1,9,6.28176950509624
2025-09-16 19:00:00,19,1,9,5.550354612230663
2025-09-16 20:00:00,20,1,9,4.9211508630585215
2025-09-16 21:00:00,21,1,9,4.228164222479811
2025-09-16 22:00:00,22,1,9,4.081901822732531
2025-09-16 23:00:00,23,1,9,0.5444098480825035
2025-09-17 00:00:00,0,2,9,1.0560006799324653
2025-09-17 01:00:00,1,2,9,0.5213337630862416
2025-09-17 02:00:00,2,2,9,0.944887055558981
2025-09-17 03:00:00,3,2,9,1.7490026357674904
2025-09-17 04:00:00,4,2,9,1.9190596573888128
2025-09-17 05:00:00,5,2,9,1.7370892423589528
2025-09-17 06:00:00,6,2,9,4.076937541888959
2025-09-17 07:00:00,7,2,9,5.251949819768403
2025-09-17 08:00:00,8,2,9,5.096531015797266
2025-09-17 09:00:00,9,2,9,5.118877416049391
2025-09-17 10:00:00,10,2,9,2.9902529249316405
2025-09-17 11:00:00,11,2,9,3.9565873929425552
2025-09-17 12:00:00,12,2,9,4.280618248466747
2025-09-17 13:00:00,13,2,9,3.7473393901945427
2025-09-17 14:00:00,14,2,9,4.065369841488815
2025-09-17 15:00:00,15,2,9,3.6536087877106462
2025-09-17 16:00:00,16,2,9,3.4870472121002205
2025-09-17 17:00:00,17,2,9,5.254871176975067
2025-09-17 18:00:00,18,2,9,5.799516006167328
2025-09-17 19:00:00,19,2,9,5.887747720963222
2025-09-17 20:00:00,20,2,9,4.859210410119595
2025-09-17 21:00:00,21,2,9,4.771010547286126
2025-09-17 22:00:00,22,2,9,4.1369595455434105
2025-09-17 23:00:00,23,2,9,1.3451385648404515
2025-09-18 00:00:00,0,3,9,0.964501981551928
2025-09-18 01:00:00,1,3,9,0.6243033837271972
2025-09-18 02:00:00,2,3,9,1.5841318476324486
2025-09-18 03:00:00,3,3,9,1.5725346997362282
2025-09-18 04:00:00,4,3,9,1.1973771226489087
2025-09-18 05:00:00,5,3,9,1.949115323767111
2025-09-18 06:00:00,6,3,9,4.326736233474371
2025-09-18 07:00:00,7,3,9,4.75692049400447
2025-09-18 08:00:00,8,3,9,4.21052620925575
2025-09-18 09:00:00,9,3,9,5.652642616413051
2025-09-18 10:00:00,10,3,9,3.332780586609529
2025-09-18 11:00:00,11,3,9,3.655906932300151
2025-09-18 12:00:00,12,3,9,5.004041440337683
2025-09-18 13:00:00,13,3,9,4.120749352288405
2025-09-18 14:00:00,14,3,9,3.794359749254732
2025-09-18 15:00:00,15,3,9,2.9169203565742956
2025-09-18 16:00:00,16,3,9,4.1165658253583635
2025-09-18 17:00:00,17,3,9,5.711916131676559
2025-09-18 18:00:00,18,3,9,5.48685300625398
2025-09-18 19:00:00,19,3,9,5.367459080364861
2025-09-18 20:00:00,20,3,9,5.678336149026335
2025-09-18 21:00:00,21,3,9,5.059295994666304
2025-09-18 22:00:00,22,3,9,4.376204824284075
2025-09-18 23:00:00,23,3,9,1.3242787197788706
2025-09-19 00:00:00,0,4,9,0.8109569834179552
2025-09-19 01:00:00,1,4,9,1.0558614758261404
2025-09-19 02:00:00,2,4,9,1.0804459584776522
2025-09-19 03:00:00,3,4,9,1.5884698525958834
2025-09-19 04:00:00,4,4,9,1.8262110771957585
2025-09-19 05:00:00,5,4,9,1.947590952882258
2025-09-19 06:00:00,6,4,9,3.9668324093277776
2025-09-19 07:00:00,7,4,9,4.796728917756051
2025-09-19 08:00:00,8,4,9,4.851441181172563
2025-09-19 09:00:00,9,4,9,4.817234252514747
2025-09-19 10:00:00,10,4,9,3.399345055015446
2025-09-19 11:00:00,11,4,9,3.8328488991903877
2025-09-19 12:00:00,12,4,9,4.312975052899501
2025-09-19 13:00:00,13,4,9,3.9265887311371386
2025-09-19 14:00:00,14,4,9,3.46520925493776
2025-09-19 15:00:00,15,4,9,3.8217347789953857
2025-09-19 16:00:00,16,4,9,3.6060425878024422
2025-09-19 17:00:00,17,4,9,6.324335051561102
2025-09-19 18:00:00,18,4,9,6.256177174035553
2025-09-19 19:00:00,19,4,9,5.907569296035959
2025-09-19 20:00:00,20,4,9,4.874087083393552
2025-09-19 21:00:00,21,4,9,4.503542616780423
2025-09-19 22:00:00,22,4,9,4.02326034383799
2025-09-19 23:00:00,23,4,9,1.4804881624355328
2025-09-20 00:00:00,0,5,9,2.4306393039014837
2025-09-20 01:00:00,1,5,9,1.6739672288364307
2025-09-20 02:00:00,2,5,9,1.7545390346764003
2025-09-20 03:00:00,3,5,9,2.587674917082932
2025-09-20 04:00:00,4,5,9,2.441562969506182
2025-09-20 05:00:00,5,5,9,2.724494281920422
2025-09-20 06:00:00,6,5,9,4.4354048299567275
2025-09-20 07:00:00,7,5,9,5.571491227711768
2025-09-20 08:00:00,8,5,9,5.316574031449878
2025-09-20 09:00:00,9,5,9,5.596391925626016
2025-09-20 10:00:00,10,5,9,4.221951541073137
2025-09-20 11:00:00,11,5,9,4.364721016297182
2025-09-20 12:00:00,12,5,9,4.6602488616795865
2025-09-20 13:00:00,13,5,9,4.2236073461900325
2025-09-20 14:00:00,14,5,9,5.132415262020672
2025-09-20 15:00:00,15,5,9,5.05011262348323
2025-09-20 16:00:00,16,5,9,3.581723182123496
2025-09-20 17:00:00,17,5,9,7.44138312226662
2025-09-20 18:00:00,18,5,9,6.364017115725131
2025-09-20 19:00:00,19,5,9,6.642790214793115
2025-09-20 20:00:00,20,5,9,5.884392835279652
2025-09-20 21:00:00,21,5,9,5.561510225632399
2025-09-20 22:00:00,22,5,9,5.165300768451691
2025-09-20 23:00:00,23,5,9,2.485813576016737
2025-09-21 00:00:00,0,6,9,1.355276055556386
2025-09-21 01:00:00,1,6,9,2.0431361354940036
2025-09-21 02:00:00,2,6,9,2.291643326522218
2025-09-21 03:00:00,3,6,9,2.287497926539506
2025-09-21 04:00:00,4,6,9,3.169219393949546
2025-09-21 05:00:00,5,6,9,2.33842129491012
2025-09-21 06:00:00,6,6,9,5.294693361383631
2025-09-21 07:00:00,7,6,9,5.257563745863432
2025-09-21 08:00:00,8,6,9,6.181590998194849
2025-09-21 09:00:00,9,6,9,6.046924401711452
2025-09-21 10:00:00,10,6,9,4.205509859034834
2025-09-21 11:00:00,11,6,9,5.121466987225309
2025-09-21 12:00:00,12,6,9,4.5522639638260305
2025-09-21 13:00:00,13,6,9,4.234909696439777
2025-09-21 14:00:00,14,6,9,4.542149986164071
2025-09-21 15:00:00,15,6,9,4.84665128431207
2025-09-21 16:00:00,16,6,9,4.917475672414659
2025-09-21 17:00:00,17,6,9,7.094451750118605
2025-09-21 18:00:00,18,6,9,7.215507394547392
2025-09-21 19:00:00,19,6,9,5.756730031408963
2025-09-21 20:00:00,20,6,9,5.734466046419057
2025-09-21 21:00:00,21,6,9,5.434569953138359
2025-09-21 22:00:00,22,6,9,5.193516057231171
2025-09-21 23:00:00,23,6,9,2.034599649623421
2025-09-22 00:00:00,0,0,9,1.3274756435232746
2025-09-22 01:00:00,1,0,9,0.8220772647318039
2025-09-22 02:00:00,2,0,9,1.1067227353476476
2025-09-22 03:00:00,3,0,9,1.1829127381937212
2025-09-22 04:00:00,4,0,9,1.0689838666637186
2025-09-22 05:00:00,5,0,9,1.7045333243674259
2025-09-22 06:00:00,6,0,9,4.054307620387371
2025-09-22 07:00:00,7,0,9,4.4339677739987815
2025-09-22 08:00:00,8,0,9,4.900932350286362
2025-09-22 09:00:00,9,0,9,5.280269416245354
2025-09-22 10:00:00,10,0,9,3.3877421001368893
2025-09-22 11:00:00,11,0,9,4.308123999265164
2025-09-22 12:00:00,12,0,9,3.4810964877523958
2025-09-22 13:00:00,13,0,9,3.7116119566120416
2025-09-22 14:00:00,14,0,9,5.060874189123025
2025-09-22 15:00:00,15,0,9,3.3838415636809662
2025-09-22 16:00:00,16,0,9,3.019158301895918
2025-09-22 17:00:00,17,0,9,6.543790698000487
2025-09-22 18:00:00,18,0,9,5.057380626144232
2025-09-22 19:00:00,19,0,9,5.405890436011024
2025-09-22 20:00:00,20,0,9,5.970101402376814
2025-09-22 21:00:00,21,0,9,4.13202563113864
2025-09-22 22:00:00,22,0,9,3.646554033924694
2025-09-22 23:00:00,23,0,9,0.6012894135402629
2025-09-23 00:00:00,0,1,9,1.4104550879051918
2025-09-23 01:00:00,1,1,9,1.449910687994325
2025-09-23 02:00:00,2,1,9,0.846075741774994
2025-09-23 03:00:00,3,1,9,1.4742468559237696
2025-09-23 04:00:00,4,1,9,1.9954419592249746
2025-09-23 05:00:00,5,1,9,2.4649385657719303
2025-09-23 06:00:00,6,1,9,4.013237319874279
2025-09-23 07:00:00,7,1,9,3.579411312932005
2025-09-23 08:00:00,8,1,9,4.559876998689907
2025-09-23 09:00:00,9,1,9,5.079278322025897
2025-09-23 10:00:00,10,1,9,3.457084653148465
2025-09-23 11:00:00,11,1,9,3.72389434527317
2025-09-23 12:00:00,12,1,9,4.39644657860587
2025-09-23 13:00:00,13,1,9,4.509771370675033
2025-09-23 14:00:00,14,1,9,3.8802192778636893
2025-09-23 15:00:00,15,1,9,4.238432056097386
2025-09-23 16:00:00,16,1,9,3.703724718432257
2025-09-23 17:00:00,17,1,9,6.275802389145029
2025-09-23 18:00:00,18,1,9,6.250846230497767
2025-09-23 19:00:00,19,1,9,5.528900819295166
2025-09-23 20:00:00,20,1,9,5.934895903185323
2025-09-23 21:00:00,21,1,9,4.174635533282176
2025-09-23 22:00:00,22,1,9,4.233271468583372
2025-09-23 23:00:00,23,1,9,1.150354335541762
2025-09-24 00:00:00,0,2,9,1.2268923367495936
2025-09-24 01:00:00,1,2,9,1.5071841948412357
2025-09-24 02:00:00,2,2,9,1.0413518336719347
2025-09-24 03:00:00,3,2,9,0.6320700345208591
2025-09-24 04:00:00,4,2,9,1.7763453868021803
2025-09-24 05:00:00,5,2,9,2.0519835064567857
2025-09-24 06:00:00,6,2,9,3.335027968594456
2025-09-24 07:00:00,7,2,9,4.49847834653168
2025-09-24 08:00:00,8,2,9,4.252171835381662
2025-09-24 09:00:00,9,2,9,4.984139560999175
2025-09-24 10:00:00,10,2,9,3.1995366009947013
2025-09-24 11:00:00,11,2,9,4.122743984973452
2025-09-24 12:00:00,12,2,9,3.995620809102476
2025-09-24 13:00:00,13,2,9,3.485763599697589
2025-09-24 14:00:00,14,2,9,4.300915124616539
2025-09-24 15:00:00,15,2,9,3.225515776105292
2025-09-24 16:00:00,16,2,9,3.692705687968199
2025-09-24 17:00:00,17,2,9,5.924395732283378
2025-09-24 18:00:00,18,2,9,5.7419577346415736
2025-09-24 19:00:00,19,2,9,5.701708299215354
2025-09-24 20:00:00,20,2,9,5.32035119197003
2025-09-24 21:00:00,21,2,9,5.284787629422384
2025-09-24 22:00:00,22,2,9,4.406438348351598
2025-09-24 23:00:00,23,2,9,1.3235422395086784
2025-09-25 00:00:00,0,3,9,0.8760163316046676
2025-09-25 01:00:00,1,3,9,1.0727959530491191
2025-09-25 02:00:00,2,3,9,1.2269056797698021
2025-09-25 03:00:00,3,3,9,1.1616379553415916
2025-09-25 04:00:00,4,3,9,0.71783963458318
2025-09-25 05:00:00,5,3,9,1.8825883585323582
2025-09-25 06:00:00,6,3,9,4.257596023288401
2025-09-25 07:00:00,7,3,9,4.227930609460819
2025-09-25 08:00:00,8,3,9,4.374473753224776
2025-09-25 09:00:00,9,3,9,5.840351660201586
2025-09-25 10:00:00,10,3,9,3.757238376137582
2025-09-25 11:00:00,11,3,9,3.707405693307974
2025-09-25 12:00:00,12,3,9,3.4940755861746076
2025-09-25 13:00:00,13,3,9,3.6712740686314618
2025-09-25 14:00:00,14,3,9,4.469924898148095
2025-09-25 15:00:00,15,3,9,3.8541028820238763
2025-09-25 16:00:00,16,3,9,3.340425344979539
2025-09-25 17:00:00,17,3,9,6.453875692489863
2025-09-25 18:00:00,18,3,9,5.562469292675252
2025-09-25 19:00:00,19,3,9,6.1003372121121515
2025-09-25 20:00:00,20,3,9,5.652891646304909
2025-09-25 21:00:00,21,3,9,4.563370371518889
2025-09-25 22:00:00,22,3,9,4.187871729407835
2025-09-25 23:00:00,23,3,9,0.15370861484643017
2025-09-26 00:00:00,0,4,9,0.4584789519458502
2025-09-26 01:00:00,1,4,9,0.46421209001689745
2025-09-26 02:00:00,2,4,9,1.105187396961352
2025-09-26 03:00:00,3,4,9,1.0704684125467983
2025-09-26 04:00:00,4,4,9,0.901205633254082
2025-09-26 05:00:00,5,4,9,1.637534383014177
2025-09-26 06:00:00,6,4,9,4.313906291405158
2025-09-26 07:00:00,7,4,9,4.711135739966235
2025-09-26 08:00:00,8,4,9,4.128360455310229
2025-09-26 09:00:00,9,4,9,5.198694607806468
2025-09-26 10:00:00,10,4,9,3.0073238609911774
2025-09-26 11:00:00,11,4,9,4.1597295845327675
2025-09-26 12:00:00,12,4,9,4.262547305975002
2025-09-26 13:00:00,13,4,9,3.6407891094702167
2025-09-26 14:00:00,14,4,9,3.6424706584734423
2025-09-26 15:00:00,15,4,9,3.614531285477335
2025-09-26 16:00:00,16,4,9,2.6595428138872856
2025-09-26 17:00:00,17,4,9,6.384387269376231
2025-09-26 18:00:00,18,4,9,5.77909074911773
2025-09-26 19:00:00,19,4,9,5.888070033027144
2025-09-26 20:00:00,20,4,9,4.672407745161197
2025-09-26 21:00:00,21,4,9,4.502350820700027
2025-09-26 22:00:00,22,4,9,3.836729725004533
2025-09-26 23:00:00,23,4,9,0.7992456689256409
2025-09-27 00:00:00,0,5,9,1.3783184621391098
2025-09-27 01:00:00,1,5,9,2.1983894715385786
2025-09-27 02:00:00,2,5,9,1.5718065210658405
2025-09-27 03:00:00,3,5,9,2.050632168221187
2025-09-27 04:00:00,4,5,9,2.087034466675457
2025-09-27 05:00:00,5,5,9,2.042213893594875
2025-09-27 06:00:00,6,5,9,4.844451263077561
2025-09-27 07:00:00,7,5,9,5.539641332745438
2025-09-27 08:00:00,8,5,9,5.20512481063644
2025-09-27 09:00:00,9,5,9,6.373645116292551
2025-09-27 10:00:00,10,5,9,4.020771803188743
2025-09-27 11:00:00,11,5,9,4.405844535247521
2025-09-27 12:00:00,12,5,9,4.961161988637621
2025-09-27 13:00:00,13,5,9,4.534625537112205
2025-09-27 14:00:00,14,5,9,4.763918683167948
2025-09-27 15:00:00,15,5,9,4.4731617741614205
2025-09-27 16:00:00,16,5,9,4.412407374461349
2025-09-27 17:00:00,17,5,9,6.097704357790601
2025-09-27 18:00:00,18,5,9,5.956355841570549
2025-09-27 19:00:00,19,5,9,6.546386802418735
2025-09-27 20:00:00,20,5,9,6.326643994605838
2025-09-27 21:00:00,21,5,9,5.185805318587391
2025-09-27 22:00:00,22,5,9,5.141728487351725
2025-09-27 23:00:00,23,5,9,2.1188495954842628
2025-09-28 00:00:00,0,6,9,2.128398301229879
2025-09-28 01:00:00,1,6,9,0.9889290913316605
2025-09-28 02:00:00,2,6,9,1.4966951617750466
2025-09-28 03:00:00,3,6,9,1.8679301423833918
2025-09-28 04:00:00,4,6,9,2.5205959071145987
2025-09-28 05:00:00,5,6,9,3.5493721934885976
2025-09-28 06:00:00,6,6,9,4.8205691416223315
2025-09-28 07:00:00,7,6,9,4.737209015158404
2025-09-28 08:00:00,8,6,9,5.8491357985343
2025-09-28 09:00:00,9,6,9,6.578398315816284
2025-09-28 10:00:00,10,6,9,4.403865820171622
2025-09-28 11:00:00,11,6,9,4.23637868761494
2025-09-28 12:00:00,12,6,9,5.13208631602561
2025-09-28 13:00:00,13,6,9,5.065418247399374
2025-09-28 14:00:00,14,6,9,4.338456401755352
2025-09-28 15:00:00,15,6,9,4.751608352690394
2025-09-28 16:00:00,16,6,9,4.75956639884337
2025-09-28 17:00:00,17,6,9,7.522756017023557
2025-09-28 18:00:00,18,6,9,6.661648977529999
2025-09-28 19:00:00,19,6,9,6.156768221528273
2025-09-28 20:00:00,20,6,9,6.402680961178723
2025-09-28 21:00:00,21,6,9,5.065935798807645
2025-09-28 22:00:00,22,6,9,5.414771544588581
2025-09-28 23:00:00,23,6,9,1.4529512433775706
2025-09-29 00:00:00,0,0,9,1.4772617694702386
2025-09-29 01:00:00,1,0,9,0.8967817937555354
2025-09-29 02:00:00,2,0,9,1.5585445548253851
2025-09-29 03:00:00,3,0,9,1.3975269968655528
2025-09-29 04:00:00,4,0,9,0.9500517361954066
2025-09-29 05:00:00,5,0,9,2.3198510928308975
2025-09-29 06:00:00,6,0,9,4.73226953891731
2025-09-29 07:00:00,7,0,9,4.852914597039686
2025-09-29 08:00:00,8,0,9,4.583593421639294
2025-09-29 09:00:00,9,0,9,5.127594418257036
2025-09-29 10:00:00,10,0,9,3.618831058742125
2025-09-29 11:00:00,11,0,9,3.5175539459440848
2025-09-29 12:00:00,12,0,9,4.625827368418884
2025-09-29 13:00:00,13,0,9,4.057730588690415
2025-09-29 14:00:00,14,0,9,2.86754952059066
2025-09-29 15:00:00,15,0,9,3.934780430779146
2025-09-29 16:00:00,16,0,9,3.421397213052896
2025-09-29 17:00:00,17,0,9,6.2200293775526205
2025-09-29 18:00:00,18,0,9,5.740780821339501
2025-09-29 19:00:00,19,0,9,5.822818566642675
2025-09-29 20:00:00,20,0,9,5.559646543767571
2025-09-29 21:00:00,21,0,9,4.863221264903461
2025-09-29 22:00:00,22,0,9,4.303615353364916
2025-09-29 23:00:00,23,0,9,1.184427012399674
2025-09-30 00:00:00,0,1,9,1.058951107197449
2025-09-30 01:00:00,1,1,9,0.6790279840540652
2025-09-30 02:00:00,2,1,9,1.2826827199948914
2025-09-30 03:00:00,3,1,9,1.3849788238675285
2025-09-30 04:00:00,4,1,9,2.055516324130848
2025-09-30 05:00:00,5,1,9,2.25213991211539
2025-09-30 06:00:00,6,1,9,3.8375014653101664
2025-09-30 07:00:00,7,1,9,4.828119349803586
2025-09-30 08:00:00,8,1,9,4.5078472144159925
2025-09-30 09:00:00,9,1,9,5.52837284037634
2025-09-30 10:00:00,10,1,9,3.354014492275778
2025-09-30 11:00:00,11,1,9,3.3897368163264243
2025-09-30 12:00:00,12,1,9,4.060906876512564
2025-09-30 13:00:00,13,1,9,2.9301731487383433
2025-09-30 14:00:00,14,1,9,3.2484985096715113
2025-09-30 15:00:00,15,1,9,3.7280413521669447
2025-09-30 16:00:00,16,1,9,3.5936368784337582
2025-09-30 17:00:00,17,1,9,6.102272491936724
2025-09-30 18:00:00,18,1,9,5.256454048166742
2025-09-30 19:00:00,19,1,9,5.172843263144598
2025-09-30 20:00:00,20,1,9,5.268255163241176
2025-09-30 21:00:00,21,1,9,4.982712708251345
2025-09-30 22:00:00,22,1,9,4.432850581181802
2025-09-30 23:00:00,23,1,9,1.6636954067381378
2025-10-01 00:00:00,0,2,10,1.2100700699500913
2025-10-01 01:00:00,1,2,10,0.7010177384167151
2025-10-01 02:00:00,2,2,10,0.9389104392017505
2025-10-01 03:00:00,3,2,10,0.6398154314402001
2025-10-01 04:00:00,4,2,10,1.396084232063612
2025-10-01 05:00:00,5,2,10,2.1948402476885356
2025-10-01 06:00:00,6,2,10,4.3858874662306055
2025-10-01 07:00:00,7,2,10,5.060803730367649
2025-10-01 08:00:00,8,2,10,4.767074470134184
2025-10-01 09:00:00,9,2,10,5.788439917805703
2025-10-01 10:00:00,10,2,10,3.4833384812006334
2025-10-01 11:00:00,11,2,10,4.387672138704616
2025-10-01 12:00:00,12,2,10,3.940146040456753
2025-10-01 13:00:00,13,2,10,4.28289254952171
2025-10-01 14:00:00,14,2,10,4.538933685157545
2025-10-01 15:00:00,15,2,10,3.721667054244176
2025-10-01 16:00:00,16,2,10,3.6480157667974913
2025-10-01 17:00:00,17,2,10,6.7655453700825205
2025-10-01 18:00:00,18,2,10,5.835027302081756
2025-10-01 19:00:00,19,2,10,4.971643086997536
2025-10-01 20:00:00,20,2,10,5.968974254180182
2025-10-01 21:00:00,21,2,10,4.562094214265145
2025-10-01 22:00:00,22,2,10,4.502842248595196
2025-10-01 23:00:00,23,2,10,1.6633645621037931
2025-10-02 00:00:00,0,3,10,0.8077136990739168
2025-10-02 01:00:00,1,3,10,0.5968528347111479
2025-10-02 02:00:00,2,3,10,1.1526061792763307
2025-10-02 03:00:00,3,3,10,0.48373133515838607
2025-10-02 04:00:00,4,3,10,1.3241773974730104
2025-10-02 05:00:00,5,3,10,1.8480154657261623
2025-10-02 06:00:00,6,3,10,4.003790673616153
2025-10-02 07:00:00,7,3,10,3.8826196227257013
2025-10-02 08:00:00,8,3,10,5.525899750135387
2025-10-02 09:00:00,9,3,10,5.291415261579671
2025-10-02 10:00:00,10,3,10,4.133121018884518
2025-10-02 11:00:00,11,3,10,3.6950236056044803
2025-10-02 12:00:00,12,3,10,3.596883946757297
2025-10-02 13:00:00,13,3,10,4.107672368102064
2025-10-02 14:00:00,14,3,10,3.8625738889023147
2025-10-02 15:00:00,15,3,10,3.327933522480115
2025-10-02 16:00:00,16,3,10,4.14857387529482
2025-10-02 17:00:00,17,3,10,6.001091910842401
2025-10-02 18:00:00,18,3,10,5.152122013735554
2025-10-02 19:00:00,19,3,10,6.0312664215829335
2025-10-02 20:00:00,20,3,10,4.910052226021169
2025-10-02 21:00:00,21,3,10,4.50687044295375
2025-10-02 22:00:00,22,3,10,3.7331847934081894
2025-10-02 23:00:00,23,3,10,1.8973384889621385
2025-10-03 00:00:00,0,4,10,0.5353190256825224
2025-10-03 01:00:00,1,4,10,1.02337979228226
2025-10-03 02:00:00,2,4,10,1.4161593895825737
2025-10-03 03:00:00,3,4,10,1.3696486675245807
2025-10-03 04:00:00,4,4,10,1.415478103423302
2025-10-03 05:00:00,5,4,10,1.0693336566850333
2025-10-03 06:00:00,6,4,10,3.787881498039305
2025-10-03 07:00:00,7,4,10,4.575120135217009
2025-10-03 08:00:00,8,4,10,4.573358939658983
2025-10-03 09:00:00,9,4,10,5.3313437839995075
2025-10-03 10:00:00,10,4,10,3.833357535305878
2025-10-03 11:00:00,11,4,10,4.184039259996698
2025-10-03 12:00:00,12,4,10,3.458416996308529
2025-10-03 13:00:00,13,4,10,4.878658421991582
2025-10-03 14:00:00,14,4,10,4.255880477255255
2025-10-03 15:00:00,15,4,10,3.7983524442090326
2025-10-03 16:00:00,16,4,10,3.996474805010478
2025-10-03 17:00:00,17,4,10,7.19616310879999
2025-10-03 18:00:00,18,4,10,5.312740527231034
2025-10-03 19:00:00,19,4,10,5.409894943003459
2025-10-03 20:00:00,20,4,10,4.160398768396887
2025-10-03 21:00:00,21,4,10,4.82706061305921
2025-10-03 22:00:00,22,4,10,4.585497524990235
2025-10-03 23:00:00,23,4,10,1.1852970481462384
2025-10-04 00:00:00,0,5,10,1.5892978321670737
2025-10-04 01:00:00,1,5,10,0.9801941935246699
2025-10-04 02:00:00,2,5,10,2.000524733931105
2025-10-04 03:00:00,3,5,10,2.583135687889472
2025-10-04 04:00:00,4,5,10,2.002932445926806
2025-10-04 05:00:00,5,5,10,2.726023971609258
2025-10-04 06:00:00,6,5,10,4.284513706978198
2025-10-04 07:00:00,7,5,10,5.4828852254770055
2025-10-04 08:00:00,8,5,10,5.530875648555918
2025-10-04 09:00:00,9,5,10,5.745032819758834
2025-10-04 10:00:00,10,5,10,4.056514715293369
2025-10-04 11:00:00,11,5,10,4.441593472863454
2025-10-04 12:00:00,12,5,10,4.901862065710617
2025-10-04 13:00:00,13,5,10,4.275134719521793
2025-10-04 14:00:00,14,5,10,4.5900426068064615
2025-10-04 15:00:00,15,5,10,4.582449394476999
2025-10-04 16:00:00,16,5,10,3.921044481967078
2025-10-04 17:00:00,17,5,10,7.768666080670007
2025-10-04 18:00:00,18,5,10,6.346830375629245
2025-10-04 19:00:00,19,5,10,6.032225234546604
2025-10-04 20:00:00,20,5,10,5.520448252417219
2025-10-04 21:00:00,21,5,10,6.2693920348552465
2025-10-04 22:00:00,22,5,10,5.460501919659971
2025-10-04 23:00:00,23,5,10,1.6263250918258854
2025-10-05 00:00:00,0,6,10,2.293603884110385
2025-10-05 01:00:00,1,6,10,1.8802794777155514
2025-10-05 02:00:00,2,6,10,1.9540126290109983
2025-10-05 03:00:00,3,6,10,1.8631710108223607
2025-10-05 04:00:00,4,6,10,1.9395734334373895
2025-10-05 05:00:00,5,6,10,2.6851064396218405
2025-10-05 06:00:00,6,6,10,4.693736540347982
2025-10-05 07:00:00,7,6,10,6.0267022518300415
2025-10-05 08:00:00,8,6,10,5.18051212555654
2025-10-05 09:00:00,9,6,10,6.6644627091419775
2025-10-05 10:00:00,10,6,10,4.316132632260701
2025-10-05 11:00:00,11,6,10,4.7186723992851
2025-10-05 12:00:00,12,6,10,5.0821518460853765
2025-10-05 13:00:00,13,6,10,4.547900281998225
2025-10-05 14:00:00,14,6,10,5.094588093313057
2025-10-05 15:00:00,15,6,10,3.5160205635241866
2025-10-05 16:00:00,16,6,10,4.072664358491046
2025-10-05 17:00:00,17,6,10,6.680374877063573
2025-10-05 18:00:00,18,6,10,6.186826162705077
2025-10-05 19:00:00,19,6,10,6.214018064768419
2025-10-05 20:00:00,20,6,10,6.066071419618896
2025-10-05 21:00:00,21,6,10,5.831063999399722
2025-10-05 22:00:00,22,6,10,5.335690531100342
2025-10-05 23:00:00,23,6,10,1.7346845083659235
2025-10-06 00:00:00,0,0,10,1.1987178356964643
2025-10-06 01:00:00,1,0,10,1.0497142779403403
2025-10-06 02:00:00,2,0,10,1.425533727740804
2025-10-06 03:00:00,3,0,10,1.5117365754959486
2025-10-06 04:00:00,4,0,10,1.45153039378843
2025-10-06 05:00:00,5,0,10,1.3910987975354971
2025-10-06 06:00:00,6,0,10,3.8505913700133862
2025-10-06 07:00:00,7,0,10,4.280084256144787
2025-10-06 08:00:00,8,0,10,4.762122034087279
2025-10-06 09:00:00,9,0,10,5.357220171035902
2025-10-06 10:00:00,10,0,10,3.8467299278310447
2025-10-06 11:00:00,11,0,10,3.778590628470507
2025-10-06 12:00:00,12,0,10,3.9553386545937914
2025-10-06 13:00:00,13,0,10,4.0573225220000015
2025-10-06 14:00:00,14,0,10,3.7425266141806666
2025-10-06 15:00:00,15,0,10,3.4288812026194755
2025-10-06 16:00:00,16,0,10,2.8584850128555375
2025-10-06 17:00:00,17,0,10,5.971940256769251
2025-10-06 18:00:00,18,0,10,6.077486748960896
2025-10-06 19:00:00,19,0,10,5.218835424784173
2025-10-06 20:00:00,20,0,10,5.016648617375843
2025-10-06 21:00:00,21,0,10,4.936572514964927
2025-10-06 22:00:00,22,0,10,4.647615626789246
2025-10-06 23:00:00,23,0,10,0.7691487534569266
2025-10-07 00:00:00,0,1,10,1.449935003147854
2025-10-07 01:00:00,1,1,10,1.4509400357421942
2025-10-07 02:00:00,2,1,10,0.5991713176789735
2025-10-07 03:00:00,3,1,10,0.8714271464668804
2025-10-07 04:00:00,4,1,10,1.9157761014786552
2025-10-07 05:00:00,5,1,10,1.6912585914978797
2025-10-07 06:00:00,6,1,10,3.223860253365478
2025-10-07 07:00:00,7,1,10,3.9401273981069256
2025-10-07 08:00:00,8,1,10,4.788480717584789
2025-10-07 09:00:00,9,1,10,4.784782939886159
2025-10-07 10:00:00,10,1,10,3.3952906635252447
2025-10-07 11:00:00,11,1,10,3.8119965911500895
2025-10-07 12:00:00,12,1,10,4.533790581047494
2025-10-07 13:00:00,13,1,10,3.8838184335088846
2025-10-07 14:00:00,14,1,10,4.377905459262706
2025-10-07 15:00:00,15,1,10,4.370542170491366
2025-10-07 16:00:00,16,1,10,4.1343840395206515
2025-10-07 17:00:00,17,1,10,6.363901837354227
2025-10-07 18:00:00,18,1,10,5.102912908518192
2025-10-07 19:00:00,19,1,10,5.684329946161546
2025-10-07 20:00:00,20,1,10,5.531131387471635
2025-10-07 21:00:00,21,1,10,4.717573157825833
2025-10-07 22:00:00,22,1,10,5.137173376250279
2025-10-07 23:00:00,23,1,10,1.5448953189103254
2025-10-08 00:00:00,0,2,10,1.2784206114275112
2025-10-08 01:00:00,1,2,10,1.434552284482335
2025-10-08 02:00:00,2,2,10,1.1844592010707486
2025-10-08 03:00:00,3,2,10,0.2038376945652005
2025-10-08 04:00:00,4,2,10,1.2396842476320322
2025-10-08 05:00:00,5,2,10,2.2288672108991414
2025-10-08 06:00:00,6,2,10,3.7887348963069
2025-10-08 07:00:00,7,2,10,4.410610997905224
2025-10-08 08:00:00,8,2,10,4.470294042092553
2025-10-08 09:00:00,9,2,10,5.963569038080708
2025-10-08 10:00:00,10,2,10,4.233257154747028
2025-10-08 11:00:00,11,2,10,3.4454905476203663
2025-10-08 12:00:00,12,2,10,4.007807939589236
2025-10-08 13:00:00,13,2,10,3.727802380894381
2025-10-08 14:00:00,14,2,10,4.194866595046154
2025-10-08 15:00:00,15,2,10,4.0029113365735896
2025-10-08 16:00:00,16,2,10,3.885342400425128
2025-10-08 17:00:00,17,2,10,6.3827673790831545
2025-10-08 18:00:00,18,2,10,7.062391050209169
2025-10-08 19:00:00,19,2,10,5.0888304939957045
2025-10-08 20:00:00,20,2,10,4.427530090571612
2025-10-08 21:00:00,21,2,10,4.592763919719415
2025-10-08 22:00:00,22,2,10,3.812144521996072
2025-10-08 23:00:00,23,2,10,0.6039769863209451
2025-10-09 00:00:00,0,3,10,0.6505853988872107
2025-10-09 01:00:00,1,3,10,0.6311244378273491
2025-10-09 02:00:00,2,3,10,0.6692640197863734
2025-10-09 03:00:00,3,3,10,1.4082494745015066
2025-10-09 04:00:00,4,3,10,1.2368642037860442
2025-10-09 05:00:00,5,3,10,1.678194170051008
2025-10-09 06:00:00,6,3,10,4.469464542146593
2025-10-09 07:00:00,7,3,10,4.193470990087429
2025-10-09 08:00:00,8,3,10,4.782410208171893
2025-10-09 09:00:00,9,3,10,5.396303994437166
2025-10-09 10:00:00,10,3,10,2.7840330515317326
2025-10-09 11:00:00,11,3,10,2.845075902096425
2025-10-09 12:00:00,12,3,10,4.087335670952692
2025-10-09 13:00:00,13,3,10,4.19680571222676
2025-10-09 14:00:00,14,3,10,4.774576793374567
2025-10-09 15:00:00,15,3,10,3.862276056023382
2025-10-09 16:00:00,16,3,10,3.888556058683059
2025-10-09 17:00:00,17,3,10,6.17181094256561
2025-10-09 18:00:00,18,3,10,6.007119456287816
2025-10-09 19:00:00,19,3,10,6.1669027366998135
2025-10-09 20:00:00,20,3,10,4.262174305095964
2025-10-09 21:00:00,21,3,10,4.915446503028672
2025-10-09 22:00:00,22,3,10,5.293574520251125
2025-10-09 23:00:00,23,3,10,1.3137755820070791
2025-10-10 00:00:00,0,4,10,1.7113404458595367
2025-10-10 01:00:00,1,4,10,0.7483151401882231
2025-10-10 02:00:00,2,4,10,1.0382922629009121
2025-10-10 03:00:00,3,4,10,1.214371775278777
2025-10-10 04:00:00,4,4,10,0.5523033964766703
2025-10-10 05:00:00,5,4,10,1.2827288688599199
2025-10-10 06:00:00,6,4,10,3.673021400592624
2025-10-10 07:00:00,7,4,10,4.828826431213011
2025-10-10 08:00:00,8,4,10,5.2370898099274035
2025-10-10 09:00:00,9,4,10,5.379614577082613
2025-10-10 10:00:00,10,4,10,3.890301330522104
2025-10-10 11:00:00,11,4,10,3.7333783405879486
2025-10-10 12:00:00,12,4,10,4.429661407249419
2025-10-10 13:00:00,13,4,10,4.003515377052829
2025-10-10 14:00:00,14,4,10,3.972034358404305
2025-10-10 15:00:00,15,4,10,3.6928010523716934
2025-10-10 16:00:00,16,4,10,3.8344403628343926
2025-10-10 17:00:00,17,4,10,6.081520473354835
2025-10-10 18:00:00,18,4,10,6.278801118533009
2025-10-10 19:00:00,19,4,10,5.047140343713597
2025-10-10 20:00:00,20,4,10,4.6722049304549405
2025-10-10 21:00:00,21,4,10,5.024970702050601
2025-10-10 22:00:00,22,4,10,4.403922142386974
2025-10-10 23:00:00,23,4,10,1.019405327862091
2025-10-11 00:00:00,0,5,10,2.2071343535565813
2025-10-11 01:00:00,1,5,10,1.5570954343655663
2025-10-11 02:00:00,2,5,10,1.7710307588462495
2025-10-11 03:00:00,3,5,10,2.5606530743518054
2025-10-11 04:00:00,4,5,10,2.854996766544439
2025-10-11 05:00:00,5,5,10,3.1789592841081307
2025-10-11 06:00:00,6,5,10,4.798921121572654
2025-10-11 07:00:00,7,5,10,5.792281161993788
2025-10-11 08:00:00,8,5,10,5.30864743654631
2025-10-11 09:00:00,9,5,10,5.687238850111175
2025-10-11 10:00:00,10,5,10,3.420477830730077
2025-10-11 11:00:00,11,5,10,5.26818538643607
2025-10-11 12:00:00,12,5,10,4.403296799803171
2025-10-11 13:00:00,13,5,10,4.7493869681011756
2025-10-11 14:00:00,14,5,10,4.384759002662289
2025-10-11 15:00:00,15,5,10,4.877104205008714
2025-10-11 16:00:00,16,5,10,4.2104067074928855
2025-10-11 17:00:00,17,5,10,6.52807324382682
2025-10-11 18:00:00,18,5,10,6.864893593328206
2025-10-11 19:00:00,19,5,10,5.726507990075908
2025-10-11 20:00:00,20,5,10,5.576809142220021
2025-10-11 21:00:00,21,5,10,4.707244354149568
2025-10-11 22:00:00,22,5,10,4.669756583341136
2025-10-11 23:00:00,23,5,10,2.0723735622115336
2025-10-12 00:00:00,0,6,10,1.0652968453252276
2025-10-12 01:00:00,1,6,10,1.2075417101513137
2025-10-12 02:00:00,2,6,10,1.8501636941132742
2025-10-12 03:00:00,3,6,10,1.7835191358861207
2025-10-12 04:00:00,4,6,10,3.0361544826039024
2025-10-12 05:00:00,5,6,10,3.2835586184097503
2025-10-12 06:00:00,6,6,10,4.564602447245757
2025-10-12 07:00:00,7,6,10,5.522855047361393
2025-10-12 08:00:00,8,6,10,5.987941590405562
2025-10-12 09:00:00,9,6,10,5.811008456790239
2025-10-12 10:00:00,10,6,10,3.76244355718054
2025-10-12 11:00:00,11,6,10,4.594118725953435
2025-10-12 12:00:00,12,6,10,4.679750469507958
2025-10-12 13:00:00,13,6,10,4.625694201211752
2025-10-12 14:00:00,14,6,10,4.925815486699396
2025-10-12 15:00:00,15,6,10,4.298746262874419
2025-10-12 16:00:00,16,6,10,3.8998611527481644
2025-10-12 17:00:00,17,6,10,7.093633188139933
2025-10-12 18:00:00,18,6,10,6.842616604681332
2025-10-12 19:00:00,19,6,10,5.829342022439978
2025-10-12 20:00:00,20,6,10,6.283007676742651
2025-10-12 21:00:00,21,6,10,4.841807544889568
2025-10-12 22:00:00,22,6,10,5.0080944447339215
2025-10-12 23:00:00,23,6,10,1.8977584798442986
2025-10-13 00:00:00,0,0,10,0.7966217755056255
2025-10-13 01:00:00,1,0,10,0.773975810579523
2025-10-13 02:00:00,2,0,10,1.799541053489643
2025-10-13 03:00:00,3,0,10,0.8606082587077826
2025-10-13 04:00:00,4,0,10,2.4158285172089444
2025-10-13 05:00:00,5,0,10,1.9248507118924207
2025-10-13 06:00:00,6,0,10,4.1485934872710155
2025-10-13 07:00:00,7,0,10,4.690496141355067
2025-10-13 08:00:00,8,0,10,5.9001996673545625
2025-10-13 09:00:00,9,0,10,4.852562798427421
2025-10-13 10:00:00,10,0,10,3.1124930042052656
2025-10-13 11:00:00,11,0,10,3.4970916270478893
2025-10-13 12:00:00,12,0,10,3.9617459982194267
2025-10-13 13:00:00,13,0,10,3.3096915500749704
2025-10-13 14:00:00,14,0,10,3.957824435161046
2025-10-13 15:00:00,15,0,10,4.476456959042126
2025-10-13 16:00:00,16,0,10,3.6212231280297322
2025-10-13 17:00:00,17,0,10,6.132925816409889
2025-10-13 18:00:00,18,0,10,5.640964388180331
2025-10-13 19:00:00,19,0,10,5.859404681820626
2025-10-13 20:00:00,20,0,10,4.781438323050999
2025-10-13 21:00:00,21,0,10,5.4885583682396994
2025-10-13 22:00:00,22,0,10,5.212683727305922
2025-10-13 23:00:00,23,0,10,1.3036622137880571
2025-10-14 00:00:00,0,1,10,1.0465052253357394
2025-10-14 01:00:00,1,1,10,1.4122639232966239
2025-10-14 02:00:00,2,1,10,1.4890306614573277
2025-10-14 03:00:00,3,1,10,0.8785652018995758
2025-10-14 04:00:00,4,1,10,1.2287177749654978
2025-10-14 05:00:00,5,1,10,1.2210610261266819
2025-10-14 06:00:00,6,1,10,4.275397407679841
2025-10-14 07:00:00,7,1,10,4.766651153382757
2025-10-14 08:00:00,8,1,10,4.348258312509272
2025-10-14 09:00:00,9,1,10,5.0679204380735365
2025-10-14 10:00:00,10,1,10,3.0217586047472818
2025-10-14 11:00:00,11,1,10,3.439518181579123
2025-10-14 12:00:00,12,1,10,4.1692955635241224
2025-10-14 13:00:00,13,1,10,3.7066071733286883
2025-10-14 14:00:00,14,1,10,3.828558357020683
2025-10-14 15:00:00,15,1,10,3.1481134144977316
2025-10-14 16:00:00,16,1,10,3.635456255669687
2025-10-14 17:00:00,17,1,10,6.23229067206214
2025-10-14 18:00:00,18,1,10,5.596644867640516
2025-10-14 19:00:00,19,1,10,5.42439428092701
2025-10-14 20:00:00,20,1,10,5.183889384547596
2025-10-14 21:00:00,21,1,10,4.424052740436262
2025-10-14 22:00:00,22,1,10,3.848834810619467
2025-10-14 23:00:00,23,1,10,1.9231916673980685
2025-10-15 00:00:00,0,2,10,0.7978021786822884
2025-10-15 01:00:00,1,2,10,0.9612959587252443
2025-10-15 02:00:00,2,2,10,1.455447154574523
2025-10-15 03:00:00,3,2,10,2.612583969351536
2025-10-15 04:00:00,4,2,10,0.9415452482646323
2025-10-15 05:00:00,5,2,10,1.929930885490604
2025-10-15 06:00:00,6,2,10,3.828750518228576
2025-10-15 07:00:00,7,2,10,4.284483878169316
2025-10-15 08:00:00,8,2,10,4.600143759251066
2025-10-15 09:00:00,9,2,10,4.799738012879766
2025-10-15 10:00:00,10,2,10,3.544143627065957
2025-10-15 11:00:00,11,2,10,3.2092370308573637
2025-10-15 12:00:00,12,2,10,4.327611766038351
2025-10-15 13:00:00,13,2,10,4.02200117441335
2025-10-15 14:00:00,14,2,10,4.1178627285941785
2025-10-15 15:00:00,15,2,10,3.6125626608981687
2025-10-15 16:00:00,16,2,10,3.413778598095122
2025-10-15 17:00:00,17,2,10,6.365025562066931
2025-10-15 18:00:00,18,2,10,5.422608314691451
2025-10-15 19:00:00,19,2,10,5.356803826234666
2025-10-15 20:00:00,20,2,10,4.767926026794837
2025-10-15 21:00:00,21,2,10,4.393772475763594
2025-10-15 22:00:00,22,2,10,3.5954045319699226
2025-10-15 23:00:00,23,2,10,1.736692530115342
2025-10-16 00:00:00,0,3,10,0.7764957593048899
2025-10-16 01:00:00,1,3,10,1.46535042206542
2025-10-16 02:00:00,2,3,10,1.4786281891241144
2025-10-16 03:00:00,3,3,10,0.6865620117167445
2025-10-16 04:00:00,4,3,10,1.0039753339510402
2025-10-16 05:00:00,5,3,10,2.7742011837422735
2025-10-16 06:00:00,6,3,10,4.812141809117076
2025-10-16 07:00:00,7,3,10,4.4873925946687585
2025-10-16 08:00:00,8,3,10,4.991177810220721
2025-10-16 09:00:00,9,3,10,4.997661438821124
2025-10-16 10:00:00,10,3,10,3.7336012574599575
2025-10-16 11:00:00,11,3,10,3.5121653453876696
2025-10-16 12:00:00,12,3,10,3.1359472337142487
2025-10-16 13:00:00,13,3,10,3.47137768539558
2025-10-16 14:00:00,14,3,10,3.9573258385738375
2025-10-16 15:00:00,15,3,10,3.346611211475623
2025-10-16 16:00:00,16,3,10,3.5337491858144077
2025-10-16 17:00:00,17,3,10,5.820135584226855
2025-10-16 18:00:00,18,3,10,5.5752869986529845
2025-10-16 19:00:00,19,3,10,5.841266122565277
2025-10-16 20:00:00,20,3,10,5.21076365140226
2025-10-16 21:00:00,21,3,10,4.746134231474661
2025-10-16 22:00:00,22,3,10,4.79092541744844
2025-10-16 23:00:00,23,3,10,1.3932053316622812
2025-10-17 00:00:00,0,4,10,1.6297365770669445
2025-10-17 01:00:00,1,4,10,0.816056295073944
2025-10-17 02:00:00,2,4,10,0.8792572691553939
2025-10-17 03:00:00,3,4,10,0.6805181877668038
2025-10-17 04:00:00,4,4,10,1.2677475412712107
2025-10-17 05:00:00,5,4,10,2.1359079577209785
2025-10-17 06:00:00,6,4,10,4.631766381251072
2025-10-17 07:00:00,7,4,10,4.884122067234667
2025-10-17 08:00:00,8,4,10,4.170551821034007
2025-10-17 09:00:00,9,4,10,5.683258085064294
2025-10-17 10:00:00,10,4,10,2.825252722470993
2025-10-17 11:00:00,11,4,10,4.158285035325597
2025-10-17 12:00:00,12,4,10,3.8017749288051803
2025-10-17 13:00:00,13,4,10,4.281013325573542
2025-10-17 14:00:00,14,4,10,3.415909400275776
2025-10-17 15:00:00,15,4,10,4.267505158759117
2025-10-17 16:00:00,16,4,10,2.974670273337866
2025-10-17 17:00:00,17,4,10,5.982618035658729
2025-10-17 18:00:00,18,4,10,5.4889907165461675
2025-10-17 19:00:00,19,4,10,4.798286058871001
2025-10-17 20:00:00,20,4,10,5.149582459381606
2025-10-17 21:00:00,21,4,10,5.472435647134785
2025-10-17 22:00:00,22,4,10,5.506101917148182
2025-10-17 23:00:00,23,4,10,1.2398242091578413
2025-10-18 00:00:00,0,5,10,2.2977837705934063
2025-10-18 01:00:00,1,5,10,1.892837855171415
2025-10-18 02:00:00,2,5,10,2.050664538473683
2025-10-18 03:00:00,3,5,10,1.8641024338724463
2025-10-18 04:00:00,4,5,10,2.31737059838922
2025-10-18 05:00:00,5,5,10,2.7649914818425714
2025-10-18 06:00:00,6,5,10,4.680387540795686
2025-10-18 07:00:00,7,5,10,5.2690022800428045
2025-10-18 08:00:00,8,5,10,5.664856520054786
2025-10-18 09:00:00,9,5,10,6.3805613269322095
2025-10-18 10:00:00,10,5,10,3.9342473031287493
2025-10-18 11:00:00,11,5,10,4.578421222233597
2025-10-18 12:00:00,12,5,10,5.5136909270546814
2025-10-18 13:00:00,13,5,10,5.265624061034375
2025-10-18 14:00:00,14,5,10,5.288560358989084
2025-10-18 15:00:00,15,5,10,4.6088108417478715
2025-10-18 16:00:00,16,5,10,4.489059197254231
2025-10-18 17:00:00,17,5,10,7.45089446668117
2025-10-18 18:00:00,18,5,10,7.312330779466154
2025-10-18 19:00:00,19,5,10,5.519358834846845
2025-10-18 20:00:00,20,5,10,5.38559490952628
2025-10-18 21:00:00,21,5,10,6.073777640561059
2025-10-18 22:00:00,22,5,10,5.1285840859126575
2025-10-18 23:00:00,23,5,10,1.7322735786201113
2025-10-19 00:00:00,0,6,10,1.349446865768156
2025-10-19 01:00:00,1,6,10,1.5779933193823563
2025-10-19 02:00:00,2,6,10,1.2901635471968675
2025-10-19 03:00:00,3,6,10,2.8373996034163325
2025-10-19 04:00:00,4,6,10,2.2303654074279495
2025-10-19 05:00:00,5,6,10,2.5268197832949126
2025-10-19 06:00:00,6,6,10,5.147002102413351
2025-10-19 07:00:00,7,6,10,5.684938067706628
2025-10-19 08:00:00,8,6,10,6.066583830275637
2025-10-19 09:00:00,9,6,10,6.479448777563029
2025-10-19 10:00:00,10,6,10,4.108321951463479
2025-10-19 11:00:00,11,6,10,4.479891383693913
2025-10-19 12:00:00,12,6,10,5.056501401610513
2025-10-19 13:00:00,13,6,10,4.589044375344152
2025-10-19 14:00:00,14,6,10,4.746846086622712
2025-10-19 15:00:00,15,6,10,4.7585436114465836
2025-10-19 16:00:00,16,6,10,4.674734204703972
2025-10-19 17:00:00,17,6,10,6.33892761505192
2025-10-19 18:00:00,18,6,10,6.97412682760936
2025-10-19 19:00:00,19,6,10,6.20651037685931
2025-10-19 20:00:00,20,6,10,6.194754516691971
2025-10-19 21:00:00,21,6,10,5.860772676941932
2025-10-19 22:00:00,22,6,10,5.882505852667842
2025-10-19 23:00:00,23,6,10,2.5423433533718236
2025-10-20 00:00:00,0,0,10,1.589739925610516
2025-10-20 01:00:00,1,0,10,1.5774681276664952
2025-10-20 02:00:00,2,0,10,1.1676628544927758
2025-10-20 03:00:00,3,0,10,1.2138359291380778
2025-10-20 04:00:00,4,0,10,1.7884666614915123
2025-10-20 05:00:00,5,0,10,2.042832380573209
2025-10-20 06:00:00,6,0,10,3.9881449376509144
2025-10-20 07:00:00,7,0,10,4.661929363523307
2025-10-20 08:00:00,8,0,10,4.874189980939944
2025-10-20 09:00:00,9,0,10,4.908426836615978
2025-10-20 10:00:00,10,0,10,4.0768444683303615
2025-10-20 11:00:00,11,0,10,3.821117802688694
2025-10-20 12:00:00,12,0,10,4.768372042513143
2025-10-20 13:00:00,13,0,10,3.3498030919200668
2025-10-20 14:00:00,14,0,10,3.726177230296256
2025-10-20 15:00:00,15,0,10,3.8120936403530066
2025-10-20 16:00:00,16,0,10,4.015612610831387
2025-10-20 17:00:00,17,0,10,6.409787749040874
2025-10-20 18:00:00,18,0,10,6.012417669326082
2025-10-20 19:00:00,19,0,10,5.049094482978341
2025-10-20 20:00:00,20,0,10,4.64899487345443
2025-10-20 21:00:00,21,0,10,4.879001864115962
2025-10-20 22:00:00,22,0,10,3.8936974306928356
2025-10-20 23:00:00,23,0,10,0.9882107942076108
2025-10-21 00:00:00,0,1,10,1.2514781922007405
2025-10-21 01:00:00,1,1,10,0.6070702910892896
2025-10-21 02:00:00,2,1,10,1.69325364551112
2025-10-21 03:00:00,3,1,10,1.6905364320184981
2025-10-21 04:00:00,4,1,10,0.8107718288848584
2025-10-21 05:00:00,5,1,10,1.377051502727205
2025-10-21 06:00:00,6,1,10,3.1974605345482385
2025-10-21 07:00:00,7,1,10,4.186963454980747
2025-10-21 08:00:00,8,1,10,5.194783958282741
2025-10-21 09:00:00,9,1,10,5.084442023090057
2025-10-21 10:00:00,10,1,10,3.7449790692262086
2025-10-21 11:00:00,11,1,10,3.1901043783639604
2025-10-21 12:00:00,12,1,10,4.268078841266365
2025-10-21 13:00:00,13,1,10,3.77795630882866
2025-10-21 14:00:00,14,1,10,3.9537566123467647
2025-10-21 15:00:00,15,1,10,3.7618883051194367
2025-10-21 16:00:00,16,1,10,3.052040763422908
2025-10-21 17:00:00,17,1,10,5.788766267304087
2025-10-21 18:00:00,18,1,10,6.275346355255152
2025-10-21 19:00:00,19,1,10,5.6595968630006785
2025-10-21 20:00:00,20,1,10,5.531791048967589
2025-10-21 21:00:00,21,1,10,4.879863294201007
2025-10-21 22:00:00,22,1,10,4.496536082143866
2025-10-21 23:00:00,23,1,10,0.5105576468566355
2025-10-22 00:00:00,0,2,10,0.9429645818619296
2025-10-22 01:00:00,1,2,10,0.9890462718385024
2025-10-22 02:00:00,2,2,10,1.8323541398754273
2025-10-22 03:00:00,3,2,10,1.475744547162813
2025-10-22 04:00:00,4,2,10,2.05376430090399
2025-10-22 05:00:00,5,2,10,1.9890150823578914
2025-10-22 06:00:00,6,2,10,3.827250141566427
2025-10-22 07:00:00,7,2,10,4.54684968645994
2025-10-22 08:00:00,8,2,10,4.982718026159475
2025-10-22 09:00:00,9,2,10,4.874337772091727
2025-10-22 10:00:00,10,2,10,3.4069052211426527
2025-10-22 11:00:00,11,2,10,3.716731308205789
2025-10-22 12:00:00,12,2,10,4.591136672459649
2025-10-22 13:00:00,13,2,10,3.1677037898436087
2025-10-22 14:00:00,14,2,10,4.43121610772002
2025-10-22 15:00:00,15,2,10,3.424320011692905
2025-10-22 16:00:00,16,2,10,3.011828496871976
2025-10-22 17:00:00,17,2,10,6.721976852015386
2025-10-22 18:00:00,18,2,10,6.180987795347534
2025-10-22 19:00:00,19,2,10,6.0018074809524755
2025-10-22 20:00:00,20,2,10,5.432052211364449
2025-10-22 21:00:00,21,2,10,5.573938000694961
2025-10-22 22:00:00,22,2,10,4.662829362997973
2025-10-22 23:00:00,23,2,10,1.1383709438740788
2025-10-23 00:00:00,0,3,10,1.1882818114949345
2025-10-23 01:00:00,1,3,10,1.4973876513383855
2025-10-23 02:00:00,2,3,10,0.7393611304623506
2025-10-23 03:00:00,3,3,10,0.9402064613107897
2025-10-23 04:00:00,4,3,10,1.3157558223810155
2025-10-23 05:00:00,5,3,10,0.9081668804938671
2025-10-23 06:00:00,6,3,10,4.167002795713238
2025-10-23 07:00:00,7,3,10,3.7455485184195894
2025-10-23 08:00:00,8,3,10,4.909452292826829
2025-10-23 09:00:00,9,3,10,5.5961159024541
2025-10-23 10:00:00,10,3,10,3.369909587522287
2025-10-23 11:00:00,11,3,10,4.469884453751407
2025-10-23 12:00:00,12,3,10,3.3646883796662075
2025-10-23 13:00:00,13,3,10,4.476504272652733
2025-10-23 14:00:00,14,3,10,4.218943561996371
2025-10-23 15:00:00,15,3,10,3.1126248063523825
2025-10-23 16:00:00,16,3,10,4.644977891396034
2025-10-23 17:00:00,17,3,10,6.224501885798413
2025-10-23 18:00:00,18,3,10,5.537234958791529
2025-10-23 19:00:00,19,3,10,4.937165122086393
2025-10-23 20:00:00,20,3,10,5.023764221282349
2025-10-23 21:00:00,21,3,10,4.699037251044016
2025-10-23 22:00:00,22,3,10,4.480398039636045
2025-10-23 23:00:00,23,3,10,1.0818434318337582
2025-10-24 00:00:00,0,4,10,1.304401384612435
2025-10-24 01:00:00,1,4,10,0.8449480669347015
2025-10-24 02:00:00,2,4,10,0.27712561367020905
2025-10-24 03:00:00,3,4,10,1.1412172960634854
2025-10-24 04:00:00,4,4,10,0.49234876687086726
2025-10-24 05:00:00,5,4,10,1.8915082523565558
2025-10-24 06:00:00,6,4,10,3.720051340233164
2025-10-24 07:00:00,7,4,10,4.56534414196632
2025-10-24 08:00:00,8,4,10,5.413858560263623
2025-10-24 09:00:00,9,4,10,4.8705005218928
2025-10-24 10:00:00,10,4,10,3.9851626751846685
2025-10-24 11:00:00,11,4,10,3.6256822790021968
2025-10-24 12:00:00,12,4,10,4.650166660259837
2025-10-24 13:00:00,13,4,10,3.853938954720715
2025-10-24 14:00:00,14,4,10,3.612691545230926
2025-10-24 15:00:00,15,4,10,4.0739334858347735
2025-10-24 16:00:00,16,4,10,3.386344279930367
2025-10-24 17:00:00,17,4,10,5.913420194348396
2025-10-24 18:00:00,18,4,10,5.697092627372265
2025-10-24 19:00:00,19,4,10,5.482157387126799
2025-10-24 20:00:00,20,4,10,5.64864348484416
2025-10-24 21:00:00,21,4,10,3.976364901816169
2025-10-24 22:00:00,22,4,10,4.448572091800347
2025-10-24 23:00:00,23,4,10,1.4509233321849595
2025-10-25 00:00:00,0,5,10,1.928490690563116
2025-10-25 01:00:00,1,5,10,2.323946067773414
2025-10-25 02:00:00,2,5,10,1.8213731286629877
2025-10-25 03:00:00,3,5,10,1.9271413174489638
2025-10-25 04:00:00,4,5,10,2.4762716470255164
2025-10-25 05:00:00,5,5,10,2.5897255259805396
2025-10-25 06:00:00,6,5,10,4.75560793703403
2025-10-25 07:00:00,7,5,10,5.5064576158345515
2025-10-25 08:00:00,8,5,10,5.427217250367123
2025-10-25 09:00:00,9,5,10,5.805529139192269
2025-10-25 10:00:00,10,5,10,4.149462563073576
2025-10-25 11:00:00,11,5,10,5.140265769743221
2025-10-25 12:00:00,12,5,10,3.460482197039317
2025-10-25 13:00:00,13,5,10,4.958239533905177
2025-10-25 14:00:00,14,5,10,4.762597465113691
2025-10-25 15:00:00,15,5,10,3.9266899219814095
2025-10-25 16:00:00,16,5,10,4.484550883434222
2025-10-25 17:00:00,17,5,10,7.240300796732613
2025-10-25 18:00:00,18,5,10,6.924084260196741
2025-10-25 19:00:00,19,5,10,5.23926877478202
2025-10-25 20:00:00,20,5,10,6.458327197087994
2025-10-25 21:00:00,21,5,10,5.254905318126063
2025-10-25 22:00:00,22,5,10,5.51396692692145
2025-10-25 23:00:00,23,5,10,2.297391406596257
2025-10-26 00:00:00,0,6,10,1.5004324263186803
2025-10-26 01:00:00,1,6,10,2.06418398094062
2025-10-26 02:00:00,2,6,10,1.6969139642014541
2025-10-26 03:00:00,3,6,10,1.1724110225880788
2025-10-26 04:00:00,4,6,10,2.7064365984312904
2025-10-26 05:00:00,5,6,10,2.2399820147935037
2025-10-26 06:00:00,6,6,10,4.569974047250996
2025-10-26 07:00:00,7,6,10,5.138773652785311
2025-10-26 08:00:00,8,6,10,5.797123257784737
2025-10-26 09:00:00,9,6,10,6.027091835671159
2025-10-26 10:00:00,10,6,10,4.57988694166269
2025-10-26 11:00:00,11,6,10,4.063242359065194
2025-10-26 12:00:00,12,6,10,4.451934191261309
2025-10-26 13:00:00,13,6,10,4.753601171071386
2025-10-26 14:00:00,14,6,10,5.508043656497085
2025-10-26 15:00:00,15,6,10,4.553513090311155
2025-10-26 16:00:00,16,6,10,4.794749077244474
2025-10-26 17:00:00,17,6,10,7.065422067513727
2025-10-26 18:00:00,18,6,10,6.494765112678754
2025-10-26 19:00:00,19,6,10,6.201310230354224
2025-10-26 20:00:00,20,6,10,5.844403547534665
2025-10-26 21:00:00,21,6,10,5.791458295584295
2025-10-26 22:00:00,22,6,10,5.789184335250801
2025-10-26 23:00:00,23,6,10,2.1448342333978707
2025-10-27 00:00:00,0,0,10,1.5259423320630996
2025-10-27 01:00:00,1,0,10,0.6140841049481258
2025-10-27 02:00:00,2,0,10,0.8852590570407852
2025-10-27 03:00:00,3,0,10,0.9112408806402752
2025-10-27 04:00:00,4,0,10,1.5651176645701197
2025-10-27 05:00:00,5,0,10,1.6064166459282345
2025-10-27 06:00:00,6,0,10,4.403680607159897
2025-10-27 07:00:00,7,0,10,4.127599315347023
2025-10-27 08:00:00,8,0,10,4.905440956982294
2025-10-27 09:00:00,9,0,10,5.524743164404902
2025-10-27 10:00:00,10,0,10,2.734539061763577
2025-10-27 11:00:00,11,0,10,4.647690628608739
2025-10-27 12:00:00,12,0,10,3.8356279854816524
2025-10-27 13:00:00,13,0,10,3.1899840345295307
2025-10-27 14:00:00,14,0,10,4.012126298864317
2025-10-27 15:00:00,15,0,10,3.8124154928659184
2025-10-27 16:00:00,16,0,10,3.5279024199508244
2025-10-27 17:00:00,17,0,10,6.646476445170666
2025-10-27 18:00:00,18,0,10,6.187206556224604
2025-10-27 19:00:00,19,0,10,5.619150476409538
2025-10-27 20:00:00,20,0,10,5.291833685924877
2025-10-27 21:00:00,21,0,10,4.708256620224765
2025-10-27 22:00:00,22,0,10,5.149536167916199
2025-10-27 23:00:00,23,0,10,0.6092834869802356
2025-10-28 00:00:00,0,1,10,1.106971930252756
2025-10-28 01:00:00,1,1,10,1.0260098524755121
2025-10-28 02:00:00,2,1,10,1.3764234229922347
2025-10-28 03:00:00,3,1,10,0.8634203433533822
2025-10-28 04:00:00,4,1,10,0.7418707872615641
2025-10-28 05:00:00,5,1,10,1.8127292064392773
2025-10-28 06:00:00,6,1,10,4.22426362923366
2025-10-28 07:00:00,7,1,10,5.095839763779059
2025-10-28 08:00:00,8,1,10,4.380083749123747
2025-10-28 09:00:00,9,1,10,5.7118775066866885
2025-10-28 10:00:00,10,1,10,4.50762591739067
2025-10-28 11:00:00,11,1,10,3.647932150667667
2025-10-28 12:00:00,12,1,10,3.432511851636313
2025-10-28 13:00:00,13,1,10,3.8372102534506514
2025-10-28 14:00:00,14,1,10,3.9544907263821547
2025-10-28 15:00:00,15,1,10,4.0245532556794235
2025-10-28 16:00:00,16,1,10,3.3241022798446025
2025-10-28 17:00:00,17,1,10,6.872079413658937
2025-10-28 18:00:00,18,1,10,5.442415641650557
2025-10-28 19:00:00,19,1,10,4.80431793913088
2025-10-28 20:00:00,20,1,10,5.554455602061146
2025-10-28 21:00:00,21,1,10,3.84015158751752
2025-10-28 22:00:00,22,1,10,4.357687920671093
2025-10-28 23:00:00,23,1,10,2.448034346006561
2025-10-29 00:00:00,0,2,10,1.0462938393824248
2025-10-29 01:00:00,1,2,10,0.5516929397215001
2025-10-29 02:00:00,2,2,10,1.02815227505168
2025-10-29 03:00:00,3,2,10,1.1806415788755287
2025-10-29 04:00:00,4,2,10,1.5035998043614252
2025-10-29 05:00:00,5,2,10,2.0149051928638477
2025-10-29 06:00:00,6,2,10,3.696126964999123
2025-10-29 07:00:00,7,2,10,5.1750192220947175
2025-10-29 08:00:00,8,2,10,4.986274281402829
2025-10-29 09:00:00,9,2,10,5.540717618560722
2025-10-29 10:00:00,10,2,10,3.309400411877564
2025-10-29 11:00:00,11,2,10,4.313590960474872
2025-10-29 12:00:00,12,2,10,3.846067775908377
2025-10-29 13:00:00,13,2,10,4.111021005397412
2025-10-29 14:00:00,14,2,10,3.575646308558759
2025-10-29 15:00:00,15,2,10,3.4002654551158074
2025-10-29 16:00:00,16,2,10,3.8359422943609744
2025-10-29 17:00:00,17,2,10,6.072557267917046
2025-10-29 18:00:00,18,2,10,5.546699332652031
2025-10-29 19:00:00,19,2,10,5.242726663189188
2025-10-29 20:00:00,20,2,10,5.391352661033187
2025-10-29 21:00:00,21,2,10,4.498384855518555
2025-10-29 22:00:00,22,2,10,4.392277855579313
2025-10-29 23:00:00,23,2,10,1.206972994438181
2025-10-30 00:00:00,0,3,10,0.2841717061622778
2025-10-30 01:00:00,1,3,10,0.4115494378505927
2025-10-30 02:00:00,2,3,10,1.1856224162654225
2025-10-30 03:00:00,3,3,10,0.906150149862263
2025-10-30 04:00:00,4,3,10,1.862029792732346
2025-10-30 05:00:00,5,3,10,2.1367228417002178
2025-10-30 06:00:00,6,3,10,4.399438898888393
2025-10-30 07:00:00,7,3,10,5.227908714925039
2025-10-30 08:00:00,8,3,10,4.854992836556509
2025-10-30 09:00:00,9,3,10,5.509552770361536
2025-10-30 10:00:00,10,3,10,3.326899781141409
2025-10-30 11:00:00,11,3,10,4.7799860708241475
2025-10-30 12:00:00,12,3,10,4.74234220040801
2025-10-30 13:00:00,13,3,10,4.004752173807117
2025-10-30 14:00:00,14,3,10,4.1035232313956795
2025-10-30 15:00:00,15,3,10,4.34275714542258
2025-10-30 16:00:00,16,3,10,3.5018043698541788
2025-10-30 17:00:00,17,3,10,5.987350371680118
2025-10-30 18:00:00,18,3,10,6.237824468056535
2025-10-30 19:00:00,19,3,10,5.531375698433468
2025-10-30 20:00:00,20,3,10,5.184969212204322
2025-10-30 21:00:00,21,3,10,4.416291462772814
2025-10-30 22:00:00,22,3,10,3.7522709688748206
2025-10-30 23:00:00,23,3,10,1.2954188582749826
2025-10-31 00:00:00,0,4,10,1.4130960771640775
2025-10-31 01:00:00,1,4,10,0.9096773003695833
2025-10-31 02:00:00,2,4,10,1.6256830683899444
2025-10-31 03:00:00,3,4,10,0.9193953641571242
2025-10-31 04:00:00,4,4,10,1.0174580462338105
2025-10-31 05:00:00,5,4,10,1.7231078771215476
2025-10-31 06:00:00,6,4,10,4.078734402205702
2025-10-31 07:00:00,7,4,10,4.807987492534089
2025-10-31 08:00:00,8,4,10,4.578243438028188
2025-10-31 09:00:00,9,4,10,5.797237694725959
2025-10-31 10:00:00,10,4,10,4.3474269567831225
2025-10-31 11:00:00,11,4,10,3.7833804948893213
2025-10-31 12:00:00,12,4,10,4.44877290750733
2025-10-31 13:00:00,13,4,10,3.577401171749896
2025-10-31 14:00:00,14,4,10,4.378977355906369
2025-10-31 15:00:00,15,4,10,4.217948669100443
2025-10-31 16:00:00,16,4,10,3.906035083855773
2025-10-31 17:00:00,17,4,10,6.243774764451882
2025-10-31 18:00:00,18,4,10,4.7065289911569685
2025-10-31 19:00:00,19,4,10,5.2433091425391485
2025-10-31 20:00:00,20,4,10,4.8614050252723775
2025-10-31 21:00:00,21,4,10,4.358698024775809
2025-10-31 22:00:00,22,4,10,4.488237030039006
2025-10-31 23:00:00,23,4,10,1.0333765161148483
2025-11-01 00:00:00,0,5,11,1.5212664566603888
2025-11-01 01:00:00,1,5,11,1.376479940700872
2025-11-01 02:00:00,2,5,11,1.564906066372306
2025-11-01 03:00:00,3,5,11,2.449561579063313
2025-11-01 04:00:00,4,5,11,1.9749298063691811
2025-11-01 05:00:00,5,5,11,2.344024517426691
2025-11-01 06:00:00,6,5,11,4.729092386336919
2025-11-01 07:00:00,7,5,11,5.435597405523768
2025-11-01 08:00:00,8,5,11,5.8707283630651945
2025-11-01 09:00:00,9,5,11,4.832137384302735
2025-11-01 10:00:00,10,5,11,4.769314257310865
2025-11-01 11:00:00,11,5,11,5.173585319374159
2025-11-01 12:00:00,12,5,11,4.328814124488934
2025-11-01 13:00:00,13,5,11,4.411080702106066
2025-11-01 14:00:00,14,5,11,4.5687873843222935
2025-11-01 15:00:00,15,5,11,4.296636497894016
2025-11-01 16:00:00,16,5,11,4.4502309213584645
2025-11-01 17:00:00,17,5,11,6.271389885456454
2025-11-01 18:00:00,18,5,11,6.241057524439086
2025-11-01 19:00:00,19,5,11,6.915678880069963
2025-11-01 20:00:00,20,5,11,5.540483445407011
2025-11-01 21:00:00,21,5,11,6.04737131124117
2025-11-01 22:00:00,22,5,11,5.381475106456233
2025-11-01 23:00:00,23,5,11,1.2772548084880389
2025-11-02 00:00:00,0,6,11,2.10524293865288
2025-11-02 01:00:00,1,6,11,1.7529330791228588
2025-11-02 02:00:00,2,6,11,1.6689244380665014
2025-11-02 03:00:00,3,6,11,2.0989447315921432
2025-11-02 04:00:00,4,6,11,2.4291932224468957
2025-11-02 05:00:00,5,6,11,2.8330367287898475
2025-11-02 06:00:00,6,6,11,5.383072571365419
2025-11-02 07:00:00,7,6,11,5.463254365111342
2025-11-02 08:00:00,8,6,11,5.137974932139237
2025-11-02 09:00:00,9,6,11,5.860541816939524
2025-11-02 10:00:00,10,6,11,5.53787950588727
2025-11-02 11:00:00,11,6,11,4.8888345298293485
2025-11-02 12:00:00,12,6,11,5.6966036597582015
2025-11-02 13:00:00,13,6,11,5.358173632879674
2025-11-02 14:00:00,14,6,11,4.8456095680559015
2025-11-02 15:00:00,15,6,11,4.7196009335891045
2025-11-02 16:00:00,16,6,11,4.346028155829083
2025-11-02 17:00:00,17,6,11,6.3548781536614
2025-11-02 18:00:00,18,6,11,6.695447468641071
2025-11-02 19:00:00,19,6,11,6.784269821016879
2025-11-02 20:00:00,20,6,11,5.671915434417737
2025-11-02 21:00:00,21,6,11,5.714781199624723
2025-11-02 22:00:00,22,6,11,5.579976246577457
2025-11-02 23:00:00,23,6,11,1.637089718598352
2025-11-03 00:00:00,0,0,11,0.8705901148289317
2025-11-03 01:00:00,1,0,11,0.5928354038091364
2025-11-03 02:00:00,2,0,11,0.7222450178906348
2025-11-03 03:00:00,3,0,11,0.6859197808621175
2025-11-03 04:00:00,4,0,11,1.079160443668968
2025-11-03 05:00:00,5,0,11,2.3177822723191355
2025-11-03 06:00:00,6,0,11,3.7455806207101014
2025-11-03 07:00:00,7,0,11,4.550583687624276
2025-11-03 08:00:00,8,0,11,4.687081066185399
2025-11-03 09:00:00,9,0,11,5.721546374814776
2025-11-03 10:00:00,10,0,11,4.085125090421268
2025-11-03 11:00:00,11,0,11,4.1446660985322366
2025-11-03 12:00:00,12,0,11,4.0713425606747045
2025-11-03 13:00:00,13,0,11,3.9075761852636406
2025-11-03 14:00:00,14,0,11,3.4721388577571024
2025-11-03 15:00:00,15,0,11,4.5764496581255365
2025-11-03 16:00:00,16,0,11,3.2567909646788
2025-11-03 17:00:00,17,0,11,6.515458538813137
2025-11-03 18:00:00,18,0,11,6.312054796703141
2025-11-03 19:00:00,19,0,11,5.277887801237868
2025-11-03 20:00:00,20,0,11,5.526976443272603
2025-11-03 21:00:00,21,0,11,5.055685281335542
2025-11-03 22:00:00,22,0,11,5.130525362372885
2025-11-03 23:00:00,23,0,11,1.0132233077526578
2025-11-04 00:00:00,0,1,11,0.5367656536545115
2025-11-04 01:00:00,1,1,11,0.7978040978221955
2025-11-04 02:00:00,2,1,11,1.1346526775801302
2025-11-04 03:00:00,3,1,11,1.2242469851573645
2025-11-04 04:00:00,4,1,11,1.2819646697103584
2025-11-04 05:00:00,5,1,11,0.9863210164091027
2025-11-04 06:00:00,6,1,11,4.299964630797861
2025-11-04 07:00:00,7,1,11,5.28893779163288
2025-11-04 08:00:00,8,1,11,5.073929062902983
2025-11-04 09:00:00,9,1,11,5.493654207621406
2025-11-04 10:00:00,10,1,11,3.789638294241862
2025-11-04 11:00:00,11,1,11,3.9578567736296177
2025-11-04 12:00:00,12,1,11,4.32155512618084
2025-11-04 13:00:00,13,1,11,4.158149472474267
2025-11-04 14:00:00,14,1,11,3.823817871572292
2025-11-04 15:00:00,15,1,11,3.4806425416731566
2025-11-04 16:00:00,16,1,11,3.4610707096675513
2025-11-04 17:00:00,17,1,11,6.375651798580266
2025-11-04 18:00:00,18,1,11,5.761795383204592
2025-11-04 19:00:00,19,1,11,5.625735473252572
2025-11-04 20:00:00,20,1,11,5.287431485826385
2025-11-04 21:00:00,21,1,11,5.0832717725080725
2025-11-04 22:00:00,22,1,11,4.952457815755771
2025-11-04 23:00:00,23,1,11,1.2321648617148853
2025-11-05 00:00:00,0,2,11,0.5280006345073331
2025-11-05 01:00:00,1,2,11,0.861958361272324
2025-11-05 02:00:00,2,2,11,1.0687362875290372
2025-11-05 03:00:00,3,2,11,0.4666543918525059
2025-11-05 04:00:00,4,2,11,1.9948056362611715
2025-11-05 05:00:00,5,2,11,1.8069511650041865
2025-11-05 06:00:00,6,2,11,4.264312566178332
2025-11-05 07:00:00,7,2,11,5.046210585010506
2025-11-05 08:00:00,8,2,11,4.636171435596843
2025-11-05 09:00:00,9,2,11,5.479616772353612
2025-11-05 10:00:00,10,2,11,3.516714522539047
2025-11-05 11:00:00,11,2,11,3.7254033588702904
2025-11-05 12:00:00,12,2,11,3.640011784311851
2025-11-05 13:00:00,13,2,11,4.6662412854746105
2025-11-05 14:00:00,14,2,11,3.798688723403374
2025-11-05 15:00:00,15,2,11,4.078823804434939
2025-11-05 16:00:00,16,2,11,2.810657216791047
2025-11-05 17:00:00,17,2,11,6.721995411875914
2025-11-05 18:00:00,18,2,11,6.309113030036605
2025-11-05 19:00:00,19,2,11,5.538973644118921
2025-11-05 20:00:00,20,2,11,5.0209944458910485
2025-11-05 21:00:00,21,2,11,4.910000002245426
2025-11-05 22:00:00,22,2,11,5.354856092572295
2025-11-05 23:00:00,23,2,11,0.4956672147619481
2025-11-06 00:00:00,0,3,11,1.3639222155960486
2025-11-06 01:00:00,1,3,11,0.635353079138439
2025-11-06 02:00:00,2,3,11,1.043143902046505
2025-11-06 03:00:00,3,3,11,1.1018098466918769
2025-11-06 04:00:00,4,3,11,1.2680125251010763
2025-11-06 05:00:00,5,3,11,1.7458139483789084
2025-11-06 06:00:00,6,3,11,3.6581029742351023
2025-11-06 07:00:00,7,3,11,4.911672174451187
2025-11-06 08:00:00,8,3,11,4.170571163174341
2025-11-06 09:00:00,9,3,11,5.465905805131337
2025-11-06 10:00:00,10,3,11,3.430045830765993
2025-11-06 11:00:00,11,3,11,3.3306681481536766
2025-11-06 12:00:00,12,3,11,4.029842087673081
2025-11-06 13:00:00,13,3,11,3.3772195653174086
2025-11-06 14:00:00,14,3,11,3.9647742681214564
2025-11-06 15:00:00,15,3,11,3.2298873425520362
2025-11-06 16:00:00,16,3,11,3.7451690055069538
2025-11-06 17:00:00,17,3,11,5.88025706654785
2025-11-06 18:00:00,18,3,11,5.707830960842058
2025-11-06 19:00:00,19,3,11,5.617579755177265
2025-11-06 20:00:00,20,3,11,4.802754587609324
2025-11-06 21:00:00,21,3,11,4.726814400132679
2025-11-06 22:00:00,22,3,11,3.8338076277222375
2025-11-06 23:00:00,23,3,11,1.4533121357618044
2025-11-07 00:00:00,0,4,11,1.7570767827867062
2025-11-07 01:00:00,1,4,11,2.116883547163985
2025-11-07 02:00:00,2,4,11,1.0875785192329732
2025-11-07 03:00:00,3,4,11,1.5162435506422167
2025-11-07 04:00:00,4,4,11,0.7270895590571829
2025-11-07 05:00:00,5,4,11,2.3510937305222352
2025-11-07 06:00:00,6,4,11,4.422262834235861
2025-11-07 07:00:00,7,4,11,4.306426622019507
2025-11-07 08:00:00,8,4,11,5.383100887769385
2025-11-07 09:00:00,9,4,11,5.148209569341863
2025-11-07 10:00:00,10,4,11,3.377450098573999
2025-11-07 11:00:00,11,4,11,3.9891720758476543
2025-11-07 12:00:00,12,4,11,3.523546939501475
2025-11-07 13:00:00,13,4,11,4.4086499057599795
2025-11-07 14:00:00,14,4,11,3.5264928146628653
2025-11-07 15:00:00,15,4,11,3.3790161897473836
2025-11-07 16:00:00,16,4,11,3.1967842564164877
2025-11-07 17:00:00,17,4,11,6.553800015006449
2025-11-07 18:00:00,18,4,11,5.641518423045898
2025-11-07 19:00:00,19,4,11,4.960801686253133
2025-11-07 20:00:00,20,4,11,4.869499432371899
2025-11-07 21:00:00,21,4,11,4.737183051727805
2025-11-07 22:00:00,22,4,11,3.966950834754425
2025-11-07 23:00:00,23,4,11,0.7402894507096047
2025-11-08 00:00:00,0,5,11,2.6956297942062313
2025-11-08 01:00:00,1,5,11,1.4557738384744452
2025-11-08 02:00:00,2,5,11,1.7218943130571949
2025-11-08 03:00:00,3,5,11,1.8540670940036275
2025-11-08 04:00:00,4,5,11,2.070797105112002
2025-11-08 05:00:00,5,5,11,2.7985386959876406
2025-11-08 06:00:00,6,5,11,5.2910286125350385
2025-11-08 07:00:00,7,5,11,5.177618227387363
2025-11-08 08:00:00,8,5,11,5.193637253016842
2025-11-08 09:00:00,9,5,11,6.559776091139561
2025-11-08 10:00:00,10,5,11,4.322523735301148
2025-11-08 11:00:00,11,5,11,5.291166831619526
2025-11-08 12:00:00,12,5,11,3.850654380407537
2025-11-08 13:00:00,13,5,11,4.878161288513328
2025-11-08 14:00:00,14,5,11,5.516331272984085
2025-11-08 15:00:00,15,5,11,4.4577324515013945
2025-11-08 16:00:00,16,5,11,4.270462802445968
2025-11-08 17:00:00,17,5,11,7.168204676636135
2025-11-08 18:00:00,18,5,11,6.464710240099798
2025-11-08 19:00:00,19,5,11,6.1751712271789065
2025-11-08 20:00:00,20,5,11,5.776645394669657
2025-11-08 21:00:00,21,5,11,5.29903170622945
2025-11-08 22:00:00,22,5,11,5.730882448300402
2025-11-08 23:00:00,23,5,11,2.185393107241916
2025-11-09 00:00:00,0,6,11,1.9513625534077184
2025-11-09 01:00:00,1,6,11,2.123428402756047
2025-11-09 02:00:00,2,6,11,1.7453689272850108
2025-11-09 03:00:00,3,6,11,1.6912803669821816
2025-11-09 04:00:00,4,6,11,1.998290106374356
2025-11-09 05:00:00,5,6,11,2.5507132164418436
2025-11-09 06:00:00,6,6,11,4.488086748997057
2025-11-09 07:00:00,7,6,11,5.099895593365329
2025-11-09 08:00:00,8,6,11,5.481781910905207
2025-11-09 09:00:00,9,6,11,6.899822491931605
2025-11-09 10:00:00,10,6,11,3.251134195806255
2025-11-09 11:00:00,11,6,11,4.527190217114405
2025-11-09 12:00:00,12,6,11,5.439166256559511
2025-11-09 13:00:00,13,6,11,4.848737785652982
2025-11-09 14:00:00,14,6,11,5.050255728802039
2025-11-09 15:00:00,15,6,11,4.638968631716565
2025-11-09 16:00:00,16,6,11,4.09372681929323
2025-11-09 17:00:00,17,6,11,6.153233626196434
2025-11-09 18:00:00,18,6,11,6.770410842468302
2025-11-09 19:00:00,19,6,11,5.989757358159043
2025-11-09 20:00:00,20,6,11,5.5916372698800965
2025-11-09 21:00:00,21,6,11,5.3504050976083555
2025-11-09 22:00:00,22,6,11,5.937284390869577
2025-11-09 23:00:00,23,6,11,2.9628969112249317
2025-11-10 00:00:00,0,0,11,1.1379944355777578
2025-11-10 01:00:00,1,0,11,0.8140931104353089
2025-11-10 02:00:00,2,0,11,0.5802206935859133
2025-11-10 03:00:00,3,0,11,1.3883779589417697
2025-11-10 04:00:00,4,0,11,2.1525020682462364
2025-11-10 05:00:00,5,0,11,1.6510638451899373
2025-11-10 06:00:00,6,0,11,3.160173016044929
2025-11-10 07:00:00,7,0,11,4.76801986872621
2025-11-10 08:00:00,8,0,11,5.282388452233802
2025-11-10 09:00:00,9,0,11,4.615661743845661
2025-11-10 10:00:00,10,0,11,3.6312538452450025
2025-11-10 11:00:00,11,0,11,3.9795285121310977
2025-11-10 12:00:00,12,0,11,3.919645818630027
2025-11-10 13:00:00,13,0,11,3.6836916323658584
2025-11-10 14:00:00,14,0,11,4.355263628859025
2025-11-10 15:00:00,15,0,11,3.637686207289185
2025-11-10 16:00:00,16,0,11,2.9665857066998487
2025-11-10 17:00:00,17,0,11,5.430210205732127
2025-11-10 18:00:00,18,0,11,6.392568375653505
2025-11-10 19:00:00,19,0,11,5.746665590588448
2025-11-10 20:00:00,20,0,11,5.146960851197886
2025-11-10 21:00:00,21,0,11,4.5738901452596785
2025-11-10 22:00:00,22,0,11,4.227740462538928
2025-11-10 23:00:00,23,0,11,0.7706672349466976
2025-11-11 00:00:00,0,1,11,0.8785290027424435
2025-11-11 01:00:00,1,1,11,0.15196511395193024
2025-11-11 02:00:00,2,1,11,0.7566857991789917
2025-11-11 03:00:00,3,1,11,1.0765868877829043
2025-11-11 04:00:00,4,1,11,1.683291847096346
2025-11-11 05:00:00,5,1,11,1.7340294146506545
2025-11-11 06:00:00,6,1,11,4.429740677896442
2025-11-11 07:00:00,7,1,11,5.039654042045372
2025-11-11 08:00:00,8,1,11,5.3114966051834225
2025-11-11 09:00:00,9,1,11,5.438203938951423
2025-11-11 10:00:00,10,1,11,3.565405243452135
2025-11-11 11:00:00,11,1,11,3.4067229023112344
2025-11-11 12:00:00,12,1,11,4.244866359985329
2025-11-11 13:00:00,13,1,11,4.671898952888611
2025-11-11 14:00:00,14,1,11,4.08573115529377
2025-11-11 15:00:00,15,1,11,4.565941765047107
2025-11-11 16:00:00,16,1,11,2.9504314885553877
2025-11-11 17:00:00,17,1,11,5.788334646088184
2025-11-11 18:00:00,18,1,11,6.230309170753086
2025-11-11 19:00:00,19,1,11,5.6057160840613
2025-11-11 20:00:00,20,1,11,5.637284302974941
2025-11-11 21:00:00,21,1,11,4.743811343709305
2025-11-11 22:00:00,22,1,11,4.092149659208847
2025-11-11 23:00:00,23,1,11,1.1155245974413253
2025-11-12 00:00:00,0,2,11,0.4380376721969038
2025-11-12 01:00:00,1,2,11,0.5485637307611861
2025-11-12 02:00:00,2,2,11,1.4400888597336015
2025-11-12 03:00:00,3,2,11,1.550076860111186
2025-11-12 04:00:00,4,2,11,1.5845415421426092
2025-11-12 05:00:00,5,2,11,1.0615689916158122
2025-11-12 06:00:00,6,2,11,3.968410002141063
2025-11-12 07:00:00,7,2,11,4.01000004453598
2025-11-12 08:00:00,8,2,11,5.358841869168888
2025-11-12 09:00:00,9,2,11,5.01651114657496
2025-11-12 10:00:00,10,2,11,3.1263610874672016
2025-11-12 11:00:00,11,2,11,3.8109565717252276
2025-11-12 12:00:00,12,2,11,3.692826956699758
2025-11-12 13:00:00,13,2,11,4.593497564081483
2025-11-12 14:00:00,14,2,11,3.6549643804199263
2025-11-12 15:00:00,15,2,11,3.2393468019868052
2025-11-12 16:00:00,16,2,11,2.699494765476815
2025-11-12 17:00:00,17,2,11,6.237685399034634
2025-11-12 18:00:00,18,2,11,5.663456522110611
2025-11-12 19:00:00,19,2,11,4.928438157395309
2025-11-12 20:00:00,20,2,11,5.587462016848533
2025-11-12 21:00:00,21,2,11,5.016898058971697
2025-11-12 22:00:00,22,2,11,4.4280526766452875
2025-11-12 23:00:00,23,2,11,1.7466923919916888
2025-11-13 00:00:00,0,3,11,1.3161256739258427
2025-11-13 01:00:00,1,3,11,0.6708576393926271
2025-11-13 02:00:00,2,3,11,0.635423194970091
2025-11-13 03:00:00,3,3,11,1.5281545121048865
2025-11-13 04:00:00,4,3,11,1.597886610807119
2025-11-13 05:00:00,5,3,11,1.8178991071882646
2025-11-13 06:00:00,6,3,11,3.7731723111986555
2025-11-13 07:00:00,7,3,11,4.743179026802301
2025-11-13 08:00:00,8,3,11,4.586029014400202
2025-11-13 09:00:00,9,3,11,5.209205338162529
2025-11-13 10:00:00,10,3,11,4.1394378303346135
2025-11-13 11:00:00,11,3,11,3.5347044113525996
2025-11-13 12:00:00,12,3,11,3.319693036604458
2025-11-13 13:00:00,13,3,11,3.578981123251956
2025-11-13 14:00:00,14,3,11,4.346608270108652
2025-11-13 15:00:00,15,3,11,3.900930560628742
2025-11-13 16:00:00,16,3,11,3.50910922030432
2025-11-13 17:00:00,17,3,11,6.046362477875372
2025-11-13 18:00:00,18,3,11,6.082372530675058
2025-11-13 19:00:00,19,3,11,5.160358059603911
2025-11-13 20:00:00,20,3,11,5.234037659803257
2025-11-13 21:00:00,21,3,11,4.457498172474817
2025-11-13 22:00:00,22,3,11,4.080276074110158
2025-11-13 23:00:00,23,3,11,0.9459669203933375
2025-11-14 00:00:00,0,4,11,0.9009482819728127
2025-11-14 01:00:00,1,4,11,0.9804680656265188
2025-11-14 02:00:00,2,4,11,1.1452935786108431
2025-11-14 03:00:00,3,4,11,0.1
2025-11-14 04:00:00,4,4,11,1.1162796051214725
2025-11-14 05:00:00,5,4,11,1.5933720090575842
2025-11-14 06:00:00,6,4,11,4.713796247789551
2025-11-14 07:00:00,7,4,11,4.0679989566471475
2025-11-14 08:00:00,8,4,11,4.953347214893746
2025-11-14 09:00:00,9,4,11,5.8480121238943354
2025-11-14 10:00:00,10,4,11,3.0354727598009124
2025-11-14 11:00:00,11,4,11,3.956628196022419
2025-11-14 12:00:00,12,4,11,3.6279800058597944
2025-11-14 13:00:00,13,4,11,3.7981465030843062
2025-11-14 14:00:00,14,4,11,3.6276444058522768
2025-11-14 15:00:00,15,4,11,3.5062951823103035
2025-11-14 16:00:00,16,4,11,4.649425030942418
2025-11-14 17:00:00,17,4,11,6.587782348828666
2025-11-14 18:00:00,18,4,11,6.328923712368265
2025-11-14 19:00:00,19,4,11,5.696797394734599
2025-11-14 20:00:00,20,4,11,4.469268716985435
2025-11-14 21:00:00,21,4,11,4.9079831881293225
2025-11-14 22:00:00,22,4,11,4.868511674023118
2025-11-14 23:00:00,23,4,11,0.8596021047076976
2025-11-15 00:00:00,0,5,11,2.237241927430848
2025-11-15 01:00:00,1,5,11,2.0817344839416316
2025-11-15 02:00:00,2,5,11,2.5919272784918657
2025-11-15 03:00:00,3,5,11,1.8338486893178942
2025-11-15 04:00:00,4,5,11,1.8002954353098881
2025-11-15 05:00:00,5,5,11,2.4053487562509814
2025-11-15 06:00:00,6,5,11,5.485999829611668
2025-11-15 07:00:00,7,5,11,4.5686376476632145
2025-11-15 08:00:00,8,5,11,4.8608782814813685
2025-11-15 09:00:00,9,5,11,6.085758111572646
2025-11-15 10:00:00,10,5,11,4.183624454670159
2025-11-15 11:00:00,11,5,11,4.6021292629469315
2025-11-15 12:00:00,12,5,11,5.127013447927949
2025-11-15 13:00:00,13,5,11,4.578972261552459
2025-11-15 14:00:00,14,5,11,3.999686407061354
2025-11-15 15:00:00,15,5,11,5.4168307285566355
2025-11-15 16:00:00,16,5,11,3.9617688568043112
2025-11-15 17:00:00,17,5,11,6.62638515119516
2025-11-15 18:00:00,18,5,11,7.12971657314282
2025-11-15 19:00:00,19,5,11,6.146204351583393
2025-11-15 20:00:00,20,5,11,5.886415491532294
2025-11-15 21:00:00,21,5,11,5.743116049624127
2025-11-15 22:00:00,22,5,11,5.672773069464177
2025-11-15 23:00:00,23,5,11,1.8675776170506335
2025-11-16 00:00:00,0,6,11,2.4590920629321174
2025-11-16 01:00:00,1,6,11,0.9456800605060778
2025-11-16 02:00:00,2,6,11,2.1550261553476284
2025-11-16 03:00:00,3,6,11,1.6651508711162788
2025-11-16 04:00:00,4,6,11,2.7882483548633754
2025-11-16 05:00:00,5,6,11,2.606817791532218
2025-11-16 06:00:00,6,6,11,4.642609299542458
2025-11-16 07:00:00,7,6,11,5.565136437208653
2025-11-16 08:00:00,8,6,11,6.045503906536682
2025-11-16 09:00:00,9,6,11,6.306757649143455
2025-11-16 10:00:00,10,6,11,3.9487816759265977
2025-11-16 11:00:00,11,6,11,4.405431256227824
2025-11-16 12:00:00,12,6,11,4.747259604585028
2025-11-16 13:00:00,13,6,11,4.7834961389399755
2025-11-16 14:00:00,14,6,11,5.048786929608942
2025-11-16 15:00:00,15,6,11,3.7930776126740144
2025-11-16 16:00:00,16,6,11,4.494390993601223
2025-11-16 17:00:00,17,6,11,6.934007458225344
2025-11-16 18:00:00,18,6,11,6.3528283211002
2025-11-16 19:00:00,19,6,11,6.00300528889216
2025-11-16 20:00:00,20,6,11,5.825956366539033
2025-11-16 21:00:00,21,6,11,4.1095659582161925
2025-11-16 22:00:00,22,6,11,4.958823999903559
2025-11-16 23:00:00,23,6,11,1.650635964464825
2025-11-17 00:00:00,0,0,11,1.2642245442954472
2025-11-17 01:00:00,1,0,11,0.6777893269957918
2025-11-17 02:00:00,2,0,11,0.9650657404982015
2025-11-17 03:00:00,3,0,11,1.8178725453878628
2025-11-17 04:00:00,4,0,11,1.837080436146348
2025-11-17 05:00:00,5,0,11,2.110908559977381
2025-11-17 06:00:00,6,0,11,3.911822460181878
2025-11-17 07:00:00,7,0,11,4.717212911715861
2025-11-17 08:00:00,8,0,11,4.794669447472344
2025-11-17 09:00:00,9,0,11,5.171562715729225
2025-11-17 10:00:00,10,0,11,3.7245343092784413
2025-11-17 11:00:00,11,0,11,3.560240670308285
2025-11-17 12:00:00,12,0,11,4.5460899812108835
2025-11-17 13:00:00,13,0,11,3.935947944160825
2025-11-17 14:00:00,14,0,11,4.196232965937469
2025-11-17 15:00:00,15,0,11,4.381278297379577
2025-11-17 16:00:00,16,0,11,3.9733216816098915
2025-11-17 17:00:00,17,0,11,5.68643235892379
2025-11-17 18:00:00,18,0,11,6.066186925657735
2025-11-17 19:00:00,19,0,11,5.8402877577842585
2025-11-17 20:00:00,20,0,11,5.468516641210518
2025-11-17 21:00:00,21,0,11,4.304682066354148
2025-11-17 22:00:00,22,0,11,4.176525733413249
2025-11-17 23:00:00,23,0,11,1.5987851886199909
2025-11-18 00:00:00,0,1,11,0.7464071122933391
2025-11-18 01:00:00,1,1,11,0.8801215773342743
2025-11-18 02:00:00,2,1,11,1.6814615843671854
2025-11-18 03:00:00,3,1,11,1.1818421941694262
2025-11-18 04:00:00,4,1,11,1.1486301730866413
2025-11-18 05:00:00,5,1,11,1.3989530572548379
2025-11-18 06:00:00,6,1,11,4.244859164180293
2025-11-18 07:00:00,7,1,11,3.966740796609116
2025-11-18 08:00:00,8,1,11,4.789294182095214
2025-11-18 09:00:00,9,1,11,5.383292213996008
2025-11-18 10:00:00,10,1,11,4.080320099998889
2025-11-18 11:00:00,11,1,11,4.066057337824656
2025-11-18 12:00:00,12,1,11,3.663262692240731
2025-11-18 13:00:00,13,1,11,4.471367727025488
2025-11-18 14:00:00,14,1,11,3.8290827244146115
2025-11-18 15:00:00,15,1,11,3.3047568968568943
2025-11-18 16:00:00,16,1,11,3.4918436280736325
2025-11-18 17:00:00,17,1,11,6.825267680458281
2025-11-18 18:00:00,18,1,11,5.954324587679752
2025-11-18 19:00:00,19,1,11,5.505008745731915
2025-11-18 20:00:00,20,1,11,5.76665609022736
2025-11-18 21:00:00,21,1,11,4.177458061178229
2025-11-18 22:00:00,22,1,11,3.92510018259907
2025-11-18 23:00:00,23,1,11,0.5546233059366094
2025-11-19 00:00:00,0,2,11,1.2001705351584195
2025-11-19 01:00:00,1,2,11,1.0665972508460497
2025-11-19 02:00:00,2,2,11,1.668205807478308
2025-11-19 03:00:00,3,2,11,1.29835192517805
2025-11-19 04:00:00,4,2,11,1.2776769644284576
2025-11-19 05:00:00,5,2,11,1.7507179491512428
2025-11-19 06:00:00,6,2,11,4.158854399730601
2025-11-19 07:00:00,7,2,11,3.831295490668733
2025-11-19 08:00:00,8,2,11,5.972361225387739
2025-11-19 09:00:00,9,2,11,5.457948407240765
2025-11-19 10:00:00,10,2,11,3.644663494988857
2025-11-19 11:00:00,11,2,11,4.04510369938809
2025-11-19 12:00:00,12,2,11,4.232653131668244
2025-11-19 13:00:00,13,2,11,3.9437786057990274
2025-11-19 14:00:00,14,2,11,3.696392284937322
2025-11-19 15:00:00,15,2,11,4.038818380205339
2025-11-19 16:00:00,16,2,11,3.7149445079924024
2025-11-19 17:00:00,17,2,11,5.926043960364237
2025-11-19 18:00:00,18,2,11,6.455842812200687
2025-11-19 19:00:00,19,2,11,5.617340814529193
2025-11-19 20:00:00,20,2,11,5.40369917725327
2025-11-19 21:00:00,21,2,11,5.306768355071967
2025-11-19 22:00:00,22,2,11,4.448095356686113
2025-11-19 23:00:00,23,2,11,1.3277426971169883
2025-11-20 00:00:00,0,3,11,1.375122155968844
2025-11-20 01:00:00,1,3,11,0.710055566479979
2025-11-20 02:00:00,2,3,11,1.0727319257047978
2025-11-20 03:00:00,3,3,11,1.2511813289838014
2025-11-20 04:00:00,4,3,11,1.0569164075468207
2025-11-20 05:00:00,5,3,11,2.677054715469551
2025-11-20 06:00:00,6,3,11,3.5488540549492575
2025-11-20 07:00:00,7,3,11,3.980758438525137
2025-11-20 08:00:00,8,3,11,5.413919197935213
2025-11-20 09:00:00,9,3,11,5.535306500318617
2025-11-20 10:00:00,10,3,11,3.1502742447875103
2025-11-20 11:00:00,11,3,11,4.041953711717335
2025-11-20 12:00:00,12,3,11,4.536028917432526
2025-11-20 13:00:00,13,3,11,3.987894776961206
2025-11-20 14:00:00,14,3,11,4.988417899463435
2025-11-20 15:00:00,15,3,11,3.1094133813294436
2025-11-20 16:00:00,16,3,11,3.8381895533234625
2025-11-20 17:00:00,17,3,11,6.716611334488402
2025-11-20 18:00:00,18,3,11,6.24476612829588
2025-11-20 19:00:00,19,3,11,5.418257709341741
2025-11-20 20:00:00,20,3,11,4.995594839541758
2025-11-20 21:00:00,21,3,11,4.927658068434903
2025-11-20 22:00:00,22,3,11,4.765641622881007
2025-11-20 23:00:00,23,3,11,1.4419512688362874
2025-11-21 00:00:00,0,4,11,1.4671344168837532
2025-11-21 01:00:00,1,4,11,0.5924520171733059
2025-11-21 02:00:00,2,4,11,0.9600028689169436
2025-11-21 03:00:00,3,4,11,0.8249555214738403
2025-11-21 04:00:00,4,4,11,1.284894717785722
2025-11-21 05:00:00,5,4,11,2.1560883567257223
2025-11-21 06:00:00,6,4,11,4.15496500063631
2025-11-21 07:00:00,7,4,11,5.542743665259908
2025-11-21 08:00:00,8,4,11,4.965591114529668
2025-11-21 09:00:00,9,4,11,5.273876752231894
2025-11-21 10:00:00,10,4,11,3.603133339555908
2025-11-21 11:00:00,11,4,11,3.5439146285326837
2025-11-21 12:00:00,12,4,11,3.925754094482565
2025-11-21 13:00:00,13,4,11,4.451115210844659
2025-11-21 14:00:00,14,4,11,3.9944770066847113
2025-11-21 15:00:00,15,4,11,3.4816542137232696
2025-11-21 16:00:00,16,4,11,3.190626323588367
2025-11-21 17:00:00,17,4,11,6.069919243333663
2025-11-21 18:00:00,18,4,11,5.917773941418134
2025-11-21 19:00:00,19,4,11,5.977434614190505
2025-11-21 20:00:00,20,4,11,4.5755759757996435
2025-11-21 21:00:00,21,4,11,4.622069488844497
2025-11-21 22:00:00,22,4,11,4.497063835994211
2025-11-21 23:00:00,23,4,11,0.46747958727156835
2025-11-22 00:00:00,0,5,11,1.517671947379835
2025-11-22 01:00:00,1,5,11,1.5280445841055255
2025-11-22 02:00:00,2,5,11,1.5327231110261983
2025-11-22 03:00:00,3,5,11,2.0777177123320008
2025-11-22 04:00:00,4,5,11,2.17511598441946
2025-11-22 05:00:00,5,5,11,2.3278855589595855
2025-11-22 06:00:00,6,5,11,5.082956482967273
2025-11-22 07:00:00,7,5,11,5.9892298870584995
2025-11-22 08:00:00,8,5,11,6.343931174350482
2025-11-22 09:00:00,9,5,11,5.280891291175065
2025-11-22 10:00:00,10,5,11,4.591489045313877
2025-11-22 11:00:00,11,5,11,4.527828789651123
2025-11-22 12:00:00,12,5,11,4.810950876579745
2025-11-22 13:00:00,13,5,11,4.640686786582981
2025-11-22 14:00:00,14,5,11,4.795924191388483
2025-11-22 15:00:00,15,5,11,4.659601064105465
2025-11-22 16:00:00,16,5,11,4.129079468840253
2025-11-22 17:00:00,17,5,11,6.6914529808699275
2025-11-22 18:00:00,18,5,11,6.508750294605988
2025-11-22 19:00:00,19,5,11,6.393703705782706
2025-11-22 20:00:00,20,5,11,6.151369969019924
2025-11-22 21:00:00,21,5,11,5.891339590936059
2025-11-22 22:00:00,22,5,11,5.041663818993413
2025-11-22 23:00:00,23,5,11,2.114499721244437
2025-11-23 00:00:00,0,6,11,2.236112297347717
2025-11-23 01:00:00,1,6,11,2.2662379580576513
2025-11-23 02:00:00,2,6,11,1.8275781189137887
2025-11-23 03:00:00,3,6,11,1.9125892043474968
2025-11-23 04:00:00,4,6,11,2.315789521754736
2025-11-23 05:00:00,5,6,11,2.0901170108410376
2025-11-23 06:00:00,6,6,11,4.834327627932015
2025-11-23 07:00:00,7,6,11,5.597834559389252
2025-11-23 08:00:00,8,6,11,5.945007419431262
2025-11-23 09:00:00,9,6,11,5.941892958254444
2025-11-23 10:00:00,10,6,11,4.4477474522146885
2025-11-23 11:00:00,11,6,11,4.269177969560383
2025-11-23 12:00:00,12,6,11,5.030285598723612
2025-11-23 13:00:00,13,6,11,4.76887142554541
2025-11-23 14:00:00,14,6,11,4.638508158755147
2025-11-23 15:00:00,15,6,11,4.454348571239303
2025-11-23 16:00:00,16,6,11,4.3355026250198785
2025-11-23 17:00:00,17,6,11,6.870848942027217
2025-11-23 18:00:00,18,6,11,6.951485782054807
2025-11-23 19:00:00,19,6,11,6.1418865807935275
2025-11-23 20:00:00,20,6,11,6.5489570707571705
2025-11-23 21:00:00,21,6,11,6.136084201392552
2025-11-23 22:00:00,22,6,11,4.882722432278377
2025-11-23 23:00:00,23,6,11,2.0288436020950544
2025-11-24 00:00:00,0,0,11,0.7908486120319195
2025-11-24 01:00:00,1,0,11,0.8693409747245554
2025-11-24 02:00:00,2,0,11,1.8520822476243164
2025-11-24 03:00:00,3,0,11,1.0779333274770222
2025-11-24 04:00:00,4,0,11,1.58343024305115
2025-11-24 05:00:00,5,0,11,1.9665285176033114
2025-11-24 06:00:00,6,0,11,3.7115196833529223
2025-11-24 07:00:00,7,0,11,4.157961810236318
2025-11-24 08:00:00,8,0,11,4.405819619090534
2025-11-24 09:00:00,9,0,11,4.8956117064408895
2025-11-24 10:00:00,10,0,11,2.4206481280529486
2025-11-24 11:00:00,11,0,11,4.016871065994109
2025-11-24 12:00:00,12,0,11,4.77056627593603
2025-11-24 13:00:00,13,0,11,4.05912829561461
2025-11-24 14:00:00,14,0,11,3.3823811956973593
2025-11-24 15:00:00,15,0,11,3.541927552516679
2025-11-24 16:00:00,16,0,11,3.3771094337698226
2025-11-24 17:00:00,17,0,11,5.8429660891146495
2025-11-24 18:00:00,18,0,11,6.232301623011844
2025-11-24 19:00:00,19,0,11,5.824104017750134
2025-11-24 20:00:00,20,0,11,4.649590714819155
2025-11-24 21:00:00,21,0,11,5.0400324177790035
2025-11-24 22:00:00,22,0,11,5.0500648936510855
2025-11-24 23:00:00,23,0,11,1.9619851764151661
2025-11-25 00:00:00,0,1,11,2.197196069800783
2025-11-25 01:00:00,1,1,11,0.6392029402227211
2025-11-25 02:00:00,2,1,11,2.1807994311244787
2025-11-25 03:00:00,3,1,11,1.0592793389198267
2025-11-25 04:00:00,4,1,11,1.202353646067973
2025-11-25 05:00:00,5,1,11,1.8808289499511381
2025-11-25 06:00:00,6,1,11,3.8789468987090134
2025-11-25 07:00:00,7,1,11,4.659617656258611
2025-11-25 08:00:00,8,1,11,4.360197692558861
2025-11-25 09:00:00,9,1,11,5.154498959174626
2025-11-25 10:00:00,10,1,11,4.074893065524493
2025-11-25 11:00:00,11,1,11,3.7762135891041955
2025-11-25 12:00:00,12,1,11,4.005527054129556
2025-11-25 13:00:00,13,1,11,4.190103441886925
2025-11-25 14:00:00,14,1,11,4.417153391160666
2025-11-25 15:00:00,15,1,11,3.1369482208008845
2025-11-25 16:00:00,16,1,11,3.7944697925147954
2025-11-25 17:00:00,17,1,11,6.142744344303295
2025-11-25 18:00:00,18,1,11,5.954883725778517
2025-11-25 19:00:00,19,1,11,5.92398006790495
2025-11-25 20:00:00,20,1,11,4.634096771781481
2025-11-25 21:00:00,21,1,11,4.344942223422764
2025-11-25 22:00:00,22,1,11,3.6651678443346567
2025-11-25 23:00:00,23,1,11,0.9812983176178316
2025-11-26 00:00:00,0,2,11,1.5832841983179242
2025-11-26 01:00:00,1,2,11,0.9517651246106122
2025-11-26 02:00:00,2,2,11,0.5150613023044831
2025-11-26 03:00:00,3,2,11,1.0066903964933231
2025-11-26 04:00:00,4,2,11,0.8441951468239294
2025-11-26 05:00:00,5,2,11,1.2999255593075354
2025-11-26 06:00:00,6,2,11,4.267298996451704
2025-11-26 07:00:00,7,2,11,4.030450669477588
2025-11-26 08:00:00,8,2,11,5.333282289735102
2025-11-26 09:00:00,9,2,11,5.221551883667866
2025-11-26 10:00:00,10,2,11,3.594898053357632
2025-11-26 11:00:00,11,2,11,3.6876889186335005
2025-11-26 12:00:00,12,2,11,4.258027874851091
2025-11-26 13:00:00,13,2,11,4.313263955110804
2025-11-26 14:00:00,14,2,11,4.082910480198471
2025-11-26 15:00:00,15,2,11,4.024953748039717
2025-11-26 16:00:00,16,2,11,3.475824303811651
2025-11-26 17:00:00,17,2,11,6.466881202763619
2025-11-26 18:00:00,18,2,11,5.753077457464259
2025-11-26 19:00:00,19,2,11,5.500892648864961
2025-11-26 20:00:00,20,2,11,5.0019139325997
2025-11-26 21:00:00,21,2,11,4.567112584272322
2025-11-26 22:00:00,22,2,11,4.163695109131463
2025-11-26 23:00:00,23,2,11,1.3880379358668964
2025-11-27 00:00:00,0,3,11,1.5753536256917828
2025-11-27 01:00:00,1,3,11,1.4684407886678237
2025-11-27 02:00:00,2,3,11,0.5484851261882233
2025-11-27 03:00:00,3,3,11,1.7166431148860912
2025-11-27 04:00:00,4,3,11,1.312076427573007
2025-11-27 05:00:00,5,3,11,1.9902932060582366
2025-11-27 06:00:00,6,3,11,3.749285299527334
2025-11-27 07:00:00,7,3,11,4.5567919655496025
2025-11-27 08:00:00,8,3,11,5.013717840812545
2025-11-27 09:00:00,9,3,11,4.656158083232139
2025-11-27 10:00:00,10,3,11,3.8039670383174973
2025-11-27 11:00:00,11,3,11,4.337412108811984
2025-11-27 12:00:00,12,3,11,3.8790295611609515
2025-11-27 13:00:00,13,3,11,4.544067252331205
2025-11-27 14:00:00,14,3,11,3.8730113420526395
2025-11-27 15:00:00,15,3,11,4.138871918095305
2025-11-27 16:00:00,16,3,11,2.6732321853993817
2025-11-27 17:00:00,17,3,11,7.217511111725385
2025-11-27 18:00:00,18,3,11,6.486411865750965
2025-11-27 19:00:00,19,3,11,5.386149798298528
2025-11-27 20:00:00,20,3,11,4.3229358216886915
2025-11-27 21:00:00,21,3,11,4.865211347322195
2025-11-27 22:00:00,22,3,11,3.8617696093906764
2025-11-27 23:00:00,23,3,11,1.3789033093463374
2025-11-28 00:00:00,0,4,11,1.2157375482321102
2025-11-28 01:00:00,1,4,11,0.6234387323991901
2025-11-28 02:00:00,2,4,11,1.4994980700121485
2025-11-28 03:00:00,3,4,11,1.5231917754458113
2025-11-28 04:00:00,4,4,11,1.829669163135604
2025-11-28 05:00:00,5,4,11,1.753543081467558
2025-11-28 06:00:00,6,4,11,3.5455618055807356
2025-11-28 07:00:00,7,4,11,4.891148908884455
2025-11-28 08:00:00,8,4,11,4.780080007999465
2025-11-28 09:00:00,9,4,11,4.694087942722932
2025-11-28 10:00:00,10,4,11,4.101475918169552
2025-11-28 11:00:00,11,4,11,4.638801113877662
2025-11-28 12:00:00,12,4,11,3.932389487841921
2025-11-28 13:00:00,13,4,11,4.863648461841317
2025-11-28 14:00:00,14,4,11,3.985414630878142
2025-11-28 15:00:00,15,4,11,3.6468557440101175
2025-11-28 16:00:00,16,4,11,3.3084767901056304
2025-11-28 17:00:00,17,4,11,6.904832963197097
2025-11-28 18:00:00,18,4,11,5.576171015098673
2025-11-28 19:00:00,19,4,11,5.794107723989995
2025-11-28 20:00:00,20,4,11,4.888105898322535
2025-11-28 21:00:00,21,4,11,4.565877294970255
2025-11-28 22:00:00,22,4,11,4.851439705808006
2025-11-28 23:00:00,23,4,11,1.0489471558076007
2025-11-29 00:00:00,0,5,11,1.68919310879828
2025-11-29 01:00:00,1,5,11,2.2531218788699228
2025-11-29 02:00:00,2,5,11,2.490070177855047
2025-11-29 03:00:00,3,5,11,2.258837815637035
2025-11-29 04:00:00,4,5,11,1.9774319179705993
2025-11-29 05:00:00,5,5,11,2.345756600280968
2025-11-29 06:00:00,6,5,11,4.9437375378422335
2025-11-29 07:00:00,7,5,11,5.428372024770263
2025-11-29 08:00:00,8,5,11,5.293082203597873
2025-11-29 09:00:00,9,5,11,6.339215175831946
2025-11-29 10:00:00,10,5,11,4.394865503635661
2025-11-29 11:00:00,11,5,11,3.912754778221406
2025-11-29 12:00:00,12,5,11,4.37731814644931
2025-11-29 13:00:00,13,5,11,4.598348530539335
2025-11-29 14:00:00,14,5,11,4.71974566389718
2025-11-29 15:00:00,15,5,11,5.354749623878257
2025-11-29 16:00:00,16,5,11,4.455928694235673
2025-11-29 17:00:00,17,5,11,6.713691244040549
2025-11-29 18:00:00,18,5,11,6.776480889376646
2025-11-29 19:00:00,19,5,11,6.159164901018447
2025-11-29 20:00:00,20,5,11,6.041674728159635
2025-11-29 21:00:00,21,5,11,5.782227074814246
2025-11-29 22:00:00,22,5,11,5.723032087109754
2025-11-29 23:00:00,23,5,11,1.991247296055332
2025-11-30 00:00:00,0,6,11,2.5066954716063305
2025-11-30 01:00:00,1,6,11,2.1632090650144766
2025-11-30 02:00:00,2,6,11,1.5681354426415224
2025-11-30 03:00:00,3,6,11,2.8849041606227273
2025-11-30 04:00:00,4,6,11,2.370137633528218
2025-11-30 05:00:00,5,6,11,2.2159501984111056
2025-11-30 06:00:00,6,6,11,5.572936652838387
2025-11-30 07:00:00,7,6,11,6.131111034079378
2025-11-30 08:00:00,8,6,11,5.675018462165957
2025-11-30 09:00:00,9,6,11,5.848539895849761
2025-11-30 10:00:00,10,6,11,4.291710188798357
2025-11-30 11:00:00,11,6,11,4.884930796683737
2025-11-30 12:00:00,12,6,11,5.260031401445808
2025-11-30 13:00:00,13,6,11,5.028194932345429
2025-11-30 14:00:00,14,6,11,4.78957802282231
2025-11-30 15:00:00,15,6,11,5.198242813798429
2025-11-30 16:00:00,16,6,11,4.235525582559212
2025-11-30 17:00:00,17,6,11,7.462367735346763
2025-11-30 18:00:00,18,6,11,6.57300344831327
2025-11-30 19:00:00,19,6,11,6.472409183204357
2025-11-30 20:00:00,20,6,11,5.866346406430037
2025-11-30 21:00:00,21,6,11,5.527659126938875
2025-11-30 22:00:00,22,6,11,5.088385221235295
2025-11-30 23:00:00,23,6,11,2.53890350679562
2025-12-01 00:00:00,0,0,12,0.7579408453229834
2025-12-01 01:00:00,1,0,12,0.7039070989805166
2025-12-01 02:00:00,2,0,12,1.8995086869044413
2025-12-01 03:00:00,3,0,12,1.5921009201850747
2025-12-01 04:00:00,4,0,12,0.48529434874296395
2025-12-01 05:00:00,5,0,12,1.5238965043158386
2025-12-01 06:00:00,6,0,12,3.3869756973213967
2025-12-01 07:00:00,7,0,12,4.119723722633898
2025-12-01 08:00:00,8,0,12,3.6328227011601655
2025-12-01 09:00:00,9,0,12,5.195204168922423
2025-12-01 10:00:00,10,0,12,3.1038834441152967
2025-12-01 11:00:00,11,0,12,3.8230002083952335
2025-12-01 12:00:00,12,0,12,3.2988402358805926
2025-12-01 13:00:00,13,0,12,4.033164741268816
2025-12-01 14:00:00,14,0,12,3.7829222281854715
2025-12-01 15:00:00,15,0,12,4.399819291752096
2025-12-01 16:00:00,16,0,12,4.125202916478071
2025-12-01 17:00:00,17,0,12,6.564138241204113
2025-12-01 18:00:00,18,0,12,5.757583055389296
2025-12-01 19:00:00,19,0,12,6.294152158104117
2025-12-01 20:00:00,20,0,12,4.49055732121029
2025-12-01 21:00:00,21,0,12,4.1885765481745345
2025-12-01 22:00:00,22,0,12,4.405826588264553
2025-12-01 23:00:00,23,0,12,2.1025771378917897
2025-12-02 00:00:00,0,1,12,0.9701756978183624
2025-12-02 01:00:00,1,1,12,0.9267019027162873
2025-12-02 02:00:00,2,1,12,0.47434711812167374
2025-12-02 03:00:00,3,1,12,1.5793337284314934
2025-12-02 04:00:00,4,1,12,1.82061032995192
2025-12-02 05:00:00,5,1,12,2.065630080559964
2025-12-02 06:00:00,6,1,12,3.8600831632072734
2025-12-02 07:00:00,7,1,12,4.217317292650797
2025-12-02 08:00:00,8,1,12,4.370979667491794
2025-12-02 09:00:00,9,1,12,5.283549000704373
2025-12-02 10:00:00,10,1,12,3.1284972400684206
2025-12-02 11:00:00,11,1,12,3.3280715035769424
2025-12-02 12:00:00,12,1,12,3.779412452669332
2025-12-02 13:00:00,13,1,12,3.8043375299263134
2025-12-02 14:00:00,14,1,12,3.7336973279048205
2025-12-02 15:00:00,15,1,12,3.9856159444127623
2025-12-02 16:00:00,16,1,12,3.592279292639933
2025-12-02 17:00:00,17,1,12,6.134737587795553
2025-12-02 18:00:00,18,1,12,5.961433738978374
2025-12-02 19:00:00,19,1,12,5.103389183558147
2025-12-02 20:00:00,20,1,12,5.153882881910089
2025-12-02 21:00:00,21,1,12,4.8102409971378535
2025-12-02 22:00:00,22,1,12,3.8381210844771867
2025-12-02 23:00:00,23,1,12,1.599239396071487
2025-12-03 00:00:00,0,2,12,0.6985377784755993
2025-12-03 01:00:00,1,2,12,1.036123919682574
2025-12-03 02:00:00,2,2,12,1.5168759567805057
2025-12-03 03:00:00,3,2,12,1.5712325974088897
2025-12-03 04:00:00,4,2,12,1.4530731836477129
2025-12-03 05:00:00,5,2,12,1.6050003988471726
2025-12-03 06:00:00,6,2,12,4.490776195776445
2025-12-03 07:00:00,7,2,12,4.769877991123448
2025-12-03 08:00:00,8,2,12,4.64088255963613
2025-12-03 09:00:00,9,2,12,4.932042541199324
2025-12-03 10:00:00,10,2,12,2.731718099101422
2025-12-03 11:00:00,11,2,12,3.860650842350093
2025-12-03 12:00:00,12,2,12,3.915809641426243
2025-12-03 13:00:00,13,2,12,4.4544765498570165
2025-12-03 14:00:00,14,2,12,4.092510776825749
2025-12-03 15:00:00,15,2,12,4.3327297833457346
2025-12-03 16:00:00,16,2,12,3.281714480613353
2025-12-03 17:00:00,17,2,12,6.705260132387047
2025-12-03 18:00:00,18,2,12,5.676662016011919
2025-12-03 19:00:00,19,2,12,5.811038424716909
2025-12-03 20:00:00,20,2,12,4.528268075333941
2025-12-03 21:00:00,21,2,12,4.844054119746476
2025-12-03 22:00:00,22,2,12,3.6454646516418148
2025-12-03 23:00:00,23,2,12,1.0941068999466403
2025-12-04 00:00:00,0,3,12,1.2272528581175628
2025-12-04 01:00:00,1,3,12,0.7916125795075617
2025-12-04 02:00:00,2,3,12,0.6309362090640105
2025-12-04 03:00:00,3,3,12,1.5394092820417156
2025-12-04 04:00:00,4,3,12,1.397954712281409
2025-12-04 05:00:00,5,3,12,1.5541717411877314
2025-12-04 06:00:00,6,3,12,4.128529800807929
2025-12-04 07:00:00,7,3,12,5.554667656778236
2025-12-04 08:00:00,8,3,12,5.349629707566399
2025-12-04 09:00:00,9,3,12,5.715029467275136
2025-12-04 10:00:00,10,3,12,3.734878699376767
2025-12-04 11:00:00,11,3,12,3.865632214707517
2025-12-04 12:00:00,12,3,12,2.990455824101436
2025-12-04 13:00:00,13,3,12,3.7284078614147473
2025-12-04 14:00:00,14,3,12,3.7566589741526126
2025-12-04 15:00:00,15,3,12,3.049081280057645
2025-12-04 16:00:00,16,3,12,3.097693855693648
2025-12-04 17:00:00,17,3,12,5.457665411630947
2025-12-04 18:00:00,18,3,12,5.872899033374833
2025-12-04 19:00:00,19,3,12,5.827506388339526
2025-12-04 20:00:00,20,3,12,5.55448123979595
2025-12-04 21:00:00,21,3,12,4.915913784831696
2025-12-04 22:00:00,22,3,12,4.053981291740751
2025-12-04 23:00:00,23,3,12,0.42813583091535834
2025-12-05 00:00:00,0,4,12,0.34836378080579666
2025-12-05 01:00:00,1,4,12,0.4924069690982006
2025-12-05 02:00:00,2,4,12,0.6955673813521276
2025-12-05 03:00:00,3,4,12,1.1370624951267074
2025-12-05 04:00:00,4,4,12,1.0336741409693913
2025-12-05 05:00:00,5,4,12,1.8855903574673045
2025-12-05 06:00:00,6,4,12,4.018862031226429
2025-12-05 07:00:00,7,4,12,4.50421828469641
2025-12-05 08:00:00,8,4,12,5.3443287887222635
2025-12-05 09:00:00,9,4,12,4.777907306319852
2025-12-05 10:00:00,10,4,12,3.7281420030967687
2025-12-05 11:00:00,11,4,12,3.793448814286229
2025-12-05 12:00:00,12,4,12,3.8154942270457246
2025-12-05 13:00:00,13,4,12,4.354102528346385
2025-12-05 14:00:00,14,4,12,4.3004944012564055
2025-12-05 15:00:00,15,4,12,3.4204417872812867
2025-12-05 16:00:00,16,4,12,3.4877959382366517
2025-12-05 17:00:00,17,4,12,6.362484673033626
2025-12-05 18:00:00,18,4,12,5.779025868444748
2025-12-05 19:00:00,19,4,12,5.734008532915119
2025-12-05 20:00:00,20,4,12,5.224248239510328
2025-12-05 21:00:00,21,4,12,5.483024496142405
2025-12-05 22:00:00,22,4,12,3.827228173848264
2025-12-05 23:00:00,23,4,12,1.1519874984243832
2025-12-06 00:00:00,0,5,12,1.4877102559615212
2025-12-06 01:00:00,1,5,12,2.0416429821756177
2025-12-06 02:00:00,2,5,12,1.2042425045481797
2025-12-06 03:00:00,3,5,12,2.1394869784132964
2025-12-06 04:00:00,4,5,12,1.9873204556808424
2025-12-06 05:00:00,5,5,12,2.2563352535515944
2025-12-06 06:00:00,6,5,12,4.3331721509299435
2025-12-06 07:00:00,7,5,12,5.1139696215195976
2025-12-06 08:00:00,8,5,12,6.122028779770152
2025-12-06 09:00:00,9,5,12,6.039924526588208
2025-12-06 10:00:00,10,5,12,4.611732338929611
2025-12-06 11:00:00,11,5,12,5.264894834463168
2025-12-06 12:00:00,12,5,12,4.854390973362633
2025-12-06 13:00:00,13,5,12,4.576480171175064
2025-12-06 14:00:00,14,5,12,4.935789625506718
2025-12-06 15:00:00,15,5,12,4.381319647150941
2025-12-06 16:00:00,16,5,12,4.158891098460954
2025-12-06 17:00:00,17,5,12,6.442042880152406
2025-12-06 18:00:00,18,5,12,7.058731564087538
2025-12-06 19:00:00,19,5,12,6.145598969740224
2025-12-06 20:00:00,20,5,12,5.984610730672563
2025-12-06 21:00:00,21,5,12,5.135615228557344
2025-12-06 22:00:00,22,5,12,5.413718880106368
2025-12-06 23:00:00,23,5,12,1.6961853990693088
2025-12-07 00:00:00,0,6,12,1.7944277718856678
2025-12-07 01:00:00,1,6,12,2.1511304124956503
2025-12-07 02:00:00,2,6,12,2.167414985459409
2025-12-07 03:00:00,3,6,12,1.9921498653165657
2025-12-07 04:00:00,4,6,12,1.5320874151374915
2025-12-07 05:00:00,5,6,12,3.7471242280242567
2025-12-07 06:00:00,6,6,12,5.610115020455472
2025-12-07 07:00:00,7,6,12,5.589069929955319
2025-12-07 08:00:00,8,6,12,5.386947055017393
2025-12-07 09:00:00,9,6,12,6.004563135319214
2025-12-07 10:00:00,10,6,12,4.143291999869215
2025-12-07 11:00:00,11,6,12,5.104580481315213
2025-12-07 12:00:00,12,6,12,4.853889895774336
2025-12-07 13:00:00,13,6,12,4.486334456656067
2025-12-07 14:00:00,14,6,12,4.5605866997836895
2025-12-07 15:00:00,15,6,12,5.04751336270462
2025-12-07 16:00:00,16,6,12,5.000699310508013
2025-12-07 17:00:00,17,6,12,7.661332625394498
2025-12-07 18:00:00,18,6,12,6.991041393675372
2025-12-07 19:00:00,19,6,12,6.198950052478945
2025-12-07 20:00:00,20,6,12,4.61516590221457
2025-12-07 21:00:00,21,6,12,5.668864009523288
2025-12-07 22:00:00,22,6,12,5.238608324682539
2025-12-07 23:00:00,23,6,12,2.056954732851884
2025-12-08 00:00:00,0,0,12,1.0726701993796801
2025-12-08 01:00:00,1,0,12,0.46949513522033715
2025-12-08 02:00:00,2,0,12,1.2740746833068717
2025-12-08 03:00:00,3,0,12,1.4538484199360822
2025-12-08 04:00:00,4,0,12,1.7122753410440423
2025-12-08 05:00:00,5,0,12,2.1286308014293547
2025-12-08 06:00:00,6,0,12,4.353392090314868
2025-12-08 07:00:00,7,0,12,4.335988235384436
2025-12-08 08:00:00,8,0,12,4.859893828487346
2025-12-08 09:00:00,9,0,12,5.28644994690135
2025-12-08 10:00:00,10,0,12,3.603739951422469
2025-12-08 11:00:00,11,0,12,4.19832516806535
2025-12-08 12:00:00,12,0,12,4.206356240642599
2025-12-08 13:00:00,13,0,12,4.830937375827982
2025-12-08 14:00:00,14,0,12,4.831476331387472
2025-12-08 15:00:00,15,0,12,3.830897938722228
2025-12-08 16:00:00,16,0,12,2.0259979523960734
2025-12-08 17:00:00,17,0,12,6.744732986450907
2025-12-08 18:00:00,18,0,12,5.67207803205896
2025-12-08 19:00:00,19,0,12,5.179406431267597
2025-12-08 20:00:00,20,0,12,4.9523933223504715
2025-12-08 21:00:00,21,0,12,4.571342781274158
2025-12-08 22:00:00,22,0,12,4.684247752262336
2025-12-08 23:00:00,23,0,12,0.577187582672852
2025-12-09 00:00:00,0,1,12,0.6200229622497568
2025-12-09 01:00:00,1,1,12,1.1372634216789665
2025-12-09 02:00:00,2,1,12,1.3002888727317208
2025-12-09 03:00:00,3,1,12,1.457578552297747
2025-12-09 04:00:00,4,1,12,1.124525316646859
2025-12-09 05:00:00,5,1,12,1.358693740293504
2025-12-09 06:00:00,6,1,12,3.909117498831051
2025-12-09 07:00:00,7,1,12,4.59594910091389
2025-12-09 08:00:00,8,1,12,5.4824195153628015
2025-12-09 09:00:00,9,1,12,4.4310251256917
2025-12-09 10:00:00,10,1,12,3.4723686689964746
2025-12-09 11:00:00,11,1,12,3.2659667292665766
2025-12-09 12:00:00,12,1,12,3.2879916684922064
2025-12-09 13:00:00,13,1,12,4.386782658137927
2025-12-09 14:00:00,14,1,12,4.166738569233338
2025-12-09 15:00:00,15,1,12,3.9788115120555627
2025-12-09 16:00:00,16,1,12,3.9290705076722188
2025-12-09 17:00:00,17,1,12,6.058112441293545
2025-12-09 18:00:00,18,1,12,5.71517356112037
2025-12-09 19:00:00,19,1,12,6.37429224668903
2025-12-09 20:00:00,20,1,12,5.013143010642389
2025-12-09 21:00:00,21,1,12,5.044052845221636
2025-12-09 22:00:00,22,1,12,4.441892444605505
2025-12-09 23:00:00,23,1,12,0.46165848229197615
2025-12-10 00:00:00,0,2,12,0.2332596590458902
2025-12-10 01:00:00,1,2,12,0.7684063120240381
2025-12-10 02:00:00,2,2,12,1.4735517612343931
2025-12-10 03:00:00,3,2,12,1.5162785569777435
2025-12-10 04:00:00,4,2,12,1.804970693909792
2025-12-10 05:00:00,5,2,12,1.3551815284254738
2025-12-10 06:00:00,6,2,12,4.758120428395144
2025-12-10 07:00:00,7,2,12,4.114042679925446
2025-12-10 08:00:00,8,2,12,4.973358327121769
2025-12-10 09:00:00,9,2,12,5.245859084036906
2025-12-10 10:00:00,10,2,12,3.491110643653987
2025-12-10 11:00:00,11,2,12,4.334474960994901
2025-12-10 12:00:00,12,2,12,3.6668445313672184
2025-12-10 13:00:00,13,2,12,3.460157897715229
2025-12-10 14:00:00,14,2,12,3.95688693391617
2025-12-10 15:00:00,15,2,12,3.6391074119620472
2025-12-10 16:00:00,16,2,12,4.91161333941288
2025-12-10 17:00:00,17,2,12,6.52060299057599
2025-12-10 18:00:00,18,2,12,5.724492337566332
2025-12-10 19:00:00,19,2,12,5.077555372325166
2025-12-10 20:00:00,20,2,12,4.359656068118705
2025-12-10 21:00:00,21,2,12,4.339912365705027
2025-12-10 22:00:00,22,2,12,4.485316536923832
2025-12-10 23:00:00,23,2,12,1.7718933549612501
2025-12-11 00:00:00,0,3,12,1.499786917521565
2025-12-11 01:00:00,1,3,12,1.0916379326585517
2025-12-11 02:00:00,2,3,12,0.9218441942854037
2025-12-11 03:00:00,3,3,12,1.3084868368882037
2025-12-11 04:00:00,4,3,12,1.2318846292263481
2025-12-11 05:00:00,5,3,12,2.4373455983055505
2025-12-11 06:00:00,6,3,12,4.036095359836186
2025-12-11 07:00:00,7,3,12,4.465464856701309
2025-12-11 08:00:00,8,3,12,4.001899597645514
2025-12-11 09:00:00,9,3,12,5.171826061390894
2025-12-11 10:00:00,10,3,12,3.895253826965798
2025-12-11 11:00:00,11,3,12,3.3719490748612397
2025-12-11 12:00:00,12,3,12,3.6486006056364775
2025-12-11 13:00:00,13,3,12,4.317084407093466
2025-12-11 14:00:00,14,3,12,3.3582258500263813
2025-12-11 15:00:00,15,3,12,4.2221585086934255
2025-12-11 16:00:00,16,3,12,3.3478026157105805
2025-12-11 17:00:00,17,3,12,6.094572711803519
2025-12-11 18:00:00,18,3,12,5.438677205603544
2025-12-11 19:00:00,19,3,12,5.651218504171153
2025-12-11 20:00:00,20,3,12,6.095720226357971
2025-12-11 21:00:00,21,3,12,5.0625988957842525
2025-12-11 22:00:00,22,3,12,4.093625723443965
2025-12-11 23:00:00,23,3,12,1.6552101285199328
2025-12-12 00:00:00,0,4,12,0.9244394421926977
2025-12-12 01:00:00,1,4,12,1.5497939925710238
2025-12-12 02:00:00,2,4,12,1.3737818214321427
2025-12-12 03:00:00,3,4,12,0.1
2025-12-12 04:00:00,4,4,12,1.0377079750381677
2025-12-12 05:00:00,5,4,12,2.127754089134156
2025-12-12 06:00:00,6,4,12,4.172434341204226
2025-12-12 07:00:00,7,4,12,4.09049762091686
2025-12-12 08:00:00,8,4,12,4.634792761456256
2025-12-12 09:00:00,9,4,12,4.487505351964248
2025-12-12 10:00:00,10,4,12,3.525310856769263
2025-12-12 11:00:00,11,4,12,4.683313996082964
2025-12-12 12:00:00,12,4,12,4.270862095726533
2025-12-12 13:00:00,13,4,12,4.876166800475369
2025-12-12 14:00:00,14,4,12,4.301847575349594
2025-12-12 15:00:00,15,4,12,4.210029843017734
2025-12-12 16:00:00,16,4,12,4.350291646877831
2025-12-12 17:00:00,17,4,12,6.400905303736891
2025-12-12 18:00:00,18,4,12,5.81333763905103
2025-12-12 19:00:00,19,4,12,5.913063006648805
2025-12-12 20:00:00,20,4,12,5.693307527194972
2025-12-12 21:00:00,21,4,12,4.558014142915116
2025-12-12 22:00:00,22,4,12,4.150712195284167
2025-12-12 23:00:00,23,4,12,1.2565043072956943
2025-12-13 00:00:00,0,5,12,2.1837108073390623
2025-12-13 01:00:00,1,5,12,2.1192364194646247
2025-12-13 02:00:00,2,5,12,1.2814442204913579
2025-12-13 03:00:00,3,5,12,2.7656043211486705
2025-12-13 04:00:00,4,5,12,1.9828738564614388
2025-12-13 05:00:00,5,5,12,2.443974001244568
2025-12-13 06:00:00,6,5,12,4.55070968835109
2025-12-13 07:00:00,7,5,12,6.379331534374835
2025-12-13 08:00:00,8,5,12,5.785056835768969
2025-12-13 09:00:00,9,5,12,5.709609967727374
2025-12-13 10:00:00,10,5,12,4.7062295917648
2025-12-13 11:00:00,11,5,12,4.906692417400671
2025-12-13 12:00:00,12,5,12,4.673797930001649
2025-12-13 13:00:00,13,5,12,5.136242685113353
2025-12-13 14:00:00,14,5,12,4.418771955101256
2025-12-13 15:00:00,15,5,12,4.401870795696957
2025-12-13 16:00:00,16,5,12,3.5565735099533966
2025-12-13 17:00:00,17,5,12,6.5204195663121745
2025-12-13 18:00:00,18,5,12,7.411280889922056
2025-12-13 19:00:00,19,5,12,6.956571451088926
2025-12-13 20:00:00,20,5,12,5.938086891805804
2025-12-13 21:00:00,21,5,12,6.215172578875935
2025-12-13 22:00:00,22,5,12,5.175310033576857
2025-12-13 23:00:00,23,5,12,1.903597773296179
2025-12-14 00:00:00,0,6,12,1.87371551995262
2025-12-14 01:00:00,1,6,12,1.7500313618705738
2025-12-14 02:00:00,2,6,12,1.7650327311423253
2025-12-14 03:00:00,3,6,12,2.458321137183163
2025-12-14 04:00:00,4,6,12,2.29939408980266
2025-12-14 05:00:00,5,6,12,2.8349927057735216
2025-12-14 06:00:00,6,6,12,5.32432364245715
2025-12-14 07:00:00,7,6,12,5.4552743182618935
2025-12-14 08:00:00,8,6,12,5.300120037290486
2025-12-14 09:00:00,9,6,12,5.508853644414384
2025-12-14 10:00:00,10,6,12,4.420172425702744
2025-12-14 11:00:00,11,6,12,4.530535583746684
2025-12-14 12:00:00,12,6,12,4.7838453110016514
2025-12-14 13:00:00,13,6,12,4.793578384300566
2025-12-14 14:00:00,14,6,12,5.782318203500229
2025-12-14 15:00:00,15,6,12,4.066947603420123
2025-12-14 16:00:00,16,6,12,3.564681663851372
2025-12-14 17:00:00,17,6,12,7.182950733407844
2025-12-14 18:00:00,18,6,12,6.537659545818503
2025-12-14 19:00:00,19,6,12,6.42642714789198
2025-12-14 20:00:00,20,6,12,6.145324641259819
2025-12-14 21:00:00,21,6,12,6.063641878071559
2025-12-14 22:00:00,22,6,12,4.636449500066604
2025-12-14 23:00:00,23,6,12,1.778274735180477
2025-12-15 00:00:00,0,0,12,1.222615764118703
2025-12-15 01:00:00,1,0,12,1.3081854382748905
2025-12-15 02:00:00,2,0,12,1.9284910806817517
2025-12-15 03:00:00,3,0,12,1.5832434827688888
2025-12-15 04:00:00,4,0,12,1.4166243898656676
2025-12-15 05:00:00,5,0,12,1.3938256988229354
2025-12-15 06:00:00,6,0,12,3.886055491258611
2025-12-15 07:00:00,7,0,12,4.262918870817157
2025-12-15 08:00:00,8,0,12,5.150322019059286
2025-12-15 09:00:00,9,0,12,5.352798978234333
2025-12-15 10:00:00,10,0,12,3.0312003434429498
2025-12-15 11:00:00,11,0,12,3.624677518040485
2025-12-15 12:00:00,12,0,12,4.299907760814171
2025-12-15 13:00:00,13,0,12,4.140664941989623
2025-12-15 14:00:00,14,0,12,4.1763465858387105
2025-12-15 15:00:00,15,0,12,3.9522067896995634
2025-12-15 16:00:00,16,0,12,4.2112324656233655
2025-12-15 17:00:00,17,0,12,6.344417225529748
2025-12-15 18:00:00,18,0,12,5.7338194485055025
2025-12-15 19:00:00,19,0,12,5.1336979835465755
2025-12-15 20:00:00,20,0,12,5.211615215630103
2025-12-15 21:00:00,21,0,12,3.7737183940899666
2025-12-15 22:00:00,22,0,12,4.3656242274870944
2025-12-15 23:00:00,23,0,12,1.1186259503548046
2025-12-16 00:00:00,0,1,12,0.5053229191194851
2025-12-16 01:00:00,1,1,12,0.6286936645376016
2025-12-16 02:00:00,2,1,12,1.374974272625694
2025-12-16 03:00:00,3,1,12,1.293246593953327
2025-12-16 04:00:00,4,1,12,1.4800551617031097
2025-12-16 05:00:00,5,1,12,1.872539013572809
2025-12-16 06:00:00,6,1,12,4.148822467525788
2025-12-16 07:00:00,7,1,12,4.997145025143325
2025-12-16 08:00:00,8,1,12,4.937600240335241
2025-12-16 09:00:00,9,1,12,4.666714754472499
2025-12-16 10:00:00,10,1,12,4.212712157729586
2025-12-16 11:00:00,11,1,12,3.9471742126081963
2025-12-16 12:00:00,12,1,12,3.7131872471155756
2025-12-16 13:00:00,13,1,12,3.4986393126819926
2025-12-16 14:00:00,14,1,12,4.10725442781682
2025-12-16 15:00:00,15,1,12,3.752169303686908
2025-12-16 16:00:00,16,1,12,4.1903188861927845
2025-12-16 17:00:00,17,1,12,6.111637087733269
2025-12-16 18:00:00,18,1,12,5.553276251780795
2025-12-16 19:00:00,19,1,12,5.858318487294372
2025-12-16 20:00:00,20,1,12,5.481884189432951
2025-12-16 21:00:00,21,1,12,4.817460547044078
2025-12-16 22:00:00,22,1,12,4.709882647290143
2025-12-16 23:00:00,23,1,12,1.185887046026447
2025-12-17 00:00:00,0,2,12,1.1446573009700962
2025-12-17 01:00:00,1,2,12,1.4659963530255693
2025-12-17 02:00:00,2,2,12,1.3012385941749987
2025-12-17 03:00:00,3,2,12,1.1332521189902922
2025-12-17 04:00:00,4,2,12,1.9802848465906389
2025-12-17 05:00:00,5,2,12,0.8040578508833951
2025-12-17 06:00:00,6,2,12,4.932600756914993
2025-12-17 07:00:00,7,2,12,3.817616362043706
2025-12-17 08:00:00,8,2,12,4.6373914377448635
2025-12-17 09:00:00,9,2,12,5.233632985921973
2025-12-17 10:00:00,10,2,12,3.5020679034885567
2025-12-17 11:00:00,11,2,12,4.201602521687279
2025-12-17 12:00:00,12,2,12,3.5257540919895085
2025-12-17 13:00:00,13,2,12,4.104306726993225
2025-12-17 14:00:00,14,2,12,3.717603900145701
2025-12-17 15:00:00,15,2,12,3.917094497411625
2025-12-17 16:00:00,16,2,12,3.534751267860671
2025-12-17 17:00:00,17,2,12,6.287174261073191
2025-12-17 18:00:00,18,2,12,5.668258634668043
2025-12-17 19:00:00,19,2,12,5.295974419961567
2025-12-17 20:00:00,20,2,12,5.22668043795719
2025-12-17 21:00:00,21,2,12,5.127486202302418
2025-12-17 22:00:00,22,2,12,4.2000280945410395
2025-12-17 23:00:00,23,2,12,0.8534548764941783
2025-12-18 00:00:00,0,3,12,1.2964953268351322
2025-12-18 01:00:00,1,3,12,0.9869984427769243
2025-12-18 02:00:00,2,3,12,1.3833105141607782
2025-12-18 03:00:00,3,3,12,0.8386430089748829
2025-12-18 04:00:00,4,3,12,0.7275642580508062
2025-12-18 05:00:00,5,3,12,1.5367983672694663
2025-12-18 06:00:00,6,3,12,3.805230388640212
2025-12-18 07:00:00,7,3,12,4.46848463996788
2025-12-18 08:00:00,8,3,12,4.633490481945626
2025-12-18 09:00:00,9,3,12,5.546406780534579
2025-12-18 10:00:00,10,3,12,3.445400066810815
2025-12-18 11:00:00,11,3,12,3.8592279051862186
2025-12-18 12:00:00,12,3,12,4.01194256280998
2025-12-18 13:00:00,13,3,12,4.077982036964875
2025-12-18 14:00:00,14,3,12,3.939237095251613
2025-12-18 15:00:00,15,3,12,4.003278381840784
2025-12-18 16:00:00,16,3,12,3.2423981182494983
2025-12-18 17:00:00,17,3,12,6.809767170661553
2025-12-18 18:00:00,18,3,12,5.793613614306367
2025-12-18 19:00:00,19,3,12,4.975380344840527
2025-12-18 20:00:00,20,3,12,5.187000775142928
2025-12-18 21:00:00,21,3,12,4.409527807021006
2025-12-18 22:00:00,22,3,12,4.705473642023729
2025-12-18 23:00:00,23,3,12,2.0848041247402933
2025-12-19 00:00:00,0,4,12,0.7364824239432575
2025-12-19 01:00:00,1,4,12,1.132948933289594
2025-12-19 02:00:00,2,4,12,0.34890902508454635
2025-12-19 03:00:00,3,4,12,1.3825239860998808
2025-12-19 04:00:00,4,4,12,1.0850543083003026
2025-12-19 05:00:00,5,4,12,1.5000661526262071
2025-12-19 06:00:00,6,4,12,3.6712568364102873
2025-12-19 07:00:00,7,4,12,4.792860490421894
2025-12-19 08:00:00,8,4,12,5.291150310643086
2025-12-19 09:00:00,9,4,12,5.259354085863403
2025-12-19 10:00:00,10,4,12,3.2148894896455333
2025-12-19 11:00:00,11,4,12,4.4348473201182035
2025-12-19 12:00:00,12,4,12,3.64872468833174
2025-12-19 13:00:00,13,4,12,3.1351870800290245
2025-12-19 14:00:00,14,4,12,4.1322443434164295
2025-12-19 15:00:00,15,4,12,3.3571282362200514
2025-12-19 16:00:00,16,4,12,3.9561036891794914
2025-12-19 17:00:00,17,4,12,6.097544921330632
2025-12-19 18:00:00,18,4,12,6.12971386387146
2025-12-19 19:00:00,19,4,12,6.060600138620863
2025-12-19 20:00:00,20,4,12,4.62822788649793
2025-12-19 21:00:00,21,4,12,4.523625147643038
2025-12-19 22:00:00,22,4,12,4.409071399157353
2025-12-19 23:00:00,23,4,12,1.8159824219370797
2025-12-20 00:00:00,0,5,12,1.5877581733902193
2025-12-20 01:00:00,1,5,12,1.562198521620397
2025-12-20 02:00:00,2,5,12,2.042367490788721
2025-12-20 03:00:00,3,5,12,1.7700704040391133
2025-12-20 04:00:00,4,5,12,2.3003501813792253
2025-12-20 05:00:00,5,5,12,1.9293850316127492
2025-12-20 06:00:00,6,5,12,5.797503409368857
2025-12-20 07:00:00,7,5,12,4.760916307876238
2025-12-20 08:00:00,8,5,12,5.559527486057698
2025-12-20 09:00:00,9,5,12,6.0370075856631615
2025-12-20 10:00:00,10,5,12,5.1257354255225405
2025-12-20 11:00:00,11,5,12,4.069099793303562
2025-12-20 12:00:00,12,5,12,5.542370393625103
2025-12-20 13:00:00,13,5,12,5.102870728440809
2025-12-20 14:00:00,14,5,12,4.915726869202901
2025-12-20 15:00:00,15,5,12,4.205184630869476
2025-12-20 16:00:00,16,5,12,4.589116668595051
2025-12-20 17:00:00,17,5,12,6.76060535103208
2025-12-20 18:00:00,18,5,12,7.194893068933146
2025-12-20 19:00:00,19,5,12,5.911575188356906
2025-12-20 20:00:00,20,5,12,5.866508034563784
2025-12-20 21:00:00,21,5,12,5.327890764794732
2025-12-20 22:00:00,22,5,12,4.844330643249381
2025-12-20 23:00:00,23,5,12,2.297489821086508
2025-12-21 00:00:00,0,6,12,2.065294759530251
2025-12-21 01:00:00,1,6,12,2.2836040795603987
2025-12-21 02:00:00,2,6,12,1.1391612172831305
2025-12-21 03:00:00,3,6,12,2.4266301752597594
2025-12-21 04:00:00,4,6,12,3.2415193903629365
2025-12-21 05:00:00,5,6,12,2.369343564329221
2025-12-21 06:00:00,6,6,12,5.669830877189806
2025-12-21 07:00:00,7,6,12,5.194735491176069
2025-12-21 08:00:00,8,6,12,5.139264672629259
2025-12-21 09:00:00,9,6,12,5.9277470230372815
2025-12-21 10:00:00,10,6,12,4.779941758849932
2025-12-21 11:00:00,11,6,12,4.263767512744045
2025-12-21 12:00:00,12,6,12,4.508753275831007
2025-12-21 13:00:00,13,6,12,5.037415772917276
2025-12-21 14:00:00,14,6,12,4.750112786129032
2025-12-21 15:00:00,15,6,12,4.832887286671355
2025-12-21 16:00:00,16,6,12,4.455791988083156
2025-12-21 17:00:00,17,6,12,7.241850127820629
2025-12-21 18:00:00,18,6,12,6.515308093329965
2025-12-21 19:00:00,19,6,12,6.392692376812157
2025-12-21 20:00:00,20,6,12,5.540822230067845
2025-12-21 21:00:00,21,6,12,6.065373449001355
2025-12-21 22:00:00,22,6,12,4.9856299414932534
2025-12-21 23:00:00,23,6,12,2.452500889343098
2025-12-22 00:00:00,0,0,12,0.9576684761732513
2025-12-22 01:00:00,1,0,12,1.0807996043029284
2025-12-22 02:00:00,2,0,12,0.8531254402101172
2025-12-22 03:00:00,3,0,12,0.7945637218561303
2025-12-22 04:00:00,4,0,12,0.7414356731780579
2025-12-22 05:00:00,5,0,12,1.3278703365630162
2025-12-22 06:00:00,6,0,12,3.9822078910598497
2025-12-22 07:00:00,7,0,12,4.584751671531554
2025-12-22 08:00:00,8,0,12,5.292380292967087
2025-12-22 09:00:00,9,0,12,5.07169701608126
2025-12-22 10:00:00,10,0,12,3.2078758660729516
2025-12-22 11:00:00,11,0,12,3.221952191275573
2025-12-22 12:00:00,12,0,12,4.140914186595244
2025-12-22 13:00:00,13,0,12,4.553277806131737
2025-12-22 14:00:00,14,0,12,4.455420846616118
2025-12-22 15:00:00,15,0,12,4.083011204935553
2025-12-22 16:00:00,16,0,12,3.816077498686861
2025-12-22 17:00:00,17,0,12,6.929049511883736
2025-12-22 18:00:00,18,0,12,6.021061152220506
2025-12-22 19:00:00,19,0,12,5.758451870409669
2025-12-22 20:00:00,20,0,12,4.983457887605419
2025-12-22 21:00:00,21,0,12,4.205182651658097
2025-12-22 22:00:00,22,0,12,4.165800268020348
2025-12-22 23:00:00,23,0,12,1.1972982789094802
2025-12-23 00:00:00,0,1,12,1.0754254095669187
2025-12-23 01:00:00,1,1,12,1.7705143419421572
2025-12-23 02:00:00,2,1,12,1.083622127602825
2025-12-23 03:00:00,3,1,12,1.6724992719335994
2025-12-23 04:00:00,4,1,12,1.2653089315896522
2025-12-23 05:00:00,5,1,12,1.6253296456939064
2025-12-23 06:00:00,6,1,12,3.580168377456839
2025-12-23 07:00:00,7,1,12,4.203068794849371
2025-12-23 08:00:00,8,1,12,5.099021124199282
2025-12-23 09:00:00,9,1,12,5.253024072157653
2025-12-23 10:00:00,10,1,12,3.9378356197387148
2025-12-23 11:00:00,11,1,12,3.871539685014678
2025-12-23 12:00:00,12,1,12,3.807907246778506
2025-12-23 13:00:00,13,1,12,4.859318745514784
2025-12-23 14:00:00,14,1,12,3.9113273119483836
2025-12-23 15:00:00,15,1,12,4.264238493558779
2025-12-23 16:00:00,16,1,12,3.40017648916195
2025-12-23 17:00:00,17,1,12,6.533839791753427
2025-12-23 18:00:00,18,1,12,6.259434831314456
2025-12-23 19:00:00,19,1,12,5.583396788230233
2025-12-23 20:00:00,20,1,12,4.169978263267577
2025-12-23 21:00:00,21,1,12,4.757300984342445
2025-12-23 22:00:00,22,1,12,4.931523847324169
2025-12-23 23:00:00,23,1,12,1.4119542275344343
2025-12-24 00:00:00,0,2,12,1.229446810658096
2025-12-24 01:00:00,1,2,12,0.31109722641699233
2025-12-24 02:00:00,2,2,12,0.7629292322963739
2025-12-24 03:00:00,3,2,12,1.3655049467839175
2025-12-24 04:00:00,4,2,12,1.6034931389349354
2025-12-24 05:00:00,5,2,12,2.235866712053161
2025-12-24 06:00:00,6,2,12,4.053824730287781
2025-12-24 07:00:00,7,2,12,4.6623296346695255
2025-12-24 08:00:00,8,2,12,4.894778264426299
2025-12-24 09:00:00,9,2,12,4.855222905399377
2025-12-24 10:00:00,10,2,12,2.6583436393419224
2025-12-24 11:00:00,11,2,12,3.9714419825286886
2025-12-24 12:00:00,12,2,12,4.0184676227987275
2025-12-24 13:00:00,13,2,12,3.7527299831599326
2025-12-24 14:00:00,14,2,12,3.3012195168272567
2025-12-24 15:00:00,15,2,12,4.050933911440153
2025-12-24 16:00:00,16,2,12,3.4542921421016004
2025-12-24 17:00:00,17,2,12,6.472749888947258
2025-12-24 18:00:00,18,2,12,6.633847979818485
2025-12-24 19:00:00,19,2,12,4.643427647872118
2025-12-24 20:00:00,20,2,12,4.831931108865273
2025-12-24 21:00:00,21,2,12,4.666249754675235
2025-12-24 22:00:00,22,2,12,5.021270297878839
2025-12-24 23:00:00,23,2,12,0.5464006866407483
2025-12-25 00:00:00,0,3,12,1.8254556708386394
2025-12-25 01:00:00,1,3,12,1.054342360626516
2025-12-25 02:00:00,2,3,12,1.0127109958728542
2025-12-25 03:00:00,3,3,12,1.1217379890357795
2025-12-25 04:00:00,4,3,12,1.264834615348167
2025-12-25 05:00:00,5,3,12,2.169246703707662
2025-12-25 06:00:00,6,3,12,3.6843631307132427
2025-12-25 07:00:00,7,3,12,4.638165672657541
2025-12-25 08:00:00,8,3,12,4.7345559013709915
2025-12-25 09:00:00,9,3,12,4.945146620594361
2025-12-25 10:00:00,10,3,12,4.59505024205338
2025-12-25 11:00:00,11,3,12,3.966658399578042
2025-12-25 12:00:00,12,3,12,4.19419495729806
2025-12-25 13:00:00,13,3,12,4.455110712267465
2025-12-25 14:00:00,14,3,12,3.3803487613061836
2025-12-25 15:00:00,15,3,12,4.499954869325471
2025-12-25 16:00:00,16,3,12,2.557077300381791
2025-12-25 17:00:00,17,3,12,5.942493435984591
2025-12-25 18:00:00,18,3,12,5.7046158983822215
2025-12-25 19:00:00,19,3,12,5.732689345988202
2025-12-25 20:00:00,20,3,12,5.199258738802814
2025-12-25 21:00:00,21,3,12,4.683274103720643
2025-12-25 22:00:00,22,3,12,4.43454089036909
2025-12-25 23:00:00,23,3,12,0.8097526849143148
2025-12-26 00:00:00,0,4,12,0.4522183027727281
2025-12-26 01:00:00,1,4,12,1.290604648934424
2025-12-26 02:00:00,2,4,12,1.3285937055808716
2025-12-26 03:00:00,3,4,12,1.8347596443861653
2025-12-26 04:00:00,4,4,12,1.1233329894940953
2025-12-26 05:00:00,5,4,12,2.027126084120369
2025-12-26 06:00:00,6,4,12,3.9982887410003256
2025-12-26 07:00:00,7,4,12,4.976189994077393
2025-12-26 08:00:00,8,4,12,5.2970136783250386
2025-12-26 09:00:00,9,4,12,5.334483759689783
2025-12-26 10:00:00,10,4,12,3.4248481091134266
2025-12-26 11:00:00,11,4,12,4.183410977119962
2025-12-26 12:00:00,12,4,12,4.207650548736229
2025-12-26 13:00:00,13,4,12,3.726223839165527
2025-12-26 14:00:00,14,4,12,3.41776927004183
2025-12-26 15:00:00,15,4,12,3.6836249454039396
2025-12-26 16:00:00,16,4,12,4.166825697919105
2025-12-26 17:00:00,17,4,12,6.708594863493215
2025-12-26 18:00:00,18,4,12,5.44329757978555
2025-12-26 19:00:00,19,4,12,5.032897033640031
2025-12-26 20:00:00,20,4,12,5.621644972218013
2025-12-26 21:00:00,21,4,12,4.295745638096868
2025-12-26 22:00:00,22,4,12,4.643057957676982
2025-12-26 23:00:00,23,4,12,0.9545334081888127
2025-12-27 00:00:00,0,5,12,2.4979292303750706
2025-12-27 01:00:00,1,5,12,1.4918300803448485
2025-12-27 02:00:00,2,5,12,2.3084558726487288
2025-12-27 03:00:00,3,5,12,2.0749053559474877
2025-12-27 04:00:00,4,5,12,2.3402177699138935
2025-12-27 05:00:00,5,5,12,1.7618765674594394
2025-12-27 06:00:00,6,5,12,4.03060609106393
2025-12-27 07:00:00,7,5,12,5.211773623893074
2025-12-27 08:00:00,8,5,12,5.786990993020426
2025-12-27 09:00:00,9,5,12,5.599920868904911
2025-12-27 10:00:00,10,5,12,3.9251828075892847
2025-12-27 11:00:00,11,5,12,4.8236271576071115
2025-12-27 12:00:00,12,5,12,4.974030531616455
2025-12-27 13:00:00,13,5,12,4.744903575844829
2025-12-27 14:00:00,14,5,12,5.060969427908033
2025-12-27 15:00:00,15,5,12,4.1293571873885995
2025-12-27 16:00:00,16,5,12,4.218286204945033
2025-12-27 17:00:00,17,5,12,7.7091510423134695
2025-12-27 18:00:00,18,5,12,6.715557419629708
2025-12-27 19:00:00,19,5,12,6.3505250058347995
2025-12-27 20:00:00,20,5,12,6.834150066733314
2025-12-27 21:00:00,21,5,12,4.990263133660491
2025-12-27 22:00:00,22,5,12,5.557911974877023
2025-12-27 23:00:00,23,5,12,2.666556406246582
2025-12-28 00:00:00,0,6,12,1.721168089966979
2025-12-28 01:00:00,1,6,12,2.1438523147419386
2025-12-28 02:00:00,2,6,12,1.4583034616820356
2025-12-28 03:00:00,3,6,12,1.7262689360964012
2025-12-28 04:00:00,4,6,12,2.3933263946392325
2025-12-28 05:00:00,5,6,12,2.869426669244236
2025-12-28 06:00:00,6,6,12,5.360146037308716
2025-12-28 07:00:00,7,6,12,5.927851434775797
2025-12-28 08:00:00,8,6,12,5.661249944231709
2025-12-28 09:00:00,9,6,12,6.527444702069035
2025-12-28 10:00:00,10,6,12,4.223738234400162
2025-12-28 11:00:00,11,6,12,4.959874630311965
2025-12-28 12:00:00,12,6,12,4.831884258574475
2025-12-28 13:00:00,13,6,12,4.978271162832769
2025-12-28 14:00:00,14,6,12,4.918291889042417
2025-12-28 15:00:00,15,6,12,3.957156101757533
2025-12-28 16:00:00,16,6,12,3.911011428235512
2025-12-28 17:00:00,17,6,12,7.091016575927009
2025-12-28 18:00:00,18,6,12,6.013316935797314
2025-12-28 19:00:00,19,6,12,6.632484441279902
2025-12-28 20:00:00,20,6,12,6.260393818861475
2025-12-28 21:00:00,21,6,12,5.680868221151116
2025-12-28 22:00:00,22,6,12,4.79088622311701
2025-12-28 23:00:00,23,6,12,2.553017469870748
2025-12-29 00:00:00,0,0,12,1.8659955164537405
2025-12-29 01:00:00,1,0,12,1.0588307309783895
2025-12-29 02:00:00,2,0,12,1.255325411946892
2025-12-29 03:00:00,3,0,12,1.2816573562417595
2025-12-29 04:00:00,4,0,12,1.6514875038196983
2025-12-29 05:00:00,5,0,12,1.7021764973494415
2025-12-29 06:00:00,6,0,12,4.097945736408697
2025-12-29 07:00:00,7,0,12,4.862287040198947
2025-12-29 08:00:00,8,0,12,5.826478232412358
2025-12-29 09:00:00,9,0,12,4.689971506239305
2025-12-29 10:00:00,10,0,12,3.519135178018635
2025-12-29 11:00:00,11,0,12,3.326853911583825
2025-12-29 12:00:00,12,0,12,4.585698698864036
2025-12-29 13:00:00,13,0,12,3.7649048122720408
2025-12-29 14:00:00,14,0,12,3.371608421919285
2025-12-29 15:00:00,15,0,12,4.054312905216087
2025-12-29 16:00:00,16,0,12,4.258384617677066
2025-12-29 17:00:00,17,0,12,6.515439147424305
2025-12-29 18:00:00,18,0,12,5.970147718566548
2025-12-29 19:00:00,19,0,12,5.663656369110398
2025-12-29 20:00:00,20,0,12,5.67770769747644
2025-12-29 21:00:00,21,0,12,4.4003202919943405
2025-12-29 22:00:00,22,0,12,4.394600986585654
2025-12-29 23:00:00,23,0,12,1.0198858349195288
2025-12-30 00:00:00,0,1,12,0.5839651376497134
2025-12-30 01:00:00,1,1,12,0.868649896233279
2025-12-30 02:00:00,2,1,12,1.4941996989593769
2025-12-30 03:00:00,3,1,12,1.427602753680432
2025-12-30 04:00:00,4,1,12,1.6970640282634588
2025-12-30 05:00:00,5,1,12,1.8085902446613273
2025-12-30 06:00:00,6,1,12,4.321100945437654
2025-12-30 07:00:00,7,1,12,4.179763863060757
2025-12-30 08:00:00,8,1,12,4.76442461328289
2025-12-30 09:00:00,9,1,12,5.326801694787471
2025-12-30 10:00:00,10,1,12,3.6716665153325776
2025-12-30 11:00:00,11,1,12,3.927113247645407
2025-12-30 12:00:00,12,1,12,3.8935546266270515
2025-12-30 13:00:00,13,1,12,3.849030639547868
2025-12-30 14:00:00,14,1,12,5.211997252651322
2025-12-30 15:00:00,15,1,12,4.161753014849618
2025-12-30 16:00:00,16,1,12,3.7259191621608703
2025-12-30 17:00:00,17,1,12,6.156716600717442
2025-12-30 18:00:00,18,1,12,5.7077410368762305
2025-12-30 19:00:00,19,1,12,5.4476797625092175
2025-12-30 20:00:00,20,1,12,5.228902969780892
2025-12-30 21:00:00,21,1,12,3.9978257823747674
2025-12-30 22:00:00,22,1,12,3.8115839900703055
2025-12-30 23:00:00,23,1,12,0.9462089387477592
2025-12-31 00:00:00,0,2,12,1.1339670352778248
2025-12-31 01:00:00,1,2,12,0.9042907411392594
2025-12-31 02:00:00,2,2,12,1.6423597510061914
2025-12-31 03:00:00,3,2,12,0.6080031795250345
2025-12-31 04:00:00,4,2,12,1.1388016403788304
2025-12-31 05:00:00,5,2,12,2.3580366963964403
2025-12-31 06:00:00,6,2,12,4.164219162216277
2025-12-31 07:00:00,7,2,12,4.853937033120463
2025-12-31 08:00:00,8,2,12,5.7087273449615665
2025-12-31 09:00:00,9,2,12,4.972478232839271
2025-12-31 10:00:00,10,2,12,3.5209344366630084
2025-12-31 11:00:00,11,2,12,3.6900673453043096
2025-12-31 12:00:00,12,2,12,3.167051537640292
2025-12-31 13:00:00,13,2,12,3.8758412784976124
2025-12-31 14:00:00,14,2,12,4.301313614385869
2025-12-31 15:00:00,15,2,12,4.015273922401555
2025-12-31 16:00:00,16,2,12,3.8082934395350256
2025-12-31 17:00:00,17,2,12,6.099796407744201
2025-12-31 18:00:00,18,2,12,5.625789673251525
2025-12-31 19:00:00,19,2,12,6.007702268759449
2025-12-31 20:00:00,20,2,12,4.9128445738031505
2025-12-31 21:00:00,21,2,12,4.867632815517285
2025-12-31 22:00:00,22,2,12,4.504673700491194
2025-12-31 23:00:00,23,2,12,1.7856487008261896
